split_group_maintenance_plan,split_group_task_signature,responsible_work_center,technical_location_area,has_equipment,task_description_text,frequency_hint,target_strategy
6017359,1be72a33d5acbc62,.FREI056,8160-420,0,wöchentl. TPM Wartungsplan AWP,unknown,UBK_W1
6017930,5df4a5e810de43b4,.FREI056,8160-430,0,wöchentlicher TPM - Wartungsplan SLP-AWP,week,UBK_W1
6036142,03294c6d60310601,.FREI097,8160-231,1,Maximator: Wartungsplan 3/52W | DSM L1 Auswahlprüfstand 3,week,UBK_W1
6024321,4f61513689d169bf,.FREI110,8160-110,0,Wartungsplan 1102,unknown,UBK_W1
6024710,86e0dc2cdeac9a72,.FREI113,8160-120,0,Wartungsplan 1 Nohl Linie 1201,unknown,UBK_W1
6024722,7628ddfc05632f9e,.FREI113,8160-120,0,Wartungsplan 2 Nohl Linie 1201,unknown,UBK_W1
6024730,8ba049339780f3d5,.FREI113,8160-120,0,Wartungsplan 3 Nohl Linie 1201,unknown,UBK_W1
6024738,e71b336e836c12d4,.FREI113,8160-120,0,Wartungsplan 4 Nohl Linie 1201,unknown,UBK_W1
6024746,041b429aa886e5b8,.FREI113,8160-120,0,Wartungsplan 5 Nohl Linie 1201,unknown,UBK_W1
6024754,0f0593a1695a3746,.FREI113,8160-120,0,Wartungsplan 6 Nohl Linie 1201,unknown,UBK_W1
6024695,3d4ccfba45c91451,.FREI114,8160-110,0,Wartungsplan 1 Nohl Linie 1202,unknown,UBK_W1
6024723,8bf5315f6712e768,.FREI114,8160-110,0,Wartungsplan 2 Nohl Linie 1202,unknown,UBK_W1
6024731,658a547509ce144b,.FREI114,8160-110,0,Wartungsplan 3 Nohl Linie 1202,unknown,UBK_W1
6024739,1ba1e4a1785847bf,.FREI114,8160-110,0,Wartungsplan 4 Nohl Linie 1202,unknown,UBK_W1
6024747,ab3cca4f084883f5,.FREI114,8160-110,0,Wartungsplan 5 Nohl Linie 1202,unknown,UBK_W1
6024755,d0bd9b7e581235f8,.FREI114,8160-110,0,Wartungsplan 6 Nohl Linie 1202,unknown,UBK_W1
6024696,0f060f6c9e1d9af1,.FREI115,8160-110,0,Wartungsplan 1 Nohl Linie 1203,unknown,UBK_W1
6024724,ec7b2c02b7bc652f,.FREI115,8160-110,0,Wartungsplan 2 Nohl Linie 1203,unknown,UBK_W1
6024732,e95be912ff605b83,.FREI115,8160-110,0,Wartungsplan 3 Nohl Linie 1203,unknown,UBK_W1
6024740,e0222a3f045d5e69,.FREI115,8160-110,0,Wartungsplan 4 Nohl Linie 1203,unknown,UBK_W1
6024748,11138fd8650e76a1,.FREI115,8160-110,0,Wartungsplan 5 Nohl Linie 1203,unknown,UBK_W1
6024756,217284c08b93eea4,.FREI115,8160-110,0,Wartungsplan 6 Nohl Linie 1203,unknown,UBK_W1
6024697,694c2134f74c2091,.FREI116,8160-110,0,Wartungsplan 1 Nohl Linie 1204,unknown,UBK_W1
6024725,b4bc6de284ae5156,.FREI116,8160-110,0,Wartungsplan 2 Nohl Linie 1204,unknown,UBK_W1
6024733,0ce445d49c3f6c1e,.FREI116,8160-110,0,Wartungsplan 3 Nohl Linie 1204,unknown,UBK_W1
6024741,c175045b82dfb67a,.FREI116,8160-110,0,Wartungsplan 4 Nohl Linie 1204,unknown,UBK_W1
6024749,867b97737c00a0ee,.FREI116,8160-110,0,Wartungsplan 5 Nohl Linie 1204,unknown,UBK_W1
6024757,8b2c8ba780ef3fa1,.FREI116,8160-110,0,Wartungsplan 6 Nohl Linie 1204,unknown,UBK_W1
6024698,460ed609cc7a7a32,.FREI117,8160-110,0,Wartungsplan 1 Nohl Linie 1205,unknown,UBK_W1
6024726,ebcd6dd8c47fc7bd,.FREI117,8160-110,0,Wartungsplan 2 Nohl Linie 1205,unknown,UBK_W1
6024734,84512d642aad22b9,.FREI117,8160-110,0,Wartungsplan 3 Nohl Linie 1205,unknown,UBK_W1
6024742,093a4986e624113a,.FREI117,8160-110,0,Wartungsplan 4 Nohl Linie 1205,unknown,UBK_W1
6024750,2dfcc1574c404ca1,.FREI117,8160-110,0,Wartungsplan 5 Nohl Linie 1205,unknown,UBK_W1
6024758,ffaf0639e13e5127,.FREI117,8160-110,0,Wartungsplan 6 Nohl Linie 1205,unknown,UBK_W1
6024699,bff1d46ae85707b9,.FREI118,8160-110,0,Wartungsplan 1 Nohl Linie 1206,unknown,UBK_W1
6024727,2da4b387b85dbb13,.FREI118,8160-110,0,Wartungsplan 2 Nohl Linie 1206,unknown,UBK_W1
6024735,32a3c10727da209a,.FREI118,8160-110,0,Wartungsplan 3 Nohl Linie 1206,unknown,UBK_W1
6024743,dec9830df0ef7d04,.FREI118,8160-110,0,Wartungsplan 4 Nohl Linie 1206,unknown,UBK_W1
6024751,f362f7f26dafb460,.FREI118,8160-110,0,Wartungsplan 5 Nohl Linie 1206,unknown,UBK_W1
6024759,cca11986688e705a,.FREI118,8160-110,0,Wartungsplan 6 Nohl Linie 1206,unknown,UBK_W1
6024720,16996b504272cf8b,.FREI119,8160-110,0,Wartungsplan 1 Nohl Linie 1207,unknown,UBK_W1
6024728,1a2aacd343c9d7d5,.FREI119,8160-110,0,Wartungsplan 2 Nohl Linie 1207,unknown,UBK_W1
6024736,da1fc6a0025e51cb,.FREI119,8160-110,0,Wartungsplan 3 Nohl Linie 1207,unknown,UBK_W1
6024744,ec6131fe9c2e9ecd,.FREI119,8160-110,0,Wartungsplan 4 Nohl Linie 1207,unknown,UBK_W1
6024752,e6862b45c0480409,.FREI119,8160-110,0,Wartungsplan 5 Nohl Linie 1207,unknown,UBK_W1
6024760,e9e13bedee48c7a4,.FREI119,8160-110,0,Wartungsplan 6 Nohl Linie 1207,unknown,UBK_W1
6024721,5716027650a9293f,.FREI120,8160-110,0,Wartungsplan 1 Nohl Linie 1208,unknown,UBK_W1
6024729,4ed05fdab0fe7d3b,.FREI120,8160-110,0,Wartungsplan 2 Nohl Linie 1208,unknown,UBK_W1
6024737,62123cd5e74afaa6,.FREI120,8160-110,0,Wartungsplan 3 Nohl Linie 1208,unknown,UBK_W1
6024745,2d03d49537c60d3d,.FREI120,8160-110,0,Wartungsplan 4 Nohl Linie 1208,unknown,UBK_W1
6024753,ce7870e16141da47,.FREI120,8160-110,0,Wartungsplan 5 Nohl Linie 1208,unknown,UBK_W1
6024761,fe2a2534e2ad356e,.FREI120,8160-110,0,Wartungsplan 6 Nohl Linie 1208,unknown,UBK_W1
6033031,b803f505547e094c,.FREI122,8160-110,0,kleiner TPM - Wartungsplan 1210 2/4W,week,UBK_W1
6033032,e54562a78514cbe3,.FREI123,8160-110,0,kleiner TPM - Wartungsplan 1211 2/4W,week,UBK_W1
6025247,6522bb330f5cde48,.FREI124,8160-110,0,großer TPM Wartungsplan 1212_1,unknown,UBK_W1
6025248,30bb23b2bc6af677,.FREI124,8160-110,0,großer TPM Wartungsplan 1212_2,unknown,UBK_W1
6028557,53190edb5ef9e5bf,.FREI125,8160-110,0,kleiner TPM - Wartungsplan 1213,unknown,UBK_W1
6028568,9023fe3174add64d,.FREI125,8160-110,0,großer TPM Wartungsplan 1213_2,unknown,UBK_W1
6028609,d50430e2d0ee3276,.FREI126,8160-110,0,kleiner TPM - Wartungsplan 1214,unknown,UBK_W1
6028619,69050fbbf6a150d3,.FREI126,8160-110,0,großer TPM Wartungsplan 1214_1,unknown,UBK_W1
6028620,e12c7e5f0f3f29ea,.FREI126,8160-110,0,großer TPM Wartungsplan 1214_2,unknown,UBK_W1
6032805,724a93c3fd999e3c,.FREI127,8160-110,0,kleiner TPM - Wartungsplan 1215,unknown,UBK_W1
6032810,9fc418a4a0c80ffa,.FREI127,8160-110,0,großer TPM Wartungsplan 1215_2,unknown,UBK_W1
6023813,5c902622874b003a,.FREI128,8160-110,0,wöchentlicher TPM Wartungsplan 1301H,week,UBK_W1
6024322,d50b5e34624bc644,.FREI128,8160-110,0,wöchentlicher Wartungsplan DF4,week,UBK_W1
6025246,0f9cb4c195e49798,.FREI128,8160-110,0,wöchentlicher TPM Wartungsplan 1301A,week,UBK_W1
6034120,b8d4879391bb52be,.FREI129,8160-110,0,Teile sammeln zur Wkz.-wartung 1302,unknown,UBK_W1
6013678,298c38533798cd30,.FREI133,8160-250,0,wöchtl.TPM Wartungsplan Druckaufnehmerl1,unknown,UBK_W1
6023918,298c38533798cd30,.FREI133,8160-250,0,wöchtl.TPM Wartungsplan Druckaufnehmerl1,unknown,UBK_W1
6023919,298c38533798cd30,.FREI133,8160-250,0,wöchtl.TPM Wartungsplan Druckaufnehmerl1,unknown,UBK_W1
6013879,c58307e7d69fb9a9,.FREI134,8160-250,0,wöchtl.TPM Wartungsplan Druckaufnehmerl2,unknown,UBK_W1
6024186,c58307e7d69fb9a9,.FREI134,8160-250,0,wöchtl.TPM Wartungsplan Druckaufnehmerl2,unknown,UBK_W1
6018714,3a49597c41531993,.FREI135,8160-210,0,DS2 wöchentlicher TPM Wartungsplan,week,UBK_W1
6028130,0a9f519b8c78a608,.FREI137,8160-340,0,wöchtl. TPM-Wartungsplan DS-S2 K inak,unknown,UBK_W1
6013743,5668583da2419a75,.FREI138,8160-320,0,wöchtl.TPM Wartungsplan HFM5 Linie 2,unknown,UBK_W1
6013745,678a06a04972bb82,.FREI138,8160-320,0,wöchtl.TPM Wartungsplan HFM5 Linie 4,unknown,UBK_W1
6019450,acd166d9a95a0ec6,.FREI138,8160-320,0,wöchentlicher Wartungsplan HFM5 Kompl1,week,UBK_W1
6019451,a1e2684fcff0f5a5,.FREI138,8160-320,0,wöchtl. Wartungsplan HFM5 Kompl2,unknown,UBK_W1
6015265,0b380155dc89182e,.FREI140,8160-260,0,wöchentlicher Wartungsplan Hybridlinie 1,week,UBK_W1
6013830,5187e026f3c5023f,.FREI141,8160-260,0,wöchentlicher Wartungsplan Hybridlinie 2,week,UBK_W1
6017480,ac465435bc2672d9,.FREI141,8160-260,0,wöchentlicher WP Hybrid 2 (Bestücker 2),week,UBK_W1
6013679,2b286b0ab56b9000,.FREI146,8160-230,0,wöchtl.TPM Wartungsplan RDS3-Endmontage,unknown,UBK_W1
6023760,2b286b0ab56b9000,.FREI146,8160-230,0,wöchtl.TPM Wartungsplan RDS3-Endmontage,unknown,UBK_W1
6023761,2b286b0ab56b9000,.FREI146,8160-230,0,wöchtl.TPM Wartungsplan RDS3-Endmontage,unknown,UBK_W1
6026478,095c882465f6ed6d,.FREI155,8160-001,1,Austausch Pufferbatterie 2J (SGM) | 1302 SPRITZMASCHINE 270 M350-90,year,UBK_W1
6026482,e264c24d579cdcaa,.FREI155,8160-001,1,Austausch Pufferbatterie 2J (SGM) | DF4 SPRITZMASCHINE M12 270M500-90,year,UBK_W1
6026450,b827e31a4eb52adc,.FREI155,8160-001,1,Austausch Pufferbatterie 2J (SGM) | 1104 SPRITZMASCHINE M21,year,UBK_W1
6026484,915c787f215aa67d,.FREI155,8160-001,1,Austausch Pufferbatterie 2J (SGM) | DF4 SPRITZMASCHINE M31 UMSPRITZEN,year,UBK_W1
6024161,ca5a57b410cbff05,.FREI155,8160-001,1,Austausch Pufferbatterie 2J (SGM) | 1203 SPRITZMASCHINE M36 1200TS 400-150,year,UBK_W1
6024160,9ad7116b0008d907,.FREI155,8160-001,1,Austausch Pufferbatterie 2J (SGM) | 1202-ARBURG M40 UMSPRITZEN,year,UBK_W1
6024164,7eb3819375436d11,.FREI155,8160-001,1,Austausch Pufferbatterie 2J (SGM) | 1204 SPRITZMASCHINE M59 1200T 400-150,multiple,UBK_W1
6026472,46b8fa0db017587f,.FREI155,8160-002,1,Austausch Pufferbatterie 2J (SGM) | SGM68 1200T400-150,year,UBK_W1
6024163,1c73c3a69456b0b7,.FREI155,8160-004,1,Austausch Pufferbatterie 2J (SGM) | 1203K SGM44,year,UBK_W1
6026459,62f6a15747f5c33d,.FREI155,8160-004,1,Austausch Pufferbatterie 2J (SGM) | 1103K SPRITZMASCHINE M52,year,UBK_W1
6026451,4e445bed97b6e431,.FREI155,8160-110,1,Austausch Pufferbatterie 2J (SGM) | 1104 SPRITZMASCHINE M22 1200T400-210,year,UBK_W1
6026454,1d7b4b816a07fc92,.FREI155,8160-110,1,Austausch Pufferbatterie 2J (SGM) | 1104 SPRITZMASCHINE M37 UMSPRITZ.,year,UBK_W1
6026455,24a2dd6486ce7581,.FREI155,8160-110,1,Austausch Pufferbatterie 2J (SGM) | 1104 SPRITZMASCHINE M45 SPK SPRITZEN,year,UBK_W1
6024162,c561782cf7090fe7,.FREI155,8160-110,1,Austausch Pufferbatterie 2J (SGM) | 1203 St. 8 UMSPRITZEN M23 1200T 400-150,multiple,UBK_W1
6024180,00466cc817d2deee,.FREI155,8160-110,1,Austausch Pufferbatterie 2J (SGM) | 1205 SPRITZMASCHINE M49 1200T 400-150,multiple,UBK_W1
6024181,e5234e7b82da0e5a,.FREI155,8160-110,1,Austausch Pufferbatterie 2J (SGM) | 1205 SPRITZMASCHINE M55 1200T 400-150,multiple,UBK_W1
6055036,1d0b892b1533bc38,.FREI155,8160-110,1,Elektrik: Batteriewechsel 2J | 1207 A207 St.28 Prüfstation,year,UBK_W1
6024184,5d54539e6b8a06d6,.FREI155,8160-110,1,Austausch Pufferbatterie 2J (SGM) | 1208 SPRITZMASCHINE M63 1200T400-150,year,UBK_W1
6024185,df3539d2b826bb2d,.FREI155,8160-110,1,Austausch Pufferbatterie 2J (SGM) | 1208 SPRITZMASCHINE M66 1200T400-150,year,UBK_W1
6026456,ae01d49c6462b1fa,.FREI155,8160-110,1,Austausch Pufferbatterie 2J (SGM) | 1209 SPRITZMASCHINE M51 1200T400-150,year,UBK_W1
6026457,9801c010034123e7,.FREI155,8160-110,1,Austausch Pufferbatterie 2J (SGM) | 1209 SPRITZMASCHINE M64 1200T400-150,year,UBK_W1
6055038,88074b6a2d2b3853,.FREI155,8160-110,1,Elektrik: Batteriewechsel 2J(Bedienfeld) | 1209 MONTAGEEINRICHTUNG CRIMP DF 11/L6,year,UBK_W1
6026458,13eec7aedb99d2ed,.FREI155,8160-110,1,Austausch Pufferbatterie 2J (SGM) | 1209 SPRITZMASCHINE M61 IN LINIE AWM,year,UBK_W1
6026470,7e56b2ff042fb0f2,.FREI155,8160-110,1,Austausch Pufferbatterie 2J (SGM) | 1210 SPRITZMASCHINE M69 C-BÜGEL,year,UBK_W1
6026471,a9637f7e555dee39,.FREI155,8160-110,1,Austausch Pufferbatterie 2J (SGM) | 1210 SPRITZMASCHINE M75 Umspritzen AP,year,UBK_W1
6026474,1193b040aadbf9b4,.FREI155,8160-110,1,Austausch Pufferbatterie 2J (SGM) | 1212 SGM M79 Halter spritzen,year,UBK_W1
6026475,d8b0ae7b2c9b4199,.FREI155,8160-110,1,Austausch Pufferbatterie 2J (SGM) | 1212 SGM M80 Umspritzen 2 3.19,year,UBK_W1
6026476,8fccf431be51db72,.FREI155,8160-110,1,Austausch Pufferbatterie 2J (SGM) | 1212 SGM M81 Umspritzen 1 3.18,year,UBK_W1
6026477,96dc4dd83ea6096e,.FREI155,8160-110,1,Austausch Pufferbatterie 2J (SGM) | 1304 SPRITZMASCHINE M78 470C 1500-150,year,UBK_W1
6024476,2ac82ad7ef0d4c29,.FREI155,8160-110,1,Austausch Pufferbatterie 2J (SGM) | 1304 Spritzmaschine M77 470C 1500-150,year,UBK_W1
6028570,5813598d5060b6da,.FREI155,8160-110,1,Austausch Pufferbatterie 2J | 1213 SPRITZMASCHINE M86 Umspritzen AP,year,UBK_W1
6028571,f4c1e3c600d1859f,.FREI155,8160-110,1,Austausch Pufferbatterie 2J | 1213 SPRITZMASCHINE M93 Umspritzen AP,year,UBK_W1
6028569,f331574839c0d057,.FREI155,8160-110,1,Austausch Pufferbatterie 2J | 1213 SPRITZMASCHINE M88 580TC 400-60,year,UBK_W1
6026490,208f203dd1b0ef85,.FREI155,8160-110,1,Austausch Pufferbatterie 2J (SGM) | SGM48 SELECTA 320S 350 - 60,year,UBK_W1
6028621,afdb3efc3985acd2,.FREI155,8160-110,1,Austausch Pufferbatterie 2J | 1214 St.310 SGM M96 Halter spritzen,year,UBK_W1
6028622,9adc3857210719da,.FREI155,8160-110,1,Austausch Pufferbatterie 2J | 1214 St.519 SGM Umspritzen Ha. 1 M95,year,UBK_W1
6028623,6f66c1f4126504ea,.FREI155,8160-110,1,Austausch Pufferbatterie 2J | 1214 St.621 SGM Umspritzen Ha. 2 M94,year,UBK_W1
6025861,9b3ee3f66ce31b57,.FREI155,8160-110,1,Austausch Pufferbatterie 2J (SGM) | 1215 SPRITZMASCHINE M87 Umspritzen,year,UBK_W1
6032811,35a54c9d4f991a19,.FREI155,8160-110,1,Austausch Pufferbatterie 2J | 1215 St.310 SGM Halter spritzen M98,year,UBK_W1
6032812,41384627ce98e82e,.FREI155,8160-110,1,Austausch Pufferbatterie 2J | 1215 SPRITZMASCHINE M92 Umspritzen,year,UBK_W1
6033922,14f2d8bcadc97873,.FREI155,8160-110,1,Austausch Pufferbatterie 2J (SGM) | KEK Beladeroboter Stecker Stäubli CS8,year,UBK_W1
6033334,fcb18539d1fc8499,.FREI155,8160-110,1,Austausch Pufferbatterie 2J (SGM) | KEK Spritzgießmaschine 1 Stecker M101,year,UBK_W1
6033923,f82319d846fb2107,.FREI155,8160-110,1,Austausch Pufferbatterie 2J (SGM) | KEK Entnahmeroboter Stäubli CS8,year,UBK_W1
6033335,31313c91609f9885,.FREI155,8160-110,1,Austausch Pufferbatterie 2J (SGM) | KEK Spritzgießmaschine 2 Tülle1 M103,year,UBK_W1
6033336,1b80ec407cc02630,.FREI155,8160-110,1,Austausch Pufferbatterie 2J (SGM) | KEK Spritzgießmaschine 3 Tülle2 M103,year,UBK_W1
6033924,fac93f0445f08ebb,.FREI155,8160-110,1,Austausch Pufferbatterie 2J (SGM) | KEK Entnahmeroboter Fertigteile Stäubli,year,UBK_W1
6024183,f1b87959fb241ab1,.FREI155,8160-110,1,Austausch Pufferbatterie 2J (SGM) | RS-T1 SGM 54 Gehäuse spritzen,year,UBK_W1
6026493,9c4c2cffdaed9a96,.FREI155,8160-110,1,Austausch Pufferbatterie 2J (SGM) | SGM65 SELECTA 320S 350 - 60,year,UBK_W1
6026491,dd1b64832619f686,.FREI155,8160-110,1,"Austausch Pufferbatterie 2J (SGM) | TEF2, SPRITZMASCHINE M57 320S",year,UBK_W1
6013080,538130cb5c757367,.FREI155,8160-110,1,Austausch Pufferbatterie 2J (SGM) | 1203K SGM53 1200T400-150,year,UBK_W1
6013081,6015014a5fdf2cc2,.FREI155,8160-110,1,Austausch Pufferbatterie 2J (SGM) | 1203K SGM58 1200T400-150,year,UBK_W1
6026485,8a8d32351768e0b9,.FREI155,8160-110,1,Austausch Pufferbatterie 2J (SGM) | 1203K SGM70 1200T400-150,year,UBK_W1
6035091,752e1ec9c055bd52,.FREI155,8160-110,1,Austausch Pufferbatterie 2J (SGM) | 1203K Warmverstemmplatz,year,UBK_W1
6026483,e9ccce82ccdb3dae,.FREI155,8160-110,1,Austausch Pufferbatterie 2J (SGM) | 1301 SPRITZMASCHINE M14,year,UBK_W1
6026486,b6c320386deeb32c,.FREI155,8160-110,1,Austausch Pufferbatterie 2J (SGM) | 1301 SPRITZMASCHINE M34 SPK SPRITZEN,year,UBK_W1
6026487,e0cb47d76f67eb86,.FREI155,8160-110,1,Austausch Pufferbatterie 2J (SGM) | 1301 SPRITZMASCHINE M71 1200T400-150,year,UBK_W1
6024165,9c13be33baf3b88b,.FREI155,8160-120,1,Austausch Pufferbatterie 2J (SGM) | 1103 Umspritzen SGM72 1200T 400-150,multiple,UBK_W1
6026473,6599ec5936860957,.FREI155,8160-120,1,Austausch Pufferbatterie 2J (SGM) | 1103 Umspritzen SGM74 1200T 400-150,multiple,UBK_W1
6026452,2366f6691d18cdf7,.FREI155,8160-120,1,Austausch Pufferbatterie 2J (SGM) | 1101 SPRITZMASCHINE M30,year,UBK_W1
6026453,2366f6691d18cdf7,.FREI155,8160-120,1,Austausch Pufferbatterie 2J (SGM) | 1101 SPRITZMASCHINE M30,year,UBK_W1
6026488,f978cf7099694259,.FREI155,8160-499,1,"Austausch Pufferbatterie 2J (SGM) | Spritzpool, SPRITZMASCHINE M26",year,UBK_W1
6026479,195c8f79fa7675b1,.FREI155,8160-499,1,Austausch Pufferbatterie 2J (SGM) | 1302 SPRITZMASCHINE M32 SGM DF10,year,UBK_W1
6024159,a4f1485ffa35e399,.FREI155,8160-499,1,Austausch Pufferbatterie 2J (SGM) | Spritzmaschine M33 1200TS-400,year,UBK_W1
6026480,3432717a4dad7511,.FREI155,8160-499,1,Austausch Pufferbatterie 2J (SGM) | 1302 Spritzgießmaschine M35,year,UBK_W1
6026489,3b39b26c7dd1be25,.FREI155,8160-499,1,"Austausch Pufferbatterie 2J (SGM) | Spritzpool, Spritzmaschine M39 220S",year,UBK_W1
6024182,7ca0496ca36dd423,.FREI155,8160-499,1,Austausch Pufferbatterie 2J (SGM) | 1206 SPRITZMASCHINE M50 1200TS400-150,year,UBK_W1
6026492,e17e58d168abcc74,.FREI155,8160-499,1,"Austausch Pufferbatterie 2J (SGM) | Spritzpool, SPRITZGIEßMASCHINE M56 320S",year,UBK_W1
6026481,7a584772fe12d001,.FREI155,8160-920,1,"Austausch Pufferbatterie 2J (SGM) | TEF2, SPRITZMASCHINE M46 420C 800-25",year,UBK_W1
6017873,4847dfa40157b322,.FREI156,8160-001,1,Mechanik Prüfungen 26W | 1101 PRÜFRUNDTISCH 14 DF/DG6,week,UBK_W1
6017412,1dc446dc9c7f3d17,.FREI156,8160-001,1,IC-Biegen: Biegewerkzeug 13/26W | 1201 Station 12.3 IC DF11,week,UBK_W1
6052635,4387af1592f1961b,.FREI156,8160-100,0,Wartung Crimpwerkzeug 1 nach Zähler,unknown,8160_Z
6052636,907969b4ab5a5905,.FREI156,8160-100,0,Wartung Crimpwerkzeug 2 nach Zähler,unknown,8160_Z
6052637,8eace9e9378b52df,.FREI156,8160-100,0,Wartung Crimpwerkzeug 3 nach Zähler,unknown,8160_Z
6052638,57e06bf877734236,.FREI156,8160-100,0,Wartung Crimpwerkzeug 4 nach Zähler,unknown,8160_Z
6052639,0c13c437027fab61,.FREI156,8160-100,0,Wartung Crimpwerkzeug 5 nach Zähler,unknown,8160_Z
6052640,7a10d823415e3f15,.FREI156,8160-100,0,Wartung Crimpwerkzeug 6 nach Zähler,unknown,8160_Z
6052641,d593cba6d8307c0d,.FREI156,8160-100,0,Wartung Crimpwerkzeug 7 nach Zähler,unknown,8160_Z
6052642,f51e0a1ef4e084cb,.FREI156,8160-100,0,Wartung Crimpwerkzeug 8 nach Zähler,unknown,8160_Z
6052643,cb1e94bc03aa7807,.FREI156,8160-100,0,Wartung Crimpwerkzeug 9 nach Zähler,unknown,8160_Z
6052644,d1af8d25d71b0506,.FREI156,8160-100,0,Wartung Crimpwerkzeug 10 nach Zähler,unknown,8160_Z
6053471,8e84bce168ea2293,.FREI156,8160-100,0,Wartung U-Trennwerkzeug 1 nach Zähler,unknown,8160_Z
6053472,8548b92c2ba4d69b,.FREI156,8160-100,0,Wartung U-Trennwerkzeug 2 nach Zähler,unknown,8160_Z
6053473,3a4d51132eb891cf,.FREI156,8160-100,0,Wartung U-Trennwerkzeug 3 nach Zähler,unknown,8160_Z
6053474,be23a584d44e3e57,.FREI156,8160-100,0,Wartung U-Trennwerkzeug 4 nach Zähler,unknown,8160_Z
6053475,c90dab8d5b686690,.FREI156,8160-100,0,Wartung U-Trennwerkzeug 5 nach Zähler,unknown,8160_Z
6053476,5eadc563dd105f37,.FREI156,8160-100,0,Wartung U-Trennwerkzeug 6 nach Zähler,unknown,8160_Z
6053477,c4eb47590f0fc92a,.FREI156,8160-100,0,Wartung U-Trennwerkzeug 7 nach Zähler,unknown,8160_Z
6053478,e0e6cbae7d5365ed,.FREI156,8160-100,0,Wartung U-Trennwerkzeug 8 nach Zähler,unknown,8160_Z
6053479,135bd5bbd90ddd20,.FREI156,8160-100,0,Wartung U-Trennwerkzeug 9 nach Zähler,unknown,8160_Z
6053592,4e7b3b29760ba186,.FREI156,8160-100,0,Wartung U-Biegewerkzeug 1 nach Zähler,unknown,8160_Z
6053593,a6b0d8c672d624c1,.FREI156,8160-100,0,Wartung U-Biegewerkzeug 2 nach Zähler,unknown,8160_Z
6053594,07b569cec28d2e0e,.FREI156,8160-100,0,Wartung U-Biegewerkzeug 3 nach Zähler,unknown,8160_Z
6053595,5940534541d08ac6,.FREI156,8160-100,0,Wartung U-Biegewerkzeug 4 nach Zähler,unknown,8160_Z
6053596,1a1252c6aba4799f,.FREI156,8160-100,0,Wartung U-Biegewerkzeug 5 nach Zähler,unknown,8160_Z
6053597,618f6947162e08d1,.FREI156,8160-100,0,Wartung U-Biegewerkzeug 6 nach Zähler,unknown,8160_Z
6053598,83908216a4c55961,.FREI156,8160-100,0,Wartung U-Biegewerkzeug 7 nach Zähler,unknown,8160_Z
6053599,d94978b425563588,.FREI156,8160-100,0,Wartung U-Biegewerkzeug 8 nach Zähler,unknown,8160_Z
6053600,c5b496bb1407d4a1,.FREI156,8160-100,0,Wartung U-Biegewerkzeug 9 nach Zähler,unknown,8160_Z
6047351,7b875735b9c70d7f,.FREI156,8160-110,1,Mechanik 1/4/13W | BB 1 Stanze,week,UBK_W1
6017413,c01e02b4e4b06c2b,.FREI156,8160-110,1,IC-Biegen: Biegewerkzeug 2/13W | 1202-Station 16 IC - Biegen / Fügen,week,UBK_W1
6017415,9a128fea1836a573,.FREI156,8160-110,1,IC-Biegen: Biegewerkzeug 2W | 1204 St.17 IC - BR-MONTAGE,week,UBK_W1
6017416,9d356794da8ff287,.FREI156,8160-110,1,IC-Biegen: Biegewerkzeug 2W | 1204 St.19 IC - SR-MONTAGE U. VERSTEMMEN,week,UBK_W1
6017417,42526688405f0532,.FREI156,8160-110,1,IC-Biegen: Biegewerkzeug 2W | 1205 St.17 IC - SR-MONTAGE,week,UBK_W1
6017418,155a1b5cb2ea13f3,.FREI156,8160-110,1,IC-Biegen: Biegewerkzeug 2W | 1206 St.17 IC - BR-MONTAGE,week,UBK_W1
6017419,d2cebcba21f5d18b,.FREI156,8160-110,1,IC-Biegen: Biegewerkzeug 2W | 1206 St.19 IC - SR-MONTAGE U. VERSTEMMEN,week,UBK_W1
6017431,45411f5706d25157,.FREI156,8160-110,1,IC-Biegen: Biegewerkzeug 2W | 1207 St.15 IC - SR-MONTAGE,week,UBK_W1
6017430,ae84066c686ac4fc,.FREI156,8160-110,1,IC-Biegen: Biegewerkzeug 2/52W | 1207 St.18 IC - BR-MONTAGE,week,UBK_W1
6031591,c0a9122fc162a203,.FREI156,8160-110,0,WT-Wartung Linie 1209 26W,week,UBK_W1
6052621,d55db59b348893d8,.FREI156,8160-110,1,Wartung Biegewerkzeug nach Zähler | 1209 St. 4.2 SR - IC-MONTAGE,unknown,8160_Z
6053822,d55db59b348893d8,.FREI156,8160-110,1,Wartung Biegewerkzeug nach Zähler | 1209 St. 4.2 SR - IC-MONTAGE,unknown,8160_Z
6052631,cd6e5e3d5174975d,.FREI156,8160-110,1,Wartung Biegewerkzeug nach Zähler | 1209 St. 5.1 BR - IC-MONTAGE,unknown,8160_Z
6053821,cd6e5e3d5174975d,.FREI156,8160-110,1,Wartung Biegewerkzeug nach Zähler | 1209 St. 5.1 BR - IC-MONTAGE,unknown,8160_Z
6053601,eccdb8e92f570fd8,.FREI156,8160-110,1,Mechanik Schweißen nach Zählerstand | 1209 St. 6.1 SCHWEIßEN,unknown,8160_Z
6052633,336960187c48268d,.FREI156,8160-110,1,Wartung Biegewerkzeug nach Zähler | 1210 St. 4.2 SR - IC-MONTAGE,unknown,8160_Z
6053823,336960187c48268d,.FREI156,8160-110,1,Wartung Biegewerkzeug nach Zähler | 1210 St. 4.2 SR - IC-MONTAGE,unknown,8160_Z
6052634,076f923d6e69d51b,.FREI156,8160-110,1,Wartung Biegewerkzeug nach Zähler | 1210 St. 5.1 BR - IC-MONTAGE,unknown,8160_Z
6053824,076f923d6e69d51b,.FREI156,8160-110,1,Wartung Biegewerkzeug nach Zähler | 1210 St. 5.1 BR - IC-MONTAGE,unknown,8160_Z
6053602,62f0ec10e1af6da3,.FREI156,8160-110,1,Mechanik Schweißen nach Zählerstand | 1210 St. 6.1 SCHWEIßEN,unknown,8160_Z
6054777,457a26cae5b7c423,.FREI156,8160-110,1,Wartung Biegewerkzeug nach Zähler | 1211 IC Station 2 SR - IC-Biegen,unknown,8160_Z
6054778,bb5d6ccd9a85bbdf,.FREI156,8160-110,1,Wartung Biegewerkzeug nach Zähler | 1211 IC Station 3 BR - IC-Biegen,unknown,8160_Z
6054771,76d9d766e50cf611,.FREI156,8160-110,1,Mechanik Schweißen nach Zählerstand | 1211 SCHWEIßEN,unknown,8160_Z
6054776,e318a9949f90bf90,.FREI156,8160-110,1,Wartung Biegewerkzeug nach Zähler | 1211 IC Station 1 SR30° IC Biegen (FFT),unknown,8160_Z
6019557,eb523f7e361dd981,.FREI156,8160-110,1,Transferstrecke | 1212 Transportsystem,unknown,UBK_W1
6054780,d5c24c15b823e27c,.FREI156,8160-110,1,Wartung Biegewerkzeug nach Zähler | 1212 St.2.13.2 IC-Biegen,unknown,8160_Z
6054772,844d004a2dcbf1b1,.FREI156,8160-110,1,Mechanik Schweißen nach Zählerstand | 1212 St.2.15 IC-Schweißen,unknown,8160_Z
6031595,156a8d8a34f52996,.FREI156,8160-110,0,WT-Wartung Linie 1213 52W,week,UBK_W1
6028558,83c41f87c518f9c2,.FREI156,8160-110,1,Transferstrecke 2/3/4/5W | 1213 Transportsystem,week,UBK_W1
6028559,d4cd75f7eb1559e5,.FREI156,8160-110,1,Einlegeplatz & Crimpen 2W | 1213 St. 1.02 Einlegen/Entnahme,week,UBK_W1
6017434,63072d891312cdde,.FREI156,8160-110,1,IC-Biegewerkzeug Anschlagstift 52W | 1213 St.2.13.2 IC-Biegen,week,UBK_W1
6054779,118155fcb3d7be71,.FREI156,8160-110,1,Wartung Biegewerkzeug nach Zähler | 1213 St.2.13.2 IC-Biegen,unknown,8160_Z
6054773,725a4cd913f85103,.FREI156,8160-110,1,Mechanik Schweißen nach Zählerstand | 1213 St.2.16 IC-Schweißen,unknown,8160_Z
6028610,fc7fe7a1e821ddbf,.FREI156,8160-110,1,Transferstrecke 2/3/4/5W | 1214 Transportsystem,week,UBK_W1
6054781,c96a886a36d3110d,.FREI156,8160-110,1,Wartung Biegewerkzeug nach Zähler | 1214 St.413 IC-Biegen,unknown,8160_Z
6054774,c73affa3b0a85742,.FREI156,8160-110,1,Mechanik Schweißen nach Zählerstand | 1214 St.416 IC-Schweißen,unknown,8160_Z
6032806,216b4152df354045,.FREI156,8160-110,1,Transferstrecke 2/3/4/5W | 1215 Transportsystem,week,UBK_W1
6054782,9e968bf1ec4b5234,.FREI156,8160-110,1,Wartung Biegewerkzeug nach Zähler | 1215 St.413.2 IC-Biegen,unknown,8160_Z
6054775,e9e88a9fd762208e,.FREI156,8160-110,1,Mechanik Schweißen nach Zählerstand | 1215 St.416 IC-Schweißen,unknown,8160_Z
6017872,e19f39b8d4e7af31,.FREI156,8160-120,1,Mechanik Prüfungen 26W | 1101 PRÜFRUNDTISCH 13 DF/DG6,week,UBK_W1
6067923,e88a38a92de0327a,.FREI183,8160-250,0,Kontrolle Wartungsdurchführung EDL 3M,quarter,8160_W
6067922,13515fde84bf27fd,.FREI183,8160-310,0,Kontrolle Wartungsdurchführung EDL 3M,quarter,8160_W
6060572,b82a0860f0ba5698,.FREI184,8160-300,0,Durchführung Selbstaudit LG Eng. 6M,half_year,8160_M
6031564,cebc5642a55a99e5,.FREI207,8160-110,0,WT-Wartung Linie 1202 52W,week,UBK_W1
6031566,a65beeaa65c971cd,.FREI207,8160-110,0,WT-Wartung Linie 1204 26W,week,UBK_W1
6031567,4870b834e4d9eabd,.FREI207,8160-110,0,WT-Wartung Linie 1205 26W,week,UBK_W1
6031568,51afd9e0b8b023c5,.FREI207,8160-110,0,WT-Wartung Linie 1206 26W,week,UBK_W1
6031569,187328993adcd896,.FREI207,8160-110,0,WT-Wartung Linie 1207 52W,week,UBK_W1
6013672,f3d04d5e5f25cd1c,COS-CA,8160-420,0,wöchentliche TPM Wartungsplan FPM2.2,week,UBK_W1
6108743,e492d6e593d1b43c,COS-CS,8160-920,1,Jahreswartung Rexroth Schweißanlage 2J | HTV-T R-Schweissen NTC,year,8160_M
6101831,07ca6e9a06b9016d,EH_BS02,8160-500,1,Wartung Umreifungsmaschine (Nr.1) 2/4W | Ergo Pack 745X Nr.1,week,8160_W
6102958,ef0fa5bc44ccd169,EH_BS02,8160-500,1,Wartung Umreifungsmaschine (Nr. 2) 2/4W | Ergo Pack 745X-Li Nr.2,week,8160_W
6103023,50823566cfc35e81,EH_BS02,8160-500,1,Wartung Umreifungsmaschine (Nr.3) 2/4W | Ergo Pack 745X-Li Nr.3,week,8160_W
6103217,ff748ef010d884a3,EH_BS02,8160-500,1,Wartung Umreifungsmaschine (Nr.4) 2/4W | Ergo Pack 726X Nr.4,week,8160_W
6103219,a0d45712887e3d79,EH_BS02,8160-500,1,Wartung Umreifungsmaschine (Nr.5) 2/4W | Ergo Pack 745X-Li Nr.5,week,8160_W
6108521,5c196db41a2a7840,EH_BS02,8160-500,1,Wartung Umreifungsmaschine (Nr.6) 2/4W | Ergo Pack 745X-Li Nr.6,week,8160_W
6101609,4fdf34710041b98a,EH_BS02,8160-500,1,Wartung Strahlkabine 1M | Kärcher Trockeneinsstrahlgerät,month,8160_W
6097254,27929388696804b9,EH_BS02,8160-500,0,Wartung Service an FA8001.1 allg 1W,week,8160_W
6108695,78c3cb2d69a6cb0f,EH_BS02,8160-500,1,Achse 8100_1100_0001_1_140A710_X | 8100.1100 Palettierer Zellen,unknown,8160_M
6108696,8622ebdcb02160e6,EH_BS02,8160-500,1,Achse 8100_1100_0001_1_140A711_Y | 8100.1100 Palettierer Zellen,unknown,8160_M
6108698,62bb30ecdae7e6a7,EH_BS02,8160-500,1,Achse 8100_1100_0001_1_140A712_Z | 8100.1100 Palettierer Zellen,unknown,8160_M
6108699,0e626f0eb87e9da4,EH_BS02,8160-500,1,Achse 8100_1100_0001_1_140A713_C | 8100.1100 Palettierer Zellen,unknown,8160_M
6108700,9f4724f6bf35f797,EH_BS02,8160-500,1,Achse 8100_1100_0001_1_143A710_Z | 8100.1100 Palettierer Zellen,unknown,8160_M
6108708,a0c4b1adf72170d3,EH_BS02,8160-500,1,Achse 8100_1100_0001_1_150A710_X | 8100.1100 Palettierer Zellen,unknown,8160_M
6111071,41c064d97dc86c41,EH_BS02,8160-500,1,Achse 8100_1100_0001_1_150A711_Z | 8100.1100 Palettierer Zellen,unknown,8160_M
6111072,79d1b9168dbc9c67,EH_BS02,8160-500,1,Achse 8100_1100_0001_1_199A710_X | 8100.1100 Palettierer Zellen,unknown,8160_M
6111081,91e63be549c629fa,EH_BS02,8160-500,1,Achse 8100_1110_0001_1_100A711_C | 8100.1110 Laserstrukturieren,unknown,8160_M
6111082,284fbdc5d6fac95d,EH_BS02,8160-500,1,Achse 8100_1110_0001_1_101A710_C | 8100.1110 Laserstrukturieren,unknown,8160_M
6111083,6f3ee60b24a0610c,EH_BS02,8160-500,1,Achse 8100_1110_0001_1_101A711_Z | 8100.1110 Laserstrukturieren,unknown,8160_M
6111084,7950e7ac5d1c70c7,EH_BS02,8160-500,1,Achse 8100_1110_0001_1_102A710_Z | 8100.1110 Laserstrukturieren,unknown,8160_M
6111085,345d26505c1bd5c6,EH_BS02,8160-500,1,Achse 8100_1110_0001_1_106A710_C | 8100.1110 Laserstrukturieren,unknown,8160_M
6111086,1ec1d25e8a0c6090,EH_BS02,8160-500,1,Achse 8100_1110_0001_1_106A711_Z | 8100.1110 Laserstrukturieren,unknown,8160_M
6111087,aca21925eb3b808d,EH_BS02,8160-500,1,Achse 8100_1110_0001_1_107A710_Z | 8100.1110 Laserstrukturieren,unknown,8160_M
6112196,3967e48a5d40f77e,EH_BS02,8160-500,1,Achse 8100_1140_0001_1_109A710_Y | 8100.1140 Disp. Sideplates,unknown,8160_M
6112197,fc284d7c66cb8f05,EH_BS02,8160-500,1,Achse 8100_1140_0001_1_109A713_Y | 8100.1140 Disp. Sideplates,unknown,8160_M
6112198,3e63a35b935e7f19,EH_BS02,8160-500,1,Achse 8100_1140_0001_1_109A712_Z | 8100.1140 Disp. Sideplates,unknown,8160_M
6112199,b41744edc8458d88,EH_BS02,8160-500,1,Achse 8100_1140_0001_1_109A715_Z | 8100.1140 Disp. Sideplates,unknown,8160_M
6112200,691365eca3039185,EH_BS02,8160-500,1,Achse 8100_1140_0001_1_109A711_X | 8100.1140 Disp. Sideplates,unknown,8160_M
6112221,8ec98a0d65f5b2b6,EH_BS02,8160-500,1,Achse 8100_1140_0001_1_109A714_X | 8100.1140 Disp. Sideplates,unknown,8160_M
6111094,3f716c8fb324a7b7,EH_BS02,8160-500,1,Achse 8100_1120_0001_1_130A710_X | 8100.1120 Montage Zellstack,unknown,8160_M
6111095,af5414969c437510,EH_BS02,8160-500,1,Achse 8100_1120_0001_1_142A710_Y | 8100.1120 Montage Zellstack,unknown,8160_M
6111096,f6c66f81a2fa91d8,EH_BS02,8160-500,1,Achse 8100_1120_0001_1_144A710_X | 8100.1120 Montage Zellstack,unknown,8160_M
6111097,1b8a047815df7a07,EH_BS02,8160-500,1,Achse 8100_1120_0001_1_144A711_Z | 8100.1120 Montage Zellstack,unknown,8160_M
6111098,12cc8c71e211723b,EH_BS02,8160-500,1,Achse 8100_1120_0001_1_144A712_X | 8100.1120 Montage Zellstack,unknown,8160_M
6111099,993bb179977c2272,EH_BS02,8160-500,1,Achse 8100_1120_0001_1_144A713_X | 8100.1120 Montage Zellstack,unknown,8160_M
6111100,d548952a50ce8b58,EH_BS02,8160-500,1,Achse 8100_1120_0001_1_145A710_Z | 8100.1120 Montage Zellstack,unknown,8160_M
6111101,0a2541ac9470b2b5,EH_BS02,8160-500,1,Achse 8100_1120_0001_1_150A710_Y | 8100.1120 Montage Zellstack,unknown,8160_M
6111102,efea8e18cd31dd8e,EH_BS02,8160-500,1,Achse 8100_1120_0001_1_150A711_Z | 8100.1120 Montage Zellstack,unknown,8160_M
6104129,cf3eb90b93ed7eee,EH_BS02,8160-500,1,"Wartung St.8100.1130 Klimaanlage | 8100.1130 Verpressen,L-Schweiß Zellstack",unknown,8160_W
6111121,c751579e8f38291b,EH_BS02,8160-500,1,"Achse 8100_1130_0001_1_101A710_X | 8100.1130 Verpressen,L-Schweiß Zellstack",unknown,8160_M
6111122,ded63abea26b924e,EH_BS02,8160-500,1,"Achse 8100_1130_0001_1_102A710_X | 8100.1130 Verpressen,L-Schweiß Zellstack",unknown,8160_M
6111123,bcc0c4fc5f6bc4a8,EH_BS02,8160-500,1,"Achse 8100_1130_0001_1_130A710_Y | 8100.1130 Verpressen,L-Schweiß Zellstack",unknown,8160_M
6111124,e29e417fffbad1ef,EH_BS02,8160-500,1,"Achse 8100_1130_0001_1_130A711_Z | 8100.1130 Verpressen,L-Schweiß Zellstack",unknown,8160_M
6111125,4de2424f75dae953,EH_BS02,8160-500,1,"Achse 8100_1130_0001_1_131A711_X | 8100.1130 Verpressen,L-Schweiß Zellstack",unknown,8160_M
6111126,9cc7ce3bfc3b3185,EH_BS02,8160-500,1,"Achse 8100_1130_0001_1_132A711_X | 8100.1130 Verpressen,L-Schweiß Zellstack",unknown,8160_M
6111127,76a0e8969ed79d55,EH_BS02,8160-500,1,"Achse 8100_1130_0001_1_140A710_X | 8100.1130 Verpressen,L-Schweiß Zellstack",unknown,8160_M
6111128,5a5a810eb896d793,EH_BS02,8160-500,1,"Achse 8100_1130_0001_1_140A711_Y | 8100.1130 Verpressen,L-Schweiß Zellstack",unknown,8160_M
6111129,70ae2fc3271c91f7,EH_BS02,8160-500,1,"Achse 8100_1130_0001_1_140A712_Z | 8100.1130 Verpressen,L-Schweiß Zellstack",unknown,8160_M
6111130,0422659a945f9608,EH_BS02,8160-500,1,"Achse 8100_1130_0001_1_140A713_C | 8100.1130 Verpressen,L-Schweiß Zellstack",unknown,8160_M
6112193,e78a1bc898f8a71d,EH_BS02,8160-500,1,"Achse 8100_1130_0001_1_140A711_X | 8100.1130 Verpressen,L-Schweiß Zellstack",unknown,8160_M
6112194,78c34f64af434da4,EH_BS02,8160-500,1,"Achse 8100_1130_0001_1_150A11A | 8100.1130 Verpressen,L-Schweiß Zellstack",unknown,8160_M
6112195,9a4671e4ef693f0c,EH_BS02,8160-500,1,"Achse 8100_1130_0001_1_150A711 | 8100.1130 Verpressen,L-Schweiß Zellstack",unknown,8160_M
6111151,02c09b00998bf441,EH_BS02,8160-500,1,Achse 8100_1150_0001_1_102A710_X | 8100.1150 Montage Wedge-Frame el. Prüf.,unknown,8160_M
6111152,2dd5e53451cc9505,EH_BS02,8160-500,1,Achse 8100_1150_0001_1_140A710_X | 8100.1150 Montage Wedge-Frame el. Prüf.,unknown,8160_M
6111153,c2bc5549f7034ded,EH_BS02,8160-500,1,Achse 8100_1150_0001_1_140A711_Z | 8100.1150 Montage Wedge-Frame el. Prüf.,unknown,8160_M
6111154,bda9d1548bc55cb3,EH_BS02,8160-500,1,Achse 8100_1150_0001_1_140A712_C | 8100.1150 Montage Wedge-Frame el. Prüf.,unknown,8160_M
6111155,f78263d19dc1620a,EH_BS02,8160-500,1,Achse 8100_1150_0001_1_150A710_X | 8100.1150 Montage Wedge-Frame el. Prüf.,unknown,8160_M
6111156,0cf336d887e3c595,EH_BS02,8160-500,1,Achse 8100_1150_0001_1_150A711_Z | 8100.1150 Montage Wedge-Frame el. Prüf.,unknown,8160_M
6111157,98cc9c9b9e4ea6b5,EH_BS02,8160-500,1,Achse 8100_1150_0001_1_150A712_C | 8100.1150 Montage Wedge-Frame el. Prüf.,unknown,8160_M
6112222,5dcef57567de1943,EH_BS02,8160-500,1,Achse 8100_1150_0001_1_102A710_Y | 8100.1150 Montage Wedge-Frame el. Prüf.,unknown,8160_M
6097672,80d3b0b8e3c0dfc8,EH_BS02,8160-500,1,Wartung Filter an Laserschweißanlagen 4W | 8100.1130 Trumpf TruDisk 5000 Schweißlas,week,8160_W
6103607,994ccf7e77154e46,EH_BS02,8160-500,1,Wartung Service Dispensanlagen Teil 1 | 8100.1140 bdtronic Materialaufbereitung,unknown,8160_W
6106539,b16f1d74e19d246f,EH_BS02,8160-500,1,Wartung Service Dispensanlagen Teil 2 | 8100.1140 bdtronic Materialaufbereitung,unknown,8160_M
6111111,1256fbbfb6da4330,EH_BS02,8160-500,1,Achse 8100_1122_0001_1_102A710_Z | 8100.1122 Trayloader Endplate,unknown,8160_M
6111112,09a753ac6c659782,EH_BS02,8160-500,1,Achse 8100_1122_0001_1_103A710_X | 8100.1122 Trayloader Endplate,unknown,8160_M
6111113,93ba6b5299513011,EH_BS02,8160-500,1,Achse 8100_1122_0001_1_103A711_Y | 8100.1122 Trayloader Endplate,unknown,8160_M
6111114,8349be3bfce1c7e8,EH_BS02,8160-500,1,Achse 8100_1122_0001_1_103A712_Z | 8100.1122 Trayloader Endplate,unknown,8160_M
6111115,e57ae280e41bf4bc,EH_BS02,8160-500,1,Achse 8100_1122_0001_1_104A710_Z | 8100.1122 Trayloader Endplate,unknown,8160_M
6111141,e2ba40f47a3d9b37,EH_BS02,8160-500,1,Achse 8100_1142_0001_1_102A710_Z | 8100.1142 Trayloader Sideplate,unknown,8160_M
6111142,3b8a9260f4f41be7,EH_BS02,8160-500,1,Achse 8100_1142_0001_1_103A710_X | 8100.1142 Trayloader Sideplate,unknown,8160_M
6111143,6383a2c4971dd20e,EH_BS02,8160-500,1,Achse 8100_1142_0001_1_103A711_Y | 8100.1142 Trayloader Sideplate,unknown,8160_M
6111144,4d4ef490cb06aaad,EH_BS02,8160-500,1,Achse 8100_1142_0001_1_103A712_Z | 8100.1142 Trayloader Sideplate,unknown,8160_M
6111145,00c962deec913ad1,EH_BS02,8160-500,1,Achse 8100_1142_0001_1_104A710_Z | 8100.1142 Trayloader Sideplate,unknown,8160_M
6111165,e00729cdbfa1731b,EH_BS02,8160-500,1,Wartungsplan Achse | 8100.1160 Verkettung 2,unknown,8160_M
6111166,6ebd4ae6a0174f6b,EH_BS02,8160-500,1,Achse 8100_1160_0001_1_910A710_Z | 8100.1160 Verkettung 2,unknown,8160_M
6111167,ab1b32aae08cdfad,EH_BS02,8160-500,1,Achse 8100_1160_0001_1_930A710_Z | 8100.1160 Verkettung 2,unknown,8160_M
6097255,a66c8307e798239c,EH_BS02,8160-500,0,Wartung Service an FA8001.2 allg 1W,week,8160_W
6112302,9fbb58b463bc3902,EH_BS02,8160-500,1,Achse 9201_2140_0001_1_104S3A713_Z | 9201.2140 Laserschweissen cells,unknown,8160_M
6112303,9aabf45a7d0b195a,EH_BS02,8160-500,1,Achse 9201_2140_0001_1_114S3A713_Z | 9201.2140 Laserschweissen cells,unknown,8160_M
6112082,0360b2be32fbd6e7,EH_BS02,8160-500,1,Achse 9201_2110_0001_1_102A712_Y | 9201.2110 Montage NTC-Zelle6,unknown,8160_M
6112083,d92cab019eff6891,EH_BS02,8160-500,1,Achse 9201_2110_0001_1_102A713_Z | 9201.2110 Montage NTC-Zelle6,unknown,8160_M
6112084,81b251074482084c,EH_BS02,8160-500,1,Achse 9201_2110_0001_1_104A712_X | 9201.2110 Montage NTC-Zelle6,unknown,8160_M
6112085,087088620b9fa14b,EH_BS02,8160-500,1,Achse 9201_2110_0001_1_104A713_Y | 9201.2110 Montage NTC-Zelle6,unknown,8160_M
6112086,f8c662c22d5c0958,EH_BS02,8160-500,1,Achse 9201_2110_0001_1_104A714_Z | 9201.2110 Montage NTC-Zelle6,unknown,8160_M
6112087,f7feae43a457586d,EH_BS02,8160-500,1,Achse 9201_2110_0001_1_130A710_X | 9201.2110 Montage NTC-Zelle6,unknown,8160_M
6112088,63b155193aa569b5,EH_BS02,8160-500,1,Achse 9201_2110_0001_1_130A711_Y | 9201.2110 Montage NTC-Zelle6,unknown,8160_M
6112089,9ee799f780253a58,EH_BS02,8160-500,1,Achse 9201_2110_0001_1_130A712_Z | 9201.2110 Montage NTC-Zelle6,unknown,8160_M
6112090,18f06b8f227a20cd,EH_BS02,8160-500,1,Achse 9201_2110_0001_1_131A710_X | 9201.2110 Montage NTC-Zelle6,unknown,8160_M
6112101,413d30beea96f539,EH_BS02,8160-500,1,Achse 9201_2110_0001_1_131A711_Y | 9201.2110 Montage NTC-Zelle6,unknown,8160_M
6112102,8a1df0616d8c073d,EH_BS02,8160-500,1,Achse 9201_2110_0001_1_131A712_Z | 9201.2110 Montage NTC-Zelle6,unknown,8160_M
6112278,cb0b395a0c363492,EH_BS02,8160-500,1,Achse 9201_2110_0001_1_102S1A712_Y | 9201.2110 Montage NTC-Zelle6,unknown,8160_M
6112279,da7ef00330c679da,EH_BS02,8160-500,1,Achse 9201_2110_0001_1_102S1A713_Z | 9201.2110 Montage NTC-Zelle6,unknown,8160_M
6112280,2d092c3b656d511d,EH_BS02,8160-500,1,Achse 9201_2110_0001_1_104S3A712_X | 9201.2110 Montage NTC-Zelle6,unknown,8160_M
6112281,02788549a034c6ba,EH_BS02,8160-500,1,Achse 9201_2110_0001_1_104S3A713_Y | 9201.2110 Montage NTC-Zelle6,unknown,8160_M
6112282,b22fad2c1aa51916,EH_BS02,8160-500,1,Achse 9201_2110_0001_1_104S3A714_Z | 9201.2110 Montage NTC-Zelle6,unknown,8160_M
6112283,e78ecb43b5496b9a,EH_BS02,8160-500,1,Achse 9201_2110_0001_1_130S3A710_X | 9201.2110 Montage NTC-Zelle6,unknown,8160_M
6112284,c8cb76aad9a8647c,EH_BS02,8160-500,1,Achse 9201_2110_0001_1_130S3A711_Y | 9201.2110 Montage NTC-Zelle6,unknown,8160_M
6112285,ac11fe6cd068361d,EH_BS02,8160-500,1,Achse 9201_2110_0001_1_130S3A712_Z | 9201.2110 Montage NTC-Zelle6,unknown,8160_M
6112286,2830c390f846350f,EH_BS02,8160-500,1,Achse 9201_2110_0001_1_131S3A710_X | 9201.2110 Montage NTC-Zelle6,unknown,8160_M
6112287,5fd7f99e2d256b56,EH_BS02,8160-500,1,Achse 9201_2110_0001_1_131S3A711_Y | 9201.2110 Montage NTC-Zelle6,unknown,8160_M
6112288,4a97c6162d4f39c7,EH_BS02,8160-500,1,Achse 9201_2110_0001_1_131S3A712_Z | 9201.2110 Montage NTC-Zelle6,unknown,8160_M
6112099,03e8aefe59ac7822,EH_BS02,8160-500,1,Achse 9201_2120_0001_1_101A710_X1 | 9201.2120 Montage ZKS,unknown,8160_M
6112100,8df5a424bbf3f725,EH_BS02,8160-500,1,Achse 9201_2120_0001_1_101A710_X2 | 9201.2120 Montage ZKS,unknown,8160_M
6112111,30f610bfbedc2d1c,EH_BS02,8160-500,1,Achse 9201_2120_0001_1_102A710_X1 | 9201.2120 Montage ZKS,unknown,8160_M
6112112,5f8d6db8916b27aa,EH_BS02,8160-500,1,Achse 9201_2120_0001_1_102A710_X2 | 9201.2120 Montage ZKS,unknown,8160_M
6112113,10aa1ecbcbdf7b6b,EH_BS02,8160-500,1,Achse 9201_2120_0001_1_103A710_X1 | 9201.2120 Montage ZKS,unknown,8160_M
6112114,8a00b163679d70ce,EH_BS02,8160-500,1,Achse 9201_2120_0001_1_103A710_X2 | 9201.2120 Montage ZKS,unknown,8160_M
6112115,9ac5bee6f9773f0a,EH_BS02,8160-500,1,Achse 9201_2120_0001_1_104A710_X1 | 9201.2120 Montage ZKS,unknown,8160_M
6112116,2bd1fe3f2a266ef0,EH_BS02,8160-500,1,Achse 9201_2120_0001_1_104A710_X2 | 9201.2120 Montage ZKS,unknown,8160_M
6112117,d3d530a2cdbeb372,EH_BS02,8160-500,1,Achse 9201_2120_0001_1_102A712_Y | 9201.2120 Montage ZKS,unknown,8160_M
6112118,95531b61ebb140d2,EH_BS02,8160-500,1,Achse 9201_2120_0001_1_102A713_Z | 9201.2120 Montage ZKS,unknown,8160_M
6112119,6861869fccce6d3a,EH_BS02,8160-500,1,Achse 9201_2120_0001_1_103A712_Z | 9201.2120 Montage ZKS,unknown,8160_M
6112120,1c3d6ef80af90477,EH_BS02,8160-500,1,Achse 9201_2120_0001_1_130A710_X | 9201.2120 Montage ZKS,unknown,8160_M
6112121,7bc64db3b30ae1f7,EH_BS02,8160-500,1,Achse 9201_2120_0001_1_130A711_X | 9201.2120 Montage ZKS,unknown,8160_M
6112122,e039b3d71e046ebf,EH_BS02,8160-500,1,Achse 9201_2120_0001_1_132A710_X | 9201.2120 Montage ZKS,unknown,8160_M
6112123,fadfcd8d6c3a845c,EH_BS02,8160-500,1,Achse 9201_2120_0001_1_132A711_Y | 9201.2120 Montage ZKS,unknown,8160_M
6112124,66d1068f2523a28b,EH_BS02,8160-500,1,Achse 9201_2120_0001_1_133A710_Z | 9201.2120 Montage ZKS,unknown,8160_M
6112125,30a53fec666af1bd,EH_BS02,8160-500,1,Achse 9201_2120_0001_1_133A711_Z | 9201.2120 Montage ZKS,unknown,8160_M
6112126,34e069ea4164ce3f,EH_BS02,8160-500,1,Achse 9201_2120_0001_1_134A710_Y | 9201.2120 Montage ZKS,unknown,8160_M
6112127,28af7f2b3c36822e,EH_BS02,8160-500,1,Achse 9201_2120_0001_1_134A711_Z | 9201.2120 Montage ZKS,unknown,8160_M
6112289,5c6b6ba85c01cba3,EH_BS02,8160-500,1,Achse 9201_2120_0001_1_102S3A712_Y | 9201.2120 Montage ZKS,unknown,8160_M
6112290,cd607fddef723b16,EH_BS02,8160-500,1,Achse 9201_2120_0001_1_102S3A713_Z | 9201.2120 Montage ZKS,unknown,8160_M
6112291,adf8dad5352cd198,EH_BS02,8160-500,1,Achse 9201_2122_0001_1_102S3A710_Z | 9201.2120 Montage ZKS,unknown,8160_M
6112292,fdbc188ec67c99fb,EH_BS02,8160-500,1,Achse 9201_2120_0001_1_103S3A712_Z | 9201.2120 Montage ZKS,unknown,8160_M
6112293,44d051f05066de4d,EH_BS02,8160-500,1,Achse 9201_2122_0001_1_103S3A710_X | 9201.2120 Montage ZKS,unknown,8160_M
6112294,1da8e32dcc9c1fdf,EH_BS02,8160-500,1,Achse 9201_2122_0001_1_103S3A711_Y | 9201.2120 Montage ZKS,unknown,8160_M
6112295,5e46872b6dbf7864,EH_BS02,8160-500,1,Achse 9201_2122_0001_1_103S3A712_Z | 9201.2120 Montage ZKS,unknown,8160_M
6112296,080baa07df6a8652,EH_BS02,8160-500,1,Achse 9201_2122_0001_1_104S3A710_Z | 9201.2120 Montage ZKS,unknown,8160_M
6112297,ee3b033a91e3de4d,EH_BS02,8160-500,1,Achse 9201_2120_0001_1_130S3A710_X | 9201.2120 Montage ZKS,unknown,8160_M
6112298,e0169f3ee0c14968,EH_BS02,8160-500,1,Achse 9201_2120_0001_1_130S3A711_X | 9201.2120 Montage ZKS,unknown,8160_M
6112299,cef658c057155348,EH_BS02,8160-500,1,Achse 9201_2120_0001_1_132S3A710_X | 9201.2120 Montage ZKS,unknown,8160_M
6112300,dbad37172fe47930,EH_BS02,8160-500,1,Achse 9201_2120_0001_1_134S3A710_Y | 9201.2120 Montage ZKS,unknown,8160_M
6112301,fd12a5dd78cb62f9,EH_BS02,8160-500,1,Achse 9201_2120_0001_1_134S3A711_Z | 9201.2120 Montage ZKS,unknown,8160_M
6112304,859a89483be55a63,EH_BS02,8160-500,1,Achse 9201_2150_0001_1_103S3A721_X | 9201.2150 Prüfen Schweissungen,unknown,8160_M
6112305,f66d4816cd734011,EH_BS02,8160-500,1,Achse 9201_2150_0001_1_104S2A724_X | 9201.2150 Prüfen Schweissungen,unknown,8160_M
6112306,ea9dbb7b84978390,EH_BS02,8160-500,1,Achse 9201_2150_0001_1_103S3A720_Y | 9201.2150 Prüfen Schweissungen,unknown,8160_M
6112307,3bcc314d41ba6414,EH_BS02,8160-500,1,Achse 9201_2150_0001_1_104S2A723_Y | 9201.2150 Prüfen Schweissungen,unknown,8160_M
6112308,a1af1fe39e6cc622,EH_BS02,8160-500,1,Achse 9201_2150_0001_1_103S3A722_Z | 9201.2150 Prüfen Schweissungen,unknown,8160_M
6112309,2148f4c3101291f6,EH_BS02,8160-500,1,Achse 9201_2150_0001_1_104S2A725_Z | 9201.2150 Prüfen Schweissungen,unknown,8160_M
6112310,777db041e5fcd4cb,EH_BS02,8160-500,1,Achse 9201_2150_0001_1_102S3A722_Z | 9201.2150 Prüfen Schweissungen,unknown,8160_M
6112311,60bd4785a1168dff,EH_BS02,8160-500,1,Achse 9201_2160_0001_1_130S3A710_X | 9201.2160 Montage Y-Kondensatoren,unknown,8160_M
6112312,60bd4785a1168dff,EH_BS02,8160-500,1,Achse 9201_2160_0001_1_130S3A710_X | 9201.2160 Montage Y-Kondensatoren,unknown,8160_M
6112313,cea0e4eaa260770c,EH_BS02,8160-500,1,Achse 9201_2160_0001_1_130711_Y | 9201.2160 Montage Y-Kondensatoren,unknown,8160_M
6112314,528ddd052d175d96,EH_BS02,8160-500,1,Achse 9201_2160_0001_1_130S3A711_Y | 9201.2160 Montage Y-Kondensatoren,unknown,8160_M
6112315,73e75ecf0c0e9901,EH_BS02,8160-500,1,Achse 9201_2160_0001_1_103S3A712_X | 9201.2160 Montage Y-Kondensatoren,unknown,8160_M
6112316,ba58e08f8c84c4b4,EH_BS02,8160-500,1,Achse 9201_2160_0001_1_103S3A713_Y | 9201.2160 Montage Y-Kondensatoren,unknown,8160_M
6112317,51c5629d50a5b27f,EH_BS02,8160-500,1,Achse 9201_2160_0001_1_103S3A714_Z | 9201.2160 Montage Y-Kondensatoren,unknown,8160_M
6112318,0670dfffb5f40042,EH_BS02,8160-500,1,Achse 9201_2170_0001_1_102S3A712_X | 9201.2170 Montage Plug & Seal,unknown,8160_M
6112319,b67cdee17ccf47ff,EH_BS02,8160-500,1,Achse 9201_2170_0001_1_102S3A713_Y | 9201.2170 Montage Plug & Seal,unknown,8160_M
6112320,4044987b41448254,EH_BS02,8160-500,1,Achse 9201_2170_0001_1_102S3A714_Z | 9201.2170 Montage Plug & Seal,unknown,8160_M
6112321,9c40d4543be9b0fb,EH_BS02,8160-500,1,Achse 9201_2170_0001_1_103S3A712_X | 9201.2170 Montage Plug & Seal,unknown,8160_M
6112322,1c4612593b47e268,EH_BS02,8160-500,1,Achse 9201_2170_0001_1_103S3A713_Y | 9201.2170 Montage Plug & Seal,unknown,8160_M
6112323,1ebc4ff2185da2ef,EH_BS02,8160-500,1,Achse 9201_2170_0001_1_103S3A714_X | 9201.2170 Montage Plug & Seal,unknown,8160_M
6112324,16b1ee765458620a,EH_BS02,8160-500,1,Achse 9201_2170_0001_1_103S3A715_Y | 9201.2170 Montage Plug & Seal,unknown,8160_M
6112325,316fdb73522b3b70,EH_BS02,8160-500,1,Achse 9201_2170_0001_1_104S1A712_X | 9201.2170 Montage Plug & Seal,unknown,8160_M
6112326,a3e2bda97d878b3c,EH_BS02,8160-500,1,Achse 9201_2170_0001_1_104S1A713_Y | 9201.2170 Montage Plug & Seal,unknown,8160_M
6112327,21a5ea4e5692fff6,EH_BS02,8160-500,1,Achse 9201_2170_0001_1_104S1A714_Z | 9201.2170 Montage Plug & Seal,unknown,8160_M
6112328,984830339bc8f8f2,EH_BS02,8160-500,1,Achse 9201_2170_0001_1_130S3A710_X | 9201.2170 Montage Plug & Seal,unknown,8160_M
6112329,c41b6075dafdf916,EH_BS02,8160-500,1,Achse 9201_2170_0001_1_130S3A711_Y | 9201.2170 Montage Plug & Seal,unknown,8160_M
6112330,7060bc348fde2740,EH_BS02,8160-500,1,Achse 9201_2170_0001_1_130S3A712_Z | 9201.2170 Montage Plug & Seal,unknown,8160_M
6112331,628812808695b2db,EH_BS02,8160-500,1,Achse 9201_2170_0001_1_131S3A710_X | 9201.2170 Montage Plug & Seal,unknown,8160_M
6112332,d8e6a70be3fcef88,EH_BS02,8160-500,1,Achse 9201_2170_0001_1_131S3A711_Y | 9201.2170 Montage Plug & Seal,unknown,8160_M
6112333,b949de1b3f15d8bd,EH_BS02,8160-500,1,Achse 9201_2170_0001_1_131S3A712_Z | 9201.2170 Montage Plug & Seal,unknown,8160_M
6112334,4154131f982bf93e,EH_BS02,8160-500,1,Achse 9201_2180_0001_1_102S3A712_X | 9201.2180 Montage FF / Plug & Seal,unknown,8160_M
6112335,ae42ee96701b9319,EH_BS02,8160-500,1,Achse 9201_2180_0001_1_102S3A713_Y | 9201.2180 Montage FF / Plug & Seal,unknown,8160_M
6112336,f212716336ff4908,EH_BS02,8160-500,1,Achse 9201_2180_0001_1_102S3A714_Z | 9201.2180 Montage FF / Plug & Seal,unknown,8160_M
6112337,486e88d892960050,EH_BS02,8160-500,1,Achse 9201_2180_0001_1_103S3A712_X | 9201.2180 Montage FF / Plug & Seal,unknown,8160_M
6112338,3c4aee7e3148e177,EH_BS02,8160-500,1,Achse 9201_2180_0001_1_103S3A713_Y | 9201.2180 Montage FF / Plug & Seal,unknown,8160_M
6112339,8281e46fc42942f1,EH_BS02,8160-500,1,Achse 9201_2180_0001_1_103S3A714_Z | 9201.2180 Montage FF / Plug & Seal,unknown,8160_M
6112340,0064187ae344984a,EH_BS02,8160-500,1,Achse 9201_2180_0001_1_104S1A713_Y | 9201.2180 Montage FF / Plug & Seal,unknown,8160_M
6112341,0a4a8316f6c8e047,EH_BS02,8160-500,1,Achse 9201_2180_0001_1_104S1A714_Y | 9201.2180 Montage FF / Plug & Seal,unknown,8160_M
6112342,3edebce843939b4a,EH_BS02,8160-500,1,Achse 9201_2180_0001_1_104S1A715_X | 9201.2180 Montage FF / Plug & Seal,unknown,8160_M
6112343,8f5af08b57f34206,EH_BS02,8160-500,1,Achse 9201_2180_0001_1_104S1A716_X | 9201.2180 Montage FF / Plug & Seal,unknown,8160_M
6112344,2930b3c692d2b022,EH_BS02,8160-500,1,Achse 9201_2180_0001_1_130S3A710_X | 9201.2180 Montage FF / Plug & Seal,unknown,8160_M
6112345,e1840a76ad5a590c,EH_BS02,8160-500,1,Achse 9201_2180_0001_1_130S3A711_Y | 9201.2180 Montage FF / Plug & Seal,unknown,8160_M
6112346,0d8e5d373b6bd274,EH_BS02,8160-500,1,Achse 9201_2180_0001_1_130S3A712_Z | 9201.2180 Montage FF / Plug & Seal,unknown,8160_M
6112347,dceda12924a43ee4,EH_BS02,8160-500,1,Achse 9201_2180_0001_1_131S3A710_X | 9201.2180 Montage FF / Plug & Seal,unknown,8160_M
6112348,968560f713db125a,EH_BS02,8160-500,1,Achse 9201_2180_0001_1_131S3A711_Y | 9201.2180 Montage FF / Plug & Seal,unknown,8160_M
6112349,2eb309381c71b423,EH_BS02,8160-500,1,Achse 9201_2180_0001_1_131S3A712_Z | 9201.2180 Montage FF / Plug & Seal,unknown,8160_M
6112350,8929f736a909361f,EH_BS02,8160-500,1,Achse 9201_2180_0001_1_140S3A710_X | 9201.2180 Montage FF / Plug & Seal,unknown,8160_M
6112351,228bdb2d6b373f73,EH_BS02,8160-500,1,Achse 9201_2180_0001_1_140S3A711_Y | 9201.2180 Montage FF / Plug & Seal,unknown,8160_M
6112352,7fa621c6db36c8b9,EH_BS02,8160-500,1,Achse 9201_2180_0001_1_140S3A712_Z | 9201.2180 Montage FF / Plug & Seal,unknown,8160_M
6112353,eac28cee458ba1df,EH_BS02,8160-500,1,Achse 9201_2180_0001_1_141S3A710_X | 9201.2180 Montage FF / Plug & Seal,unknown,8160_M
6112354,5486ad1e894f9e68,EH_BS02,8160-500,1,Achse 9201_2180_0001_1_141S3A711_Y | 9201.2180 Montage FF / Plug & Seal,unknown,8160_M
6112355,a15ab5953e5a2f78,EH_BS02,8160-500,1,Achse 9201_2180_0001_1_141S3A712_Z | 9201.2180 Montage FF / Plug & Seal,unknown,8160_M
6097669,dd5615004420c0d1,EH_BS02,8160-500,1,Wartung Filter an Laserschweißanlagen | 9201.2140 IPG Laser 4000 YLS-SM,unknown,8160_W
6097256,53ba355d519464f6,EH_BS02,8160-500,0,Wartung Service an FA8001.3 allg 1W,week,8160_W
6111149,240a8ae4015234d7,EH_BS02,8160-500,1,Achse 9301_3120_0001_1_104S10T711_Ch1 | 9301.3120 Laserschweissen FPC,unknown,8160_M
6111150,11dbb87f16cd980a,EH_BS02,8160-500,1,Achse 9301_3120_0001_1_114S10T711_Ch1 | 9301.3120 Laserschweissen FPC,unknown,8160_M
6111158,0ba683cd2f846ddb,EH_BS02,8160-500,1,Achse 9301_3120_0001_1_121S10T711_Ch1 | 9301.3120 Laserschweissen FPC,unknown,8160_M
6111159,8a82b7530809094d,EH_BS02,8160-500,1,Achse 9301_3120_0001_1_121S10T712_Ch1 | 9301.3120 Laserschweissen FPC,unknown,8160_M
6111160,7d271b4cfe5e1d13,EH_BS02,8160-500,1,Achse 9301_3120_0001_1_121S10T713_Ch1 | 9301.3120 Laserschweissen FPC,unknown,8160_M
6112387,dcfa4a97dc3c5f83,EH_BS02,8160-500,1,Achse 9301_3120_0001_1_121T713_Z | 9301.3120 Laserschweissen FPC,unknown,8160_M
6112388,5418cb57492ca924,EH_BS02,8160-500,1,Achse 9301_3120_0001_1_104T711_Z | 9301.3120 Laserschweissen FPC,unknown,8160_M
6112389,9b2cb55fefd1b6f4,EH_BS02,8160-500,1,Achse 9301_3120_0001_1_114T711_Z | 9301.3120 Laserschweissen FPC,unknown,8160_M
6097665,48c9018316bb5112,EH_BS02,8160-500,1,Wartung Filter an Laserschweißanlagen | 9301.3160 Laserschweissen Deckel,unknown,8160_W
6112413,9c11473897754176,EH_BS02,8160-500,1,Achse 9301_3160_0001_1_121S6A714_Z | 9301.3160 Laserschweissen Deckel,unknown,8160_M
6112414,330b76b5f6305c8f,EH_BS02,8160-500,1,Achse 9301_3160_0001_1_122S6A714_Z | 9301.3160 Laserschweissen Deckel,unknown,8160_M
6112415,f2c40c5c5d4264b0,EH_BS02,8160-500,1,Achse 9301_3160_0001_1_104S6A713_Z | 9301.3160 Laserschweissen Deckel,unknown,8160_M
6112416,40f98ff4a993b0dd,EH_BS02,8160-500,1,Achse 9301_3160_0001_1_114S6A713_Z | 9301.3160 Laserschweissen Deckel,unknown,8160_M
6112371,3ffc09fa2b49114f,EH_BS02,8160-500,1,Achse 9301_3115_0001_1_106156_Y | 9301.3115 Montage FPC LC-COM,unknown,8160_M
6112372,88e935fa4a496f28,EH_BS02,8160-500,1,Achse 9301_3115_0001_1_106S2A713_Z | 9301.3115 Montage FPC LC-COM,unknown,8160_M
6112373,0fef047f9e9fb05e,EH_BS02,8160-500,1,Achse 9301_3115_0001_1_106S2A711_Y | 9301.3115 Montage FPC LC-COM,unknown,8160_M
6112374,37311cb318267e5d,EH_BS02,8160-500,1,Achse 9301_3115_0001_1_106S2A712_Z | 9301.3115 Montage FPC LC-COM,unknown,8160_M
6112375,0f211e5a0fa3c386,EH_BS02,8160-500,1,Achse 9301_3115_0001_1_106S2A710_X | 9301.3115 Montage FPC LC-COM,unknown,8160_M
6112376,6452c5eed520352f,EH_BS02,8160-500,1,Achse 9301_3115_0001_1_101S1A710_X | 9301.3115 Montage FPC LC-COM,unknown,8160_M
6112377,6b2f1f8f93ccf07b,EH_BS02,8160-500,1,Achse 9301_3115_0001_1_101S1A712_Y | 9301.3115 Montage FPC LC-COM,unknown,8160_M
6112378,2fd4b37fa330cde6,EH_BS02,8160-500,1,Achse 9301_3115_0001_1_101S1A711_Z | 9301.3115 Montage FPC LC-COM,unknown,8160_M
6112379,0545c7022f063e01,EH_BS02,8160-500,1,Achse 9301_3115_0001_1_103S1A713_Y | 9301.3115 Montage FPC LC-COM,unknown,8160_M
6112380,1fc8e63e4d16a5ca,EH_BS02,8160-500,1,Achse 9301_3115_0001_1_105S2A710_Y | 9301.3115 Montage FPC LC-COM,unknown,8160_M
6112381,7f98064a7b5238d7,EH_BS02,8160-500,1,Achse 9301_3115_0001_1_103S1A710_X | 9301.3115 Montage FPC LC-COM,unknown,8160_M
6112382,4052da87f18b5de6,EH_BS02,8160-500,1,Achse 9301_3115_0001_1_103S1A712_X | 9301.3115 Montage FPC LC-COM,unknown,8160_M
6112383,194ae899d7ee37e9,EH_BS02,8160-500,1,Achse 9301_3115_0001_1_105S2A711_X | 9301.3115 Montage FPC LC-COM,unknown,8160_M
6112384,a84df63fc4dfafc8,EH_BS02,8160-500,1,Achse 9301_3115_0001_1_105S2A712_X | 9301.3115 Montage FPC LC-COM,unknown,8160_M
6112385,16abb4a20eb884ae,EH_BS02,8160-500,1,Achse 9301_3115_0001_1_103S1A711_Y | 9301.3115 Montage FPC LC-COM,unknown,8160_M
6112386,440c00cc1638e061,EH_BS02,8160-500,1,Achse 9301_3115_0001_1_105S2A713_Y | 9301.3115 Montage FPC LC-COM,unknown,8160_M
6112356,63f5d81c89e667ed,EH_BS02,8160-500,1,Achse 9301_3110_0001_1_102S1A710_X | 9301.3110 Dispensen Deckel,unknown,8160_M
6112357,cd5c27cd3658fbda,EH_BS02,8160-500,1,Achse 9301_3110_0001_1_102S1A711_Y | 9301.3110 Dispensen Deckel,unknown,8160_M
6112358,25c302d1a4ca92eb,EH_BS02,8160-500,1,Achse 9301_3110_0001_1_103S2A710_Y | 9301.3110 Dispensen Deckel,unknown,8160_M
6112359,0f83814e1ba52346,EH_BS02,8160-500,1,Achse 9301_3110_0001_1_103S2A711_Y | 9301.3110 Dispensen Deckel,unknown,8160_M
6112360,55f55455ed0e9429,EH_BS02,8160-500,1,Achse 9301_3110_0001_1_103S2A712_X | 9301.3110 Dispensen Deckel,unknown,8160_M
6112361,644c82b0d1e3ede3,EH_BS02,8160-500,1,Achse 9301_3110_0001_1_103S2A713_Z | 9301.3110 Dispensen Deckel,unknown,8160_M
6112362,cb985a96d7abfeed,EH_BS02,8160-500,1,Achse 9301_3110_0001_1_103S2A714_X | 9301.3110 Dispensen Deckel,unknown,8160_M
6112363,af9ebe48c6ccbe7a,EH_BS02,8160-500,1,Achse 9301_3110_0001_1_103S2A715_Z | 9301.3110 Dispensen Deckel,unknown,8160_M
6112364,b4e0024dfc89d48e,EH_BS02,8160-500,1,Achse 9301_3110_0001_1_105S2A710_Y | 9301.3110 Dispensen Deckel,unknown,8160_M
6112365,e81936ff7ae27314,EH_BS02,8160-500,1,Achse 9301_3110_0001_1_105S2A711_X | 9301.3110 Dispensen Deckel,unknown,8160_M
6112366,958eede0ef627f74,EH_BS02,8160-500,1,Achse 9301_3110_0001_1_105S2A712_X | 9301.3110 Dispensen Deckel,unknown,8160_M
6112367,f2eb73cab976663b,EH_BS02,8160-500,1,Achse 9301_3110_0001_1_105S2A713_Z | 9301.3110 Dispensen Deckel,unknown,8160_M
6112368,d6103587b1cc0f25,EH_BS02,8160-500,1,Achse 9301_3110_0001_1_106S2A710_Y | 9301.3110 Dispensen Deckel,unknown,8160_M
6112369,e3f79ff46fb6d4f8,EH_BS02,8160-500,1,Achse 9301_3110_0001_1_106S2A711_Z | 9301.3110 Dispensen Deckel,unknown,8160_M
6112370,497752c8ab319609,EH_BS02,8160-500,1,Achse 9301_3110_0001_1_914S2A710_Z | 9301.3110 Dispensen Deckel,unknown,8160_M
6111161,59e579e2a250a9d4,EH_BS02,8160-500,1,Achse 9301_3130_0001_1_101S2A710_Ch1 | 9301.3130 elektr. Test,unknown,8160_M
6111162,e35097c43794faec,EH_BS02,8160-500,1,Achse 9301_3130_0001_1_101S2A710_Ch2 | 9301.3130 elektr. Test,unknown,8160_M
6111163,2ad84d6536efc28e,EH_BS02,8160-500,1,Achse 9301_3130_0001_1_102S2A710_Ch1 | 9301.3130 elektr. Test,unknown,8160_M
6111164,26c4cdbc9537cff8,EH_BS02,8160-500,1,Achse 9301_3130_0001_1_102S2A710_Ch2 | 9301.3130 elektr. Test,unknown,8160_M
6111168,ddf40f7e6bcd200d,EH_BS02,8160-500,1,Achse 9301_3130_0001_1_103S2A710_Ch1 | 9301.3130 elektr. Test,unknown,8160_M
6111169,af55b6f5aea462f5,EH_BS02,8160-500,1,Achse 9301_3130_0001_1_103S2A710_Ch2 | 9301.3130 elektr. Test,unknown,8160_M
6111178,51b127321ae39816,EH_BS02,8160-500,1,Achse 9301_3130_0001_1_104S2A710_Ch1 | 9301.3130 elektr. Test,unknown,8160_M
6111179,4aa15c00385e17f7,EH_BS02,8160-500,1,Achse 9301_3130_0001_1_104S2A710_Ch2 | 9301.3130 elektr. Test,unknown,8160_M
6111180,4c56aefa2a42dbec,EH_BS02,8160-500,1,Achse 9301_3140_0001_1_101S2A710_Ch1 | 9301.3140 Prüfen Schweissungen,unknown,8160_M
6111181,c1027b16ad12d2a9,EH_BS02,8160-500,1,Achse 9301_3140_0001_1_101S2A710_Ch2 | 9301.3140 Prüfen Schweissungen,unknown,8160_M
6111182,4f31001bb0f24cef,EH_BS02,8160-500,1,Achse 9301_3140_0001_1_102S2A710_Ch1 | 9301.3140 Prüfen Schweissungen,unknown,8160_M
6111183,5f7136e895a86b24,EH_BS02,8160-500,1,Achse 9301_3140_0001_1_102S2A710_Ch2 | 9301.3140 Prüfen Schweissungen,unknown,8160_M
6111184,2aa05b07e5b95c46,EH_BS02,8160-500,1,Achse 9301_3140_0001_1_103S2A710_Ch1 | 9301.3140 Prüfen Schweissungen,unknown,8160_M
6111185,b8c02b2ebe2de238,EH_BS02,8160-500,1,Achse 9301_3140_0001_1_103S2A710_Ch2 | 9301.3140 Prüfen Schweissungen,unknown,8160_M
6111190,6ec3a8bd3c1cba1a,EH_BS02,8160-500,1,Achse 9301_3140_0001_1_103S3A720_Ch1 | 9301.3140 Prüfen Schweissungen,unknown,8160_M
6111191,9bd60aa28d5e17a9,EH_BS02,8160-500,1,Achse 9301_3140_0001_1_103S3A721_Ch1 | 9301.3140 Prüfen Schweissungen,unknown,8160_M
6111220,131abdd3e11ab349,EH_BS02,8160-500,1,Achse 9301_3140_0001_1_103S3A722_Ch1 | 9301.3140 Prüfen Schweissungen,unknown,8160_M
6111221,46522c1a5b03496b,EH_BS02,8160-500,1,Achse 9301_3140_0001_1_104S2A710_Ch1 | 9301.3140 Prüfen Schweissungen,unknown,8160_M
6111222,60adf65318926ffe,EH_BS02,8160-500,1,Achse 9301_3140_0001_1_104S2A710_Ch2 | 9301.3140 Prüfen Schweissungen,unknown,8160_M
6112390,039b58b390c97941,EH_BS02,8160-500,1,Achse 9301_3140_0001_1_103S3A721_X | 9301.3140 Prüfen Schweissungen,unknown,8160_M
6112391,6e0fa54aa4bf9d4e,EH_BS02,8160-500,1,Achse 9301_3140_0001_1_103S3A722_Z | 9301.3140 Prüfen Schweissungen,unknown,8160_M
6112392,b99f6876f2ca709c,EH_BS02,8160-500,1,Achse 9301_3140_0001_1_103S3A720_Y | 9301.3140 Prüfen Schweissungen,unknown,8160_M
6112393,e24087db7e53dd98,EH_BS02,8160-500,1,Achse 9301_3150_0001_1_104S3A729_X | 9301.3150 Montage e-housing,unknown,8160_M
6112394,5da3cac744868074,EH_BS02,8160-500,1,Achse 9301_3150_0001_1_102S3A730_X | 9301.3150 Montage e-housing,unknown,8160_M
6112395,2a43d8090bfbd982,EH_BS02,8160-500,1,Achse 9301_3150_0001_1_103S3A724_Y | 9301.3150 Montage e-housing,unknown,8160_M
6112396,0eb933946b2b1876,EH_BS02,8160-500,1,Achse 9301_3150_0001_1_102S6A726_Z | 9301.3150 Montage e-housing,unknown,8160_M
6112397,b2875ce319ccb88d,EH_BS02,8160-500,1,Achse 9301_3150_0001_1_104S3A726_Z | 9301.3150 Montage e-housing,unknown,8160_M
6112398,f7692cbd03494acc,EH_BS02,8160-500,1,Achse 9301_3150_0001_1_102S3A722_Z | 9301.3150 Montage e-housing,unknown,8160_M
6112399,217d411239377847,EH_BS02,8160-500,1,Achse 9301_3150_0001_1_102720_Y | 9301.3150 Montage e-housing,unknown,8160_M
6112400,6c568950ffd34ba6,EH_BS02,8160-500,1,Achse 9301_3150_0001_1_102S3A720_Y | 9301.3150 Montage e-housing,unknown,8160_M
6112401,8d4388cb85185828,EH_BS02,8160-500,1,Achse 9301_3150_0001_1_104S3A725_Y | 9301.3150 Montage e-housing,unknown,8160_M
6112402,f01b0fa151a785be,EH_BS02,8160-500,1,Achse 9301_3150_0001_1_104725_Y | 9301.3150 Montage e-housing,unknown,8160_M
6111225,daff82921645b7f0,EH_BS02,8160-500,1,Achse 9301_3180_0001_1_101S2A710_Ch2 | 9301.3180 Prüfen Deckelschweissung,unknown,8160_M
6111226,96f5727875cf1bda,EH_BS02,8160-500,1,Achse 9301_3180_0001_1_102S2A710_Ch1 | 9301.3180 Prüfen Deckelschweissung,unknown,8160_M
6111227,255b950752797404,EH_BS02,8160-500,1,Achse 9301_3180_0001_1_102S2A710_Ch2 | 9301.3180 Prüfen Deckelschweissung,unknown,8160_M
6111228,dbfa54c107fbe8fc,EH_BS02,8160-500,1,Achse 9301_3180_0001_1_103S2A710_Ch1 | 9301.3180 Prüfen Deckelschweissung,unknown,8160_M
6111229,384b77009bc5d5ce,EH_BS02,8160-500,1,Achse 9301_3180_0001_1_103S2A710_Ch2 | 9301.3180 Prüfen Deckelschweissung,unknown,8160_M
6111230,21dee0373dab1a75,EH_BS02,8160-500,1,Achse 9301_3180_0001_1_103S3A720_Ch1 | 9301.3180 Prüfen Deckelschweissung,unknown,8160_M
6111231,c457e75d9dc99c61,EH_BS02,8160-500,1,Achse 9301_3180_0001_1_103S3A721_Ch1 | 9301.3180 Prüfen Deckelschweissung,unknown,8160_M
6111232,c1f38b4e511a551f,EH_BS02,8160-500,1,Achse 9301_3180_0001_1_103S3A722_Ch1 | 9301.3180 Prüfen Deckelschweissung,unknown,8160_M
6111233,0382f422f0d2eeb7,EH_BS02,8160-500,1,Achse 9301_3180_0001_1_103S3A726_Ch1 | 9301.3180 Prüfen Deckelschweissung,unknown,8160_M
6111263,39dd22bb4d3bc196,EH_BS02,8160-500,1,Achse 9301_3180_0001_1_104S2A710_Ch1 | 9301.3180 Prüfen Deckelschweissung,unknown,8160_M
6111264,d8423eae27985dc0,EH_BS02,8160-500,1,Achse 9301_3180_0001_1_104S2A710_Ch2 | 9301.3180 Prüfen Deckelschweissung,unknown,8160_M
6111265,386d9dbc6e4906e3,EH_BS02,8160-500,1,Achse 9301_3180_0001_1_104S3A723_Ch1 | 9301.3180 Prüfen Deckelschweissung,unknown,8160_M
6111266,331fcd58f67310b8,EH_BS02,8160-500,1,Achse 9301_3180_0001_1_104S3A724_Ch1 | 9301.3180 Prüfen Deckelschweissung,unknown,8160_M
6111321,9f0896a71f2f63e7,EH_BS02,8160-500,1,Achse 9301_3180_0001_1_104S3A725_Ch1 | 9301.3180 Prüfen Deckelschweissung,unknown,8160_M
6111322,b25eef5d402cbff9,EH_BS02,8160-500,1,Achse 9301_3180_0001_1_104S3A727_Ch1 | 9301.3180 Prüfen Deckelschweissung,unknown,8160_M
6111323,1c2a75cfde8a794d,EH_BS02,8160-500,1,Achse 9301_3180_0001_1_905S6A760_Ch1 | 9301.3180 Prüfen Deckelschweissung,unknown,8160_M
6111324,58e10813c07eba6f,EH_BS02,8160-500,1,Achse 9301_3180_0001_1_907S6A760_Ch1 | 9301.3180 Prüfen Deckelschweissung,unknown,8160_M
6112421,f29244cbb41ca5ac,EH_BS02,8160-500,1,Achse 9301_3180_0001_1_103S3A722_Z | 9301.3180 Prüfen Deckelschweissung,unknown,8160_M
6112422,af58a57da4a35d62,EH_BS02,8160-500,1,Achse 9301_3180_0001_1_104S3A725_Z | 9301.3180 Prüfen Deckelschweissung,unknown,8160_M
6112423,5fd41b8be814f77f,EH_BS02,8160-500,1,Achse 9301_3180_0001_1_103S3A720_Y | 9301.3180 Prüfen Deckelschweissung,unknown,8160_M
6112424,10981833a375fd76,EH_BS02,8160-500,1,Achse 9301_3180_0001_1_104S3A723_Y | 9301.3180 Prüfen Deckelschweissung,unknown,8160_M
6112425,1da88f3e74e53d74,EH_BS02,8160-500,1,Achse 9301_3180_0001_1_103S3A721_X | 9301.3180 Prüfen Deckelschweissung,unknown,8160_M
6112426,8cb8221fb5df7d67,EH_BS02,8160-500,1,Achse 9301_3180_0001_1_104S3A724_X | 9301.3180 Prüfen Deckelschweissung,unknown,8160_M
6097671,9599a028627c95d1,EH_BS02,8160-500,1,Wartung Filter an Laserschweißanlagen | 9301.3120 Trumpf TruDisk Pulse Schweißla,unknown,8160_W
6103610,8968012febc48d4c,EH_BS02,8160-500,1,Wartung Service Dispensanlagen Teil 1 | 9301.3110 bdtronic,unknown,8160_W
6106540,c6c81c115d17600a,EH_BS02,8160-500,1,Wartung Service Dispensanlagen Teil 2 | 9301.3110 bdtronic,unknown,8160_M
6111223,d8740ab07cf3169e,EH_BS02,8160-500,1,Achse 9301_3170_0001_1_121S1T711_Ch1 | 9301.3170 Laserschweißen FF DC/DC,unknown,8160_M
6112420,61eef5f1c61cbc8b,EH_BS02,8160-500,1,Achse 9301_3170_0001_1_121S6A711_Z | 9301.3170 Laserschweißen FF DC/DC,unknown,8160_M
6112417,d33b0e2a16561373,EH_BS02,8160-500,1,Achse 9301_3165_0001_1_121S6A714_Z | 9301.3165 Laserschweißen,unknown,8160_M
6112418,d6afc35d16b7174b,EH_BS02,8160-500,1,Achse 9301_3165_0001_1_122S6A714_Z | 9301.3165 Laserschweißen,unknown,8160_M
6112419,00223a3eb9ab1dc1,EH_BS02,8160-500,1,Achse 9301_3165_0001_1_104S6A713_Z | 9301.3165 Laserschweißen,unknown,8160_M
6112403,7916957315a88f0d,EH_BS02,8160-500,1,"Achse 9301_3155_0001_1_104S6A729_X | 9301.3155 Montage e-hous. 2, FF fixieren",unknown,8160_M
6112404,21184541d5264ef6,EH_BS02,8160-500,1,"Achse 9301_3155_0001_1_102S6A723_Z | 9301.3155 Montage e-hous. 2, FF fixieren",unknown,8160_M
6112405,21184541d5264ef6,EH_BS02,8160-500,1,"Achse 9301_3155_0001_1_102S6A723_Z | 9301.3155 Montage e-hous. 2, FF fixieren",unknown,8160_M
6112406,def2bf03e0a797d5,EH_BS02,8160-500,1,"Achse 9301_3155_0001_1_102720_Y | 9301.3155 Montage e-hous. 2, FF fixieren",unknown,8160_M
6112407,def2bf03e0a797d5,EH_BS02,8160-500,1,"Achse 9301_3155_0001_1_102720_Y | 9301.3155 Montage e-hous. 2, FF fixieren",unknown,8160_M
6112408,d05fa199234cf80a,EH_BS02,8160-500,1,"Achse 9301_3155_0001_1_102S6A720_Y | 9301.3155 Montage e-hous. 2, FF fixieren",unknown,8160_M
6112409,ab81570a47291cbf,EH_BS02,8160-500,1,"Achse 9301_3155_0001_1_104S6A725_Y | 9301.3155 Montage e-hous. 2, FF fixieren",unknown,8160_M
6112410,160ead9d10acdbc5,EH_BS02,8160-500,1,"Achse 9301_3155_0001_1_104725_Y | 9301.3155 Montage e-hous. 2, FF fixieren",unknown,8160_M
6112411,b0ed36fca27fa15a,EH_BS02,8160-500,1,"Achse 9301_3155_0001_1_104S6A735_Z | 9301.3155 Montage e-hous. 2, FF fixieren",unknown,8160_M
6112412,017a3d37b245f772,EH_BS02,8160-500,1,"Achse 9301_3155_0001_1_102S6A731_Z | 9301.3155 Montage e-hous. 2, FF fixieren",unknown,8160_M
6097257,f0fe3d2dd302857c,EH_BS02,8160-500,0,Wartung Service an FA8001.4 allg 4W,week,8160_W
6112427,16b28c901368be00,EH_BS02,8160-500,1,Achse 9401_4110_0001_1_203S3A720_X | 9401.4110 Dispensen Deckel DAI,unknown,8160_M
6112428,75af3c90718fbe6f,EH_BS02,8160-500,1,Achse 9401_4110_0001_1_203S3A722_Z | 9401.4110 Dispensen Deckel DAI,unknown,8160_M
6112429,6afa164fafc71478,EH_BS02,8160-500,1,Achse 9401_4110_0001_1_103S1A721_1_Y | 9401.4110 Dispensen Deckel DAI,unknown,8160_M
6112430,3c89ad722ff38f00,EH_BS02,8160-500,1,Achse 9401_4110_0001_1_203S3A721_1_Y | 9401.4110 Dispensen Deckel DAI,unknown,8160_M
6112431,c8f5964ea8ce2a5d,EH_BS02,8160-500,1,Achse 9401_4110_0001_1_203S3A721_2_Y | 9401.4110 Dispensen Deckel DAI,unknown,8160_M
6112432,df07561734a8e1d4,EH_BS02,8160-500,1,Achse 9401_4110_0001_1_103S1A721_2_Y | 9401.4110 Dispensen Deckel DAI,unknown,8160_M
6112433,e56fc7a45002ce68,EH_BS02,8160-500,1,Achse 9401_4110_0001_1_103S1A720_X | 9401.4110 Dispensen Deckel DAI,unknown,8160_M
6112434,5cd292b7f5a16676,EH_BS02,8160-500,1,Achse 9401_4110_0001_1_103S1A722_Z | 9401.4110 Dispensen Deckel DAI,unknown,8160_M
6112443,67241bba5b03f4c8,EH_BS02,8160-500,1,Achse 9401_4140_0001_1_102S3A722_Y | 9401.4140 Montage Blindstopfen,unknown,8160_M
6112444,4991433722ec25e3,EH_BS02,8160-500,1,Achse 9401_4140_0001_1_103S3A720_X | 9401.4140 Montage Blindstopfen,unknown,8160_M
6112445,3a1c0eef9efb2e79,EH_BS02,8160-500,1,Achse 9401_4140_0001_1_102S3A720_X | 9401.4140 Montage Blindstopfen,unknown,8160_M
6112446,063623d6d76c1efc,EH_BS02,8160-500,1,Achse 9401_4140_0001_1_104S3A722_Y | 9401.4140 Montage Blindstopfen,unknown,8160_M
6112447,5bd1b9c623cc80b5,EH_BS02,8160-500,1,Achse 9401_4140_0001_1_102S3A721_Z | 9401.4140 Montage Blindstopfen,unknown,8160_M
6112448,9cd2324e7d9435c8,EH_BS02,8160-500,1,Achse 9401_4140_0001_1_103S3A721_Z | 9401.4140 Montage Blindstopfen,unknown,8160_M
6112449,99a48ca1f27b622c,EH_BS02,8160-500,1,Achse 9401_4140_0001_1_102S5A730_Z | 9401.4140 Montage Blindstopfen,unknown,8160_M
6112450,0819b234a9c1a6cf,EH_BS02,8160-500,1,Achse 9401_4140_0001_1_103S5A730_Z | 9401.4140 Montage Blindstopfen,unknown,8160_M
6112451,8b972af3ce1c5024,EH_BS02,8160-500,1,Achse 9401_4140_0001_1_104S5A730_Z | 9401.4140 Montage Blindstopfen,unknown,8160_M
6112452,126a1cd3c794a4a0,EH_BS02,8160-500,1,Achse 9401_4140_0001_1_104S3A720_X | 9401.4140 Montage Blindstopfen,unknown,8160_M
6112453,bec17e0ee0b5fd5f,EH_BS02,8160-500,1,Achse 9401_4160_0001_1_104S5A725_Y | 9401.4160 Montage Fuseholder,unknown,8160_M
6112454,758fe04e241e55e3,EH_BS02,8160-500,1,Achse 9401_4160_0001_1_104S5A730_Z | 9401.4160 Montage Fuseholder,unknown,8160_M
6112455,13980d865016c8a8,EH_BS02,8160-500,1,Achse 9401_4160_0001_1_102S5A721_Z | 9401.4160 Montage Fuseholder,unknown,8160_M
6112456,a142c3913e6a631c,EH_BS02,8160-500,1,Achse 9401_4160_0001_1_104S5A724_Z | 9401.4160 Montage Fuseholder,unknown,8160_M
6112457,82c029d34051a1bf,EH_BS02,8160-500,1,Achse 9401_4160_0001_1_102S5A720_X | 9401.4160 Montage Fuseholder,unknown,8160_M
6112458,7210bfa671806f09,EH_BS02,8160-500,1,Achse 9401_4160_0001_1_104S5A723_X | 9401.4160 Montage Fuseholder,unknown,8160_M
6112459,1eff3ec5fb7a959f,EH_BS02,8160-500,1,Achse 9401_4160_0001_1_102S5A722_Z | 9401.4160 Montage Fuseholder,unknown,8160_M
6112435,26b71ec571bc0bad,EH_BS02,8160-500,1,Achse 9401_4120_0001_1_102S1A720_X | 9401.4120 Montage + Schrauben Deckel,unknown,8160_M
6112436,5cfd42244a71a5a7,EH_BS02,8160-500,1,Achse 9401_4120_0001_1_102S1A721_1_Y | 9401.4120 Montage + Schrauben Deckel,unknown,8160_M
6112437,305e7dad3cad2a79,EH_BS02,8160-500,1,Achse 9401_4120_0001_1_102S1A721_2_Y | 9401.4120 Montage + Schrauben Deckel,unknown,8160_M
6112438,24fa38726b81efe9,EH_BS02,8160-500,1,Achse 9401_4120_0001_1_102S1A722_Z | 9401.4120 Montage + Schrauben Deckel,unknown,8160_M
6112439,a2aaaf2ea92d7306,EH_BS02,8160-500,1,Achse 9401_4120_0001_1_104S5A722_1_Z | 9401.4120 Montage + Schrauben Deckel,unknown,8160_M
6112440,a6e65ae56e638174,EH_BS02,8160-500,1,Achse 9401_4120_0001_1_104S5A722_2_Z | 9401.4120 Montage + Schrauben Deckel,unknown,8160_M
6112441,3dc1f1845d148728,EH_BS02,8160-500,1,Achse 9401_4120_0001_1_104S5A720_1_X | 9401.4120 Montage + Schrauben Deckel,unknown,8160_M
6112442,28c1fc49a0bede78,EH_BS02,8160-500,1,Achse 9401_4120_0001_1_104S5A720_2_X | 9401.4120 Montage + Schrauben Deckel,unknown,8160_M
6103651,de93e68d3514e793,EH_BS02,8160-500,1,Wartung Service Dispensanlagen Teil 1 | 9401.4110 bdtronic Materialaufbereitung,unknown,8160_W
6106591,d8440dcb6c35a456,EH_BS02,8160-500,1,Wartung Service Dispensanlagen Teil 2 | 9401.4110 bdtronic Materialaufbereitung,unknown,8160_M
6097258,91c845546ba05e51,EH_BS02,8160-500,0,Wartung Service an FA8001.5 allg 1W,week,8160_W
6111073,d57148710803487d,EH_BS02,8160-500,1,Achse 9501_5110_0001_1_103A710Y1 | 9501.5110 EoLT & SW-Flashen,unknown,8160_M
6111074,fee9e3ae93da5036,EH_BS02,8160-500,1,Achse 9501_5110_0001_1_103A710Y2 | 9501.5110 EoLT & SW-Flashen,unknown,8160_M
6111075,725d3666833cb091,EH_BS02,8160-500,1,Achse 9501_5110_0001_1_104A710Y1 | 9501.5110 EoLT & SW-Flashen,unknown,8160_M
6111076,1fe7ad42f718caad,EH_BS02,8160-500,1,Achse 9501_5110_0001_1_104A710Y2 | 9501.5110 EoLT & SW-Flashen,unknown,8160_M
6111077,4b3f517162880ca4,EH_BS02,8160-500,1,Achse 9501_5110_0001_1_107A710Y1 | 9501.5110 EoLT & SW-Flashen,unknown,8160_M
6111078,73c23d5fdaced81f,EH_BS02,8160-500,1,Achse 9501_5110_0001_1_107A710Y2 | 9501.5110 EoLT & SW-Flashen,unknown,8160_M
6111079,74610e00188014b6,EH_BS02,8160-500,1,Achse 9501_5110_0001_1_108A710Y1 | 9501.5110 EoLT & SW-Flashen,unknown,8160_M
6111080,889ae859dd14adda,EH_BS02,8160-500,1,Achse 9501_5110_0001_1_108A710Y2 | 9501.5110 EoLT & SW-Flashen,unknown,8160_M
6111088,23e892922bba737c,EH_BS02,8160-500,1,Achse 9501_5110_0001_1_111A710Y1 | 9501.5110 EoLT & SW-Flashen,unknown,8160_M
6111089,0c8c324b2812d771,EH_BS02,8160-500,1,Achse 9501_5110_0001_1_111A710Y2 | 9501.5110 EoLT & SW-Flashen,unknown,8160_M
6111090,ceaefed230bef0da,EH_BS02,8160-500,1,Achse 9501_5110_0001_1_112A710Y1 | 9501.5110 EoLT & SW-Flashen,unknown,8160_M
6111091,bd4ae6f33df78377,EH_BS02,8160-500,1,Achse 9501_5110_0001_1_112A710Y2 | 9501.5110 EoLT & SW-Flashen,unknown,8160_M
6111092,21635329ff753da3,EH_BS02,8160-500,1,Achse 9501_5110_0001_1_115A710Y1 | 9501.5110 EoLT & SW-Flashen,unknown,8160_M
6111093,12769f2d5b8ffefc,EH_BS02,8160-500,1,Achse 9501_5110_0001_1_115A710Y2 | 9501.5110 EoLT & SW-Flashen,unknown,8160_M
6111103,ea5f8065f4c9982f,EH_BS02,8160-500,1,Achse 9501_5110_0001_1_116A710Y1 | 9501.5110 EoLT & SW-Flashen,unknown,8160_M
6111104,1533cfa85c61d328,EH_BS02,8160-500,1,Achse 9501_5110_0001_1_116A710Y2 | 9501.5110 EoLT & SW-Flashen,unknown,8160_M
6111105,66574c54a5fabd6d,EH_BS02,8160-500,1,Achse 9501_5110_0001_1_119A710Y1 | 9501.5110 EoLT & SW-Flashen,unknown,8160_M
6111106,4bf104573de4a346,EH_BS02,8160-500,1,Achse 9501_5110_0001_1_119A710Y2 | 9501.5110 EoLT & SW-Flashen,unknown,8160_M
6111107,6c2a3e18e0a91ae4,EH_BS02,8160-500,1,Achse 9501_5110_0001_1_120A710Y1 | 9501.5110 EoLT & SW-Flashen,unknown,8160_M
6111108,cc3ef48ff9566d6a,EH_BS02,8160-500,1,Achse 9501_5110_0001_1_120A710Y2 | 9501.5110 EoLT & SW-Flashen,unknown,8160_M
6111109,31e12b87ac812a56,EH_BS02,8160-500,1,"Achse 9501_5160_0001_1_101A710_X1 | 9501.5160 Etikett., Laserbeschrift., AOI",unknown,8160_M
6111110,c77d49ebe48e3c5e,EH_BS02,8160-500,1,"Achse 9501_5160_0001_1_101A710_X2 | 9501.5160 Etikett., Laserbeschrift., AOI",unknown,8160_M
6111116,d84e827457000f41,EH_BS02,8160-500,1,"Achse 9501_5160_0001_1_102A710_X1 | 9501.5160 Etikett., Laserbeschrift., AOI",unknown,8160_M
6111117,00cb14bc2f7c348d,EH_BS02,8160-500,1,"Achse 9501_5160_0001_1_102A710_X2 | 9501.5160 Etikett., Laserbeschrift., AOI",unknown,8160_M
6111118,2afa80f4d6402e43,EH_BS02,8160-500,1,"Achse 9501_5160_0001_1_103A710_X1 | 9501.5160 Etikett., Laserbeschrift., AOI",unknown,8160_M
6111119,590b273fcb1076dd,EH_BS02,8160-500,1,"Achse 9501_5160_0001_1_103A710_X2 | 9501.5160 Etikett., Laserbeschrift., AOI",unknown,8160_M
6111120,d1dcef973c397caf,EH_BS02,8160-500,1,"Achse 9501_5160_0001_1_104A710_X1 | 9501.5160 Etikett., Laserbeschrift., AOI",unknown,8160_M
6111131,58b0983c666a3c8b,EH_BS02,8160-500,1,"Achse 9501_5160_0001_1_104A710_X2 | 9501.5160 Etikett., Laserbeschrift., AOI",unknown,8160_M
6111132,aea82e0e0642c9f5,EH_BS02,8160-500,1,"Achse 9501_5160_0001_1_106A710_X | 9501.5160 Etikett., Laserbeschrift., AOI",unknown,8160_M
6111133,d3c1d38a3ba9535f,EH_BS02,8160-500,1,"Achse 9501_5160_0001_1_120A710_X | 9501.5160 Etikett., Laserbeschrift., AOI",unknown,8160_M
6111134,f2c75b9853531a76,EH_BS02,8160-500,1,"Achse 9501_5160_0001_1_120A711_Y | 9501.5160 Etikett., Laserbeschrift., AOI",unknown,8160_M
6111135,e61440c80d83d25b,EH_BS02,8160-500,1,"Achse 9501_5160_0001_1_120A712_Z | 9501.5160 Etikett., Laserbeschrift., AOI",unknown,8160_M
6111136,8861a1432caeddd2,EH_BS02,8160-500,1,"Achse 9501_5160_0001_1_130A710_X | 9501.5160 Etikett., Laserbeschrift., AOI",unknown,8160_M
6111137,f810c4a3e03b2fcd,EH_BS02,8160-500,1,"Achse 9501_5160_0001_1_130A711_Y | 9501.5160 Etikett., Laserbeschrift., AOI",unknown,8160_M
6111138,cc1b2f0f1ab8948a,EH_BS02,8160-500,1,"Achse 9501_5160_0001_1_130A712_Z | 9501.5160 Etikett., Laserbeschrift., AOI",unknown,8160_M
6111139,a93f1c99e8f03e91,EH_BS02,8160-500,1,"Achse 9501_5160_0001_1_150A711_U | 9501.5160 Etikett., Laserbeschrift., AOI",unknown,8160_M
6111140,50528c8cf4bb9cfc,EH_BS02,8160-500,1,"Achse 9501_5160_0001_1_150A712_X | 9501.5160 Etikett., Laserbeschrift., AOI",unknown,8160_M
6111146,36108f51ca7a0867,EH_BS02,8160-500,1,"Achse 9501_5160_0001_1_150A713_Y | 9501.5160 Etikett., Laserbeschrift., AOI",unknown,8160_M
6111147,93e7beecc93ef3be,EH_BS02,8160-500,1,"Achse 9501_5160_0001_1_150A714_Z | 9501.5160 Etikett., Laserbeschrift., AOI",unknown,8160_M
6111148,900b8944e5bda31b,EH_BS02,8160-500,1,"Achse 9501_5160_0001_1_150A715_Y | 9501.5160 Etikett., Laserbeschrift., AOI",unknown,8160_M
6112460,de64a6bf907cd716,EH_BS02,8160-500,1,"Achse 9501_5160_0001_1_120S3A712_Z | 9501.5160 Etikett., Laserbeschrift., AOI",unknown,8160_M
6112461,5d8ad435e255a4f0,EH_BS02,8160-500,1,"Achse 9501_5160_0001_1_130S3A712_Z | 9501.5160 Etikett., Laserbeschrift., AOI",unknown,8160_M
6112462,279f4a331a0776ee,EH_BS02,8160-500,1,"Achse 9501_5160_0001_1_120S3A711_Y | 9501.5160 Etikett., Laserbeschrift., AOI",unknown,8160_M
6112463,9af3edc2c823f993,EH_BS02,8160-500,1,"Achse 9501_5160_0001_1_130S3A711_Y | 9501.5160 Etikett., Laserbeschrift., AOI",unknown,8160_M
6112464,66da90410ba27302,EH_BS02,8160-500,1,"Achse 9501_5160_0001_1_120S3A710_X | 9501.5160 Etikett., Laserbeschrift., AOI",unknown,8160_M
6112465,ae6962dd6502a7c6,EH_BS02,8160-500,1,"Achse 9501_5160_0001_1_130S3A710_X | 9501.5160 Etikett., Laserbeschrift., AOI",unknown,8160_M
6112466,1dd52f4e0246174f,EH_BS02,8160-500,1,"Achse 9501_5160_0001_1_150S4A712_X | 9501.5160 Etikett., Laserbeschrift., AOI",unknown,8160_M
6112467,65e161707857fbe3,EH_BS02,8160-500,1,"Achse 9501_5160_0001_1_150713_Y | 9501.5160 Etikett., Laserbeschrift., AOI",unknown,8160_M
6112468,482d8841769b1ca9,EH_BS02,8160-500,1,"Achse 9501_5160_0001_1_150S4A713_Y | 9501.5160 Etikett., Laserbeschrift., AOI",unknown,8160_M
6112469,6c65d20ceee7b0b5,EH_BS02,8160-500,1,"Achse 9501_5160_0001_1_150S4A714_Z | 9501.5160 Etikett., Laserbeschrift., AOI",unknown,8160_M
6097253,6334d1f540b63875,EH_BS02,8160-500,0,Wartung Service an FA8101 allg 1W,week,8160_W
6111234,456e74a405de112c,EH_BS02,8160-500,1,Achse 9100_1170_0001_1_101A710_X1 | 9100.1170 Montage Zellstack Zell-Housing,unknown,8160_M
6111235,17d2024064d9d2ad,EH_BS02,8160-500,1,Wartungsplan Achse | 9100.1170 Montage Zellstack Zell-Housing,unknown,8160_M
6111236,17d2024064d9d2ad,EH_BS02,8160-500,1,Wartungsplan Achse | 9100.1170 Montage Zellstack Zell-Housing,unknown,8160_M
6111237,e2ecb7d82d21d984,EH_BS02,8160-500,1,Achse 9100_1170_0001_1_101A710_X2 | 9100.1170 Montage Zellstack Zell-Housing,unknown,8160_M
6111238,eb519f3e4ed4c50f,EH_BS02,8160-500,1,Achse 9100_1170_0001_1_102A710_X1 | 9100.1170 Montage Zellstack Zell-Housing,unknown,8160_M
6111239,17d2024064d9d2ad,EH_BS02,8160-500,1,Wartungsplan Achse | 9100.1170 Montage Zellstack Zell-Housing,unknown,8160_M
6111240,17d2024064d9d2ad,EH_BS02,8160-500,1,Wartungsplan Achse | 9100.1170 Montage Zellstack Zell-Housing,unknown,8160_M
6111241,5114ab8061f1b05e,EH_BS02,8160-500,1,Achse 9100_1170_0001_1_102A710_X2 | 9100.1170 Montage Zellstack Zell-Housing,unknown,8160_M
6111242,5d98e3851de49de9,EH_BS02,8160-500,1,Achse 9100_1170_0001_1_102A712_Y | 9100.1170 Montage Zellstack Zell-Housing,unknown,8160_M
6111243,17d2024064d9d2ad,EH_BS02,8160-500,1,Wartungsplan Achse | 9100.1170 Montage Zellstack Zell-Housing,unknown,8160_M
6111244,17d2024064d9d2ad,EH_BS02,8160-500,1,Wartungsplan Achse | 9100.1170 Montage Zellstack Zell-Housing,unknown,8160_M
6111245,57c55eb29a9615fa,EH_BS02,8160-500,1,Achse 9100_1170_0001_1_102A713_X | 9100.1170 Montage Zellstack Zell-Housing,unknown,8160_M
6111246,14b84ae6b59d19b0,EH_BS02,8160-500,1,Achse 9100_1170_0001_1_102A714_Z | 9100.1170 Montage Zellstack Zell-Housing,unknown,8160_M
6111247,17d2024064d9d2ad,EH_BS02,8160-500,1,Wartungsplan Achse | 9100.1170 Montage Zellstack Zell-Housing,unknown,8160_M
6111248,17d2024064d9d2ad,EH_BS02,8160-500,1,Wartungsplan Achse | 9100.1170 Montage Zellstack Zell-Housing,unknown,8160_M
6111249,0a4585d78ff433d6,EH_BS02,8160-500,1,Achse 9100_1170_0001_1_102A715_X | 9100.1170 Montage Zellstack Zell-Housing,unknown,8160_M
6111250,7e5d01940d7de63e,EH_BS02,8160-500,1,Achse 9100_1170_0001_1_102A716_Y | 9100.1170 Montage Zellstack Zell-Housing,unknown,8160_M
6111251,17d2024064d9d2ad,EH_BS02,8160-500,1,Wartungsplan Achse | 9100.1170 Montage Zellstack Zell-Housing,unknown,8160_M
6111252,17d2024064d9d2ad,EH_BS02,8160-500,1,Wartungsplan Achse | 9100.1170 Montage Zellstack Zell-Housing,unknown,8160_M
6111253,332139a03585a513,EH_BS02,8160-500,1,Achse 9100_1170_0001_1_102A717_Z | 9100.1170 Montage Zellstack Zell-Housing,unknown,8160_M
6111254,17d2024064d9d2ad,EH_BS02,8160-500,1,Wartungsplan Achse | 9100.1170 Montage Zellstack Zell-Housing,unknown,8160_M
6111255,5f75ff987ac8bc69,EH_BS02,8160-500,1,Achse 9100_1170_0001_1_103A710_X1 | 9100.1170 Montage Zellstack Zell-Housing,unknown,8160_M
6111256,17d2024064d9d2ad,EH_BS02,8160-500,1,Wartungsplan Achse | 9100.1170 Montage Zellstack Zell-Housing,unknown,8160_M
6111257,17d2024064d9d2ad,EH_BS02,8160-500,1,Wartungsplan Achse | 9100.1170 Montage Zellstack Zell-Housing,unknown,8160_M
6111258,4c7a2ab1c5978701,EH_BS02,8160-500,1,Achse 9100_1170_0001_1_103A710_X2 | 9100.1170 Montage Zellstack Zell-Housing,unknown,8160_M
6111259,e42f73c9c5800559,EH_BS02,8160-500,1,Achse 9100_1170_0001_1_104A710_X1 | 9100.1170 Montage Zellstack Zell-Housing,unknown,8160_M
6111260,17d2024064d9d2ad,EH_BS02,8160-500,1,Wartungsplan Achse | 9100.1170 Montage Zellstack Zell-Housing,unknown,8160_M
6111261,17d2024064d9d2ad,EH_BS02,8160-500,1,Wartungsplan Achse | 9100.1170 Montage Zellstack Zell-Housing,unknown,8160_M
6111262,36fc3078aaefd724,EH_BS02,8160-500,1,Achse 9100_1170_0001_1_104A710_X2 | 9100.1170 Montage Zellstack Zell-Housing,unknown,8160_M
6111325,17d2024064d9d2ad,EH_BS02,8160-500,1,Wartungsplan Achse | 9100.1170 Montage Zellstack Zell-Housing,unknown,8160_M
6111326,17d2024064d9d2ad,EH_BS02,8160-500,1,Wartungsplan Achse | 9100.1170 Montage Zellstack Zell-Housing,unknown,8160_M
6111327,17d2024064d9d2ad,EH_BS02,8160-500,1,Wartungsplan Achse | 9100.1170 Montage Zellstack Zell-Housing,unknown,8160_M
6111328,17d2024064d9d2ad,EH_BS02,8160-500,1,Wartungsplan Achse | 9100.1170 Montage Zellstack Zell-Housing,unknown,8160_M
6111329,17d2024064d9d2ad,EH_BS02,8160-500,1,Wartungsplan Achse | 9100.1170 Montage Zellstack Zell-Housing,unknown,8160_M
6111330,17d2024064d9d2ad,EH_BS02,8160-500,1,Wartungsplan Achse | 9100.1170 Montage Zellstack Zell-Housing,unknown,8160_M
6111192,855988b17b364d56,EH_BS02,8160-500,1,Achse 9100_1140_0001_1_101A710_X1 | 9100.1140 Disp. in C-Housing,unknown,8160_M
6111193,703217b0c676b5d3,EH_BS02,8160-500,1,Wartungsplan Achse | 9100.1140 Disp. in C-Housing,unknown,8160_M
6111194,703217b0c676b5d3,EH_BS02,8160-500,1,Wartungsplan Achse | 9100.1140 Disp. in C-Housing,unknown,8160_M
6111195,0e0b6b5148799abe,EH_BS02,8160-500,1,Achse 9100_1140_0001_1_101A710_X2 | 9100.1140 Disp. in C-Housing,unknown,8160_M
6111196,ecb86d27de19a1d5,EH_BS02,8160-500,1,Achse 9100_1140_0001_1_101A712_Z | 9100.1140 Disp. in C-Housing,unknown,8160_M
6111197,703217b0c676b5d3,EH_BS02,8160-500,1,Wartungsplan Achse | 9100.1140 Disp. in C-Housing,unknown,8160_M
6111198,703217b0c676b5d3,EH_BS02,8160-500,1,Wartungsplan Achse | 9100.1140 Disp. in C-Housing,unknown,8160_M
6111199,833986ab867d7847,EH_BS02,8160-500,1,Achse 9100_1140_0001_1_102A710_X1 | 9100.1140 Disp. in C-Housing,unknown,8160_M
6111200,1519d5f5d49b0863,EH_BS02,8160-500,1,Achse 9100_1140_0001_1_102A710_X2 | 9100.1140 Disp. in C-Housing,unknown,8160_M
6111201,703217b0c676b5d3,EH_BS02,8160-500,1,Wartungsplan Achse | 9100.1140 Disp. in C-Housing,unknown,8160_M
6111202,703217b0c676b5d3,EH_BS02,8160-500,1,Wartungsplan Achse | 9100.1140 Disp. in C-Housing,unknown,8160_M
6111203,abbf91f821e0767c,EH_BS02,8160-500,1,Achse 9100_1140_0001_1_103A710_X1 | 9100.1140 Disp. in C-Housing,unknown,8160_M
6111204,4efd76033c257fc5,EH_BS02,8160-500,1,Achse 9100_1140_0001_1_103A710_X2 | 9100.1140 Disp. in C-Housing,unknown,8160_M
6111205,703217b0c676b5d3,EH_BS02,8160-500,1,Wartungsplan Achse | 9100.1140 Disp. in C-Housing,unknown,8160_M
6111206,703217b0c676b5d3,EH_BS02,8160-500,1,Wartungsplan Achse | 9100.1140 Disp. in C-Housing,unknown,8160_M
6111207,579e14a3be5a52e0,EH_BS02,8160-500,1,Achse 9100_1140_0001_1_104A710_X1 | 9100.1140 Disp. in C-Housing,unknown,8160_M
6111208,7f25e68c1c88af5e,EH_BS02,8160-500,1,Achse 9100_1140_0001_1_104A710_X2 | 9100.1140 Disp. in C-Housing,unknown,8160_M
6111209,703217b0c676b5d3,EH_BS02,8160-500,1,Wartungsplan Achse | 9100.1140 Disp. in C-Housing,unknown,8160_M
6111210,703217b0c676b5d3,EH_BS02,8160-500,1,Wartungsplan Achse | 9100.1140 Disp. in C-Housing,unknown,8160_M
6111211,703217b0c676b5d3,EH_BS02,8160-500,1,Wartungsplan Achse | 9100.1140 Disp. in C-Housing,unknown,8160_M
6111212,703217b0c676b5d3,EH_BS02,8160-500,1,Wartungsplan Achse | 9100.1140 Disp. in C-Housing,unknown,8160_M
6111213,703217b0c676b5d3,EH_BS02,8160-500,1,Wartungsplan Achse | 9100.1140 Disp. in C-Housing,unknown,8160_M
6111214,703217b0c676b5d3,EH_BS02,8160-500,1,Wartungsplan Achse | 9100.1140 Disp. in C-Housing,unknown,8160_M
6111215,3ac380a8bc80c5d3,EH_BS02,8160-500,1,Achse 9100_1140_0001_1_130A712_X | 9100.1140 Disp. in C-Housing,unknown,8160_M
6111216,6039b04b3cc6cb15,EH_BS02,8160-500,1,Achse 9100_1140_0001_1_130A713_Z | 9100.1140 Disp. in C-Housing,unknown,8160_M
6111217,703217b0c676b5d3,EH_BS02,8160-500,1,Wartungsplan Achse | 9100.1140 Disp. in C-Housing,unknown,8160_M
6111218,703217b0c676b5d3,EH_BS02,8160-500,1,Wartungsplan Achse | 9100.1140 Disp. in C-Housing,unknown,8160_M
6111219,96ab44ba9bad499f,EH_BS02,8160-500,1,Achse 9100_1140_0001_1_130A714_Z | 9100.1140 Disp. in C-Housing,unknown,8160_M
6112267,5b6be93a6a01182a,EH_BS02,8160-500,1,Achse 9100_1140_0001_1_103S4A712_Y | 9100.1140 Disp. in C-Housing,unknown,8160_M
6112268,62a78949e37cdf7d,EH_BS02,8160-500,1,Achse 9100_1140_0001_1_103S4A713_X | 9100.1140 Disp. in C-Housing,unknown,8160_M
6112269,fca3c82ef7c1de17,EH_BS02,8160-500,1,Achse 9100_1140_0001_1_103S4A714_Z | 9100.1140 Disp. in C-Housing,unknown,8160_M
6112270,88294832c722a24f,EH_BS02,8160-500,1,Achse 9100_1140_0001_1_104S4A712_Y | 9100.1140 Disp. in C-Housing,unknown,8160_M
6112271,35a541b82fb2f133,EH_BS02,8160-500,1,Achse 9100_1140_0001_1_104S4A713_X | 9100.1140 Disp. in C-Housing,unknown,8160_M
6112272,103d88087c3638ac,EH_BS02,8160-500,1,Achse 9100_1140_0001_1_104S4A714_Z | 9100.1140 Disp. in C-Housing,unknown,8160_M
6112273,0237c199bba12d1d,EH_BS02,8160-500,1,Achse 9100_1140_0001_1_130S4A711_Z | 9100.1140 Disp. in C-Housing,unknown,8160_M
6112274,300c8ff4a95f4c18,EH_BS02,8160-500,1,Achse 9100_1140_0001_1_130S4A712_X | 9100.1140 Disp. in C-Housing,unknown,8160_M
6112275,4a6b9a15bc3b1990,EH_BS02,8160-500,1,Achse 9100_1140_0001_1_130S4A710_Y | 9100.1140 Disp. in C-Housing,unknown,8160_M
6112276,7221789351a42c92,EH_BS02,8160-500,1,Achse 9100_1140_0001_1_130S4A713_Z | 9100.1140 Disp. in C-Housing,unknown,8160_M
6112277,01933dc8d8698183,EH_BS02,8160-500,1,Achse 9100_1140_0001_1_130S4A714_Z | 9100.1140 Disp. in C-Housing,unknown,8160_M
6103609,3423b1efd0477c01,EH_BS02,8160-500,1,Wartung Service Dispensanlagen Teil 1 | 9100.1170 bdtronic Materialaufbereitung,unknown,8160_W
6106538,9dad94b848329f89,EH_BS02,8160-500,1,Wartung Service Dispensanlagen Teil 2 | 9100.1170 bdtronic Materialaufbereitung,unknown,8160_M
6103608,3ab869ba1d1fc0a8,EH_BS02,8160-500,1,Wartung Service Dispensanlagen Teil 1 | 9100.1140 bdtronic Dispensen,unknown,8160_W
6106592,e7e4118fefc52a02,EH_BS02,8160-500,1,Wartung Service Dispensanlagen Teil 2 | 9100.1140 bdtronic Dispensen,unknown,8160_M
6111170,11cc74e59f03853c,EH_BS02,8160-500,1,Achse 9100_1100_0001_1_115A711_Y | 9100.1100 Atrotech Aufsetzen C-Housing,unknown,8160_M
6111171,c8f9687a1cc4e099,EH_BS02,8160-500,1,Achse 9100_1100_0001_1_120A711_X | 9100.1100 Atrotech Aufsetzen C-Housing,unknown,8160_M
6111172,89e615f46c04c202,EH_BS02,8160-500,1,Achse 9100_1100_0001_1_120A712_Y | 9100.1100 Atrotech Aufsetzen C-Housing,unknown,8160_M
6111173,a02e597e65efdd8c,EH_BS02,8160-500,1,Achse 9100_1100_0001_1_120A713_Z | 9100.1100 Atrotech Aufsetzen C-Housing,unknown,8160_M
6111174,d203cae0e7dd5531,EH_BS02,8160-500,1,Achse 9100_1100_0001_1_120A714_R | 9100.1100 Atrotech Aufsetzen C-Housing,unknown,8160_M
6111175,08e2930462b46e8f,EH_BS02,8160-500,1,Achse 9100_1100_0001_1_140A711_X | 9100.1100 Atrotech Aufsetzen C-Housing,unknown,8160_M
6111176,e7726797d675cd47,EH_BS02,8160-500,1,Achse 9100_1100_0001_1_140A712_Y | 9100.1100 Atrotech Aufsetzen C-Housing,unknown,8160_M
6111177,1d3e589a03fef179,EH_BS02,8160-500,1,Achse 9100_1100_0001_1_140A713_Z | 9100.1100 Atrotech Aufsetzen C-Housing,unknown,8160_M
6111186,9f340846ac0ea932,EH_BS02,8160-500,1,Achse 9100_1135_0001_1_910A712_Z | 9100.1135 Verkettung 1 C-Housing,unknown,8160_M
6111187,92473df95e743a2b,EH_BS02,8160-500,1,Wartungsplan Achse | 9100.1135 Verkettung 1 C-Housing,unknown,8160_M
6111188,92473df95e743a2b,EH_BS02,8160-500,1,Wartungsplan Achse | 9100.1135 Verkettung 1 C-Housing,unknown,8160_M
6111189,4f9ce49aa411fbe0,EH_BS02,8160-500,1,Achse 9100_1135_0001_1_930A712_Z | 9100.1135 Verkettung 1 C-Housing,unknown,8160_M
6104024,3ebad8fb61ee866b,EH_BS02,8160-500,1,9100.1170 Instandsetzung RT-Nester | 9100.1170 RT-Nester für Wedges,unknown,8160_W
6097233,5a7def73633ea472,EH_BS02,8160-500,0,Wartung Service an FA8301 allg 1W,week,8160_W
6101586,517a758ebdf24c08,EH_BS02,8160-500,1,Wartung Laserbonder Service | COS 48V Laserbonder Gen2,unknown,8160_W
6101585,4473f0d7bddca136,EH_BS02,8160-500,1,Wartung Laserbonder Service | 8301.1130.1 F&K DELVOTEC Laserbonder 1,unknown,8160_W
6101587,9bd2e33666a4b8e7,EH_BS02,8160-500,1,Wartung Laserbonder Service | 8301.1130.3 F&K DELVOTEC Laserbonder 3,unknown,8160_W
6097234,58bd0da178fd2fa2,EH_BS02,8160-500,0,Wartung Service an FA8401.1 allg 1W,week,8160_W
6100312,5961536fb1b1f123,EH_BS02,8160-500,0,Wartung Service an FA8401.2 allg 1W,week,8160_W
6112242,70e80958994ef5c6,EH_BS02,8160-500,1,Achse 8401_2160_0001_1_170A712_Y | 8401.2160 R-Schweißen Y-Kon.,unknown,8160_M
6112243,06c37bf8374a7056,EH_BS02,8160-500,1,Achse 8401_2160_0001_1_170A713_Z | 8401.2160 R-Schweißen Y-Kon.,unknown,8160_M
6112244,f935f20a4025d17a,EH_BS02,8160-500,1,Achse 8401_2180_0001_1_141A711_Z | 8401.2180 Setzen DC-Breaker,unknown,8160_M
6112245,93d25c21b456cb16,EH_BS02,8160-500,1,Achse 8401_2180_0001_1_141A733_Z | 8401.2180 Setzen DC-Breaker,unknown,8160_M
6112246,a9e12f60cf5dff95,EH_BS02,8160-500,1,Achse 8401_2180_0001_1_141A713_Z | 8401.2180 Setzen DC-Breaker,unknown,8160_M
6112247,47bed9cc649177ac,EH_BS02,8160-500,1,Achse 8401_2180_0001_1_161A711_Z | 8401.2180 Setzen DC-Breaker,unknown,8160_M
6112248,0a3338a37a447fc8,EH_BS02,8160-500,1,Achse 8401_2180_0001_1_170A_Z | 8401.2180 Setzen DC-Breaker,unknown,8160_M
6112249,e588ef86e2ebe2b1,EH_BS02,8160-500,1,Achse 8401_2180_0001_1_A_Z | 8401.2180 Setzen DC-Breaker,unknown,8160_M
6112250,4ccb14fe5e7cc8c7,EH_BS02,8160-500,1,Achse 8401_2185_0001_1_141A711_Z | 8401.2185 Schrauben DC-Brea.,unknown,8160_M
6112251,3f52ad8be06d5cdb,EH_BS02,8160-500,1,Achse 8401_2190_0001_1_103A711_Z | 8401.2190 Schweißen Busbars,unknown,8160_M
6112252,553f535058041ea5,EH_BS02,8160-500,1,Achse 8401_2190_0001_1_120A711_X | 8401.2190 Schweißen Busbars,unknown,8160_M
6112253,8e8373f8cad1f2bf,EH_BS02,8160-500,1,Achse 8401_2190_0001_1_141A711_Z | 8401.2190 Schweißen Busbars,unknown,8160_M
6112254,cd8a00a82a379ed1,EH_BS02,8160-500,1,Achse 8401_2190_0001_1_142A711_Z | 8401.2190 Schweißen Busbars,unknown,8160_M
6112255,c63e0f447e23e99c,EH_BS02,8160-500,1,Achse 8401_2190_0001_1_161A711_Z | 8401.2190 Schweißen Busbars,unknown,8160_M
6112256,6b940a52c0e8839a,EH_BS02,8160-500,1,Achse 8401_2190_0001_1_162A711_Z | 8401.2190 Schweißen Busbars,unknown,8160_M
6112257,af5fb7f3f91b159d,EH_BS02,8160-500,1,Achse 8401_2200_0001_1_170A712_Y | 8401.2200 R-Schweißen Flexf.,unknown,8160_M
6112258,1011089658e67cd8,EH_BS02,8160-500,1,Achse 8401_2200_0001_1_170A713_Z | 8401.2200 R-Schweißen Flexf.,unknown,8160_M
6112259,b069300b2baea1ee,EH_BS02,8160-500,1,Achse 8401_2210_0001_1_104A711_X | 8401.2210 BVS & Sichtprüfung,unknown,8160_M
6112260,50ac23282c84a1f9,EH_BS02,8160-500,1,Achse 8401_2210_0001_1_104A712_Y | 8401.2210 BVS & Sichtprüfung,unknown,8160_M
6112261,51463b6f2d68dfe4,EH_BS02,8160-500,1,Achse 8401_2210_0001_1_104A713_Z | 8401.2210 BVS & Sichtprüfung,unknown,8160_M
6112262,a851cc42d45f60d6,EH_BS02,8160-500,1,Achse 8401_2210_0001_1_102A711_Z | 8401.2210 BVS & Sichtprüfung,unknown,8160_M
6112263,1337b5c6f6de7e38,EH_BS02,8160-500,1,Achse 8411_1020_0001_1_161A711_Z | 8411.1020 Montage Y-Kond.,unknown,8160_M
6112264,0dd3cf10a11a5626,EH_BS02,8160-500,1,Achse 8411_1020_0001_1_141A711_Z | 8411.1020 Montage Y-Kond.,unknown,8160_M
6112265,6f42162aeae19c4e,EH_BS02,8160-500,1,Achse 8411_1020_0001_1_170A712_Y | 8411.1020 Montage Y-Kond.,unknown,8160_M
6112266,a0ee2ec932f50fc6,EH_BS02,8160-500,1,Achse 8411_1020_0001_1_170A713_Z | 8411.1020 Montage Y-Kond.,unknown,8160_M
6112223,dd4a81bb179d3197,EH_BS02,8160-500,1,Achse 8401_1120_0001_1_141A711_Z | 8401.1120 Schrauben Busbars,unknown,8160_M
6112224,cc0d4c000a822fd6,EH_BS02,8160-500,1,Achse 8401_1120_0001_1_142A711_Z | 8401.1120 Schrauben Busbars,unknown,8160_M
6112225,ed52ffce66d5196d,EH_BS02,8160-500,1,Achse 8401_1120_0001_1_153A711_X | 8401.1120 Schrauben Busbars,unknown,8160_M
6112226,e94ad4729e8c2a21,EH_BS02,8160-500,1,Achse 8401_1120_0001_1_153A712_Y | 8401.1120 Schrauben Busbars,unknown,8160_M
6112227,aaff4635f61d11d0,EH_BS02,8160-500,1,Achse 8401_1120_0001_1_153A713_Z | 8401.1120 Schrauben Busbars,unknown,8160_M
6112228,712d7d8d48e25a09,EH_BS02,8160-500,1,Achse 8401_1120_0001_1_161A711_Z | 8401.1120 Schrauben Busbars,unknown,8160_M
6112229,7e61b5ce344253df,EH_BS02,8160-500,1,Achse 8401_1120_0001_1_161A714_Z | 8401.1120 Schrauben Busbars,unknown,8160_M
6112230,58459bd696b75690,EH_BS02,8160-500,1,Achse 8401_1120_0001_1_161A734_Z | 8401.1120 Schrauben Busbars,unknown,8160_M
6112231,8d6a5ee323a55fce,EH_BS02,8160-500,1,Achse 8401_1125_0001_1_151A711_X | 8401.1125 Schrauben DCDC,unknown,8160_M
6112232,545cd6a977fe8da7,EH_BS02,8160-500,1,Achse 8401_1125_0001_1_151A712_Y | 8401.1125 Schrauben DCDC,unknown,8160_M
6112233,2a94682e7fcba9bc,EH_BS02,8160-500,1,Achse 8401_1125_0001_1_171A711_X | 8401.1125 Schrauben DCDC,unknown,8160_M
6112234,c5ed142f3dbc0e60,EH_BS02,8160-500,1,Achse 8401_1125_0001_1_171A712_Y | 8401.1125 Schrauben DCDC,unknown,8160_M
6112235,a2432c9b76c990d2,EH_BS02,8160-500,1,Achse 8401_1130_0001_1_141A711_Z | 8401.1130 Schrauben 12V-Ter.,unknown,8160_M
6112236,8ac3ac666e898435,EH_BS02,8160-500,1,Achse 8401_1130_0001_1_151A711_X | 8401.1130 Schrauben 12V-Ter.,unknown,8160_M
6112237,e6d09eca0a3f889a,EH_BS02,8160-500,1,Achse 8401_1130_0001_1_164A713_Z | 8401.1130 Schrauben 12V-Ter.,unknown,8160_M
6112238,fa163e2ddc768278,EH_BS02,8160-500,1,Achse 8401_1130_0001_1_164A712_Y | 8401.1130 Schrauben 12V-Ter.,unknown,8160_M
6112239,3b1a9c97ce367963,EH_BS02,8160-500,1,Achse 8401_1130_0001_1_171A712_Y | 8401.1130 Schrauben 12V-Ter.,unknown,8160_M
6112240,96649353100e1a17,EH_BS02,8160-500,1,Achse 8401_1130_0001_1_171A713_Z | 8401.1130 Schrauben 12V-Ter.,unknown,8160_M
6112241,ecdf8cdc55724313,EH_BS02,8160-500,1,Achse 8401_1130_0001_1_Z | 8401.1130 Schrauben 12V-Ter.,unknown,8160_M
6112470,472b74d69d39704e,EH_BS02,8160-500,1,"Achse Lift 1611_0001_1_102A712_Z | 8401 Lift nach 8401.1140 / ""1611""",unknown,8160_M
6112471,acb4d1af27f21adc,EH_BS02,8160-500,1,"Achse Lift 2610_0001_1_102A711_Y | 8401 Lift vor 8401.2160 / ""2612""",unknown,8160_M
6112472,4524c2a9ff2a8c3b,EH_BS02,8160-500,1,"Achse Lift 2613_0001_1_102A711_Z | 8401 Lift nach 8401.2210 / ""2613""",unknown,8160_M
6103656,d257b5416fc297fa,EH_BS02,8160-500,1,Wartung Service Dispensanlagen Teil 1 | 8401.2170 bdtronic Dosieranlage,unknown,8160_W
6106601,a4e152892e7317a8,EH_BS02,8160-500,1,Wartung Service Dispensanlagen Teil 2 | 8401.2170 bdtronic Dosieranlage,unknown,8160_M
6103655,b935ac0e7f52a2ed,EH_BS02,8160-500,1,Wartung Service Dispensanlagen Teil 1 | 8401.1110.4 bdtronic Dosieranlage,unknown,8160_W
6106602,c728058a98ee9584,EH_BS02,8160-500,1,Wartung Service Dispensanlagen Teil 2 | 8401.1110.4 bdtronic Dosieranlage,unknown,8160_M
6097651,ddb4b5c4ead12bc3,EH_BS02,8160-500,1,Wartung Filter an Laserschweißanlagen 4W | 8401.2190 IPG Laser YLS-4000-SM,week,8160_W
6103654,55435c0d85ed6e70,EH_BS02,8160-500,1,Wartung Service Dispensanlagen Teil 1 | 8401.1110.3 bdtronic Dosieranlage,unknown,8160_W
6106603,65dbab759b3ad715,EH_BS02,8160-500,1,Wartung Service Dispensanlagen Teil 2 | 8401.1110.3 bdtronic Dosieranlage,unknown,8160_M
6103653,32e6784b8024fd29,EH_BS02,8160-500,1,Wartung Service Dispensanlagen Teil 1 | 8401.1110.2 bdtronic Dosieranlage,unknown,8160_W
6106604,101ff523d9b4646e,EH_BS02,8160-500,1,Wartung Service Dispensanlagen Teil 2 | 8401.1110.2 bdtronic Dosieranlage,unknown,8160_M
6103652,2afde1d149b0015f,EH_BS02,8160-500,1,Wartung Service Dispensanlagen Teil 1 | 8401.1110.1 bdtronic Dosieranlage,unknown,8160_W
6106605,5c78ceacb0452200,EH_BS02,8160-500,1,Wartung Service Dispensanlagen Teil 2 | 8401.1110.1 bdtronic Dosieranlage,unknown,8160_M
6111624,f0481e5feed8adef,EH_BS02,8160-500,1,Wartung Service Dispensanlagen Teil 1 | 8101.1120 bdtronic Materialaufbereitung,unknown,8160_W
6111625,ee43890c38ea1949,EH_BS02,8160-500,1,Wartung Service Dispensanlagen Teil 2 | 8101.1120 bdtronic Materialaufbereitung,unknown,8160_M
6101318,c0266807ce0136bb,EH_BS02,8160-500,0,Wartung Service FA8104+FA9104 allg. 1W,week,8160_W
6104755,5d4d0927694fa6f9,EH_BS02,8160-500,1,Wartung Service Dispensanlagen Teil 1 | 8103.1140 bdtronic Dosieranlage,unknown,8160_W
6106606,0cb0ca84e8d7783d,EH_BS02,8160-500,1,Wartung Service Dispensanlagen Teil 2 | 8103.1140 bdtronic Dosieranlage,unknown,8160_M
6104772,8a48ddc0c615c816,EH_BS02,8160-500,1,Wartung Service Dispensanlagen Teil 1 | 9103.1140 bdtronic Dosieranlage,unknown,8160_W
6106607,e8092400c456e3e8,EH_BS02,8160-500,1,Wartung Service Dispensanlagen Teil 2 | 9103.1140 bdtronic Dosieranlage,unknown,8160_M
6104792,ad1bc46ed4f5e9d5,EH_BS02,8160-500,1,Wartung Service Dispensanlagen Teil 1 | 9103.1170 bdtronic Dosieranlage,unknown,8160_W
6106608,6bb97d18694a144c,EH_BS02,8160-500,1,Wartung Service Dispensanlagen Teil 2 | 9103.1170 bdtronic Dosieranlage,unknown,8160_M
6101319,c519f23bd3cb9b55,EH_BS02,8160-500,0,Wartung Service FA8103+FA9103 allg. 1W,week,8160_W
6104836,71f2c3b8518d58bd,EH_BS02,8160-500,1,Wartung Service Dispensanlagen Teil 1 | 8104.1140 bdtronic Dosieranlage,unknown,8160_W
6106609,b54a38e3cffd3578,EH_BS02,8160-500,1,Wartung Service Dispensanlagen Teil 2 | 8104.1140 bdtronic Dosieranlage,unknown,8160_M
6104842,fae52721cc319dc6,EH_BS02,8160-500,1,Wartung Service Dispensanlagen Teil 1 | 9104.1140 bdtronic Dosieranlage,unknown,8160_W
6106610,7c6aa40c18c57a70,EH_BS02,8160-500,1,Wartung Service Dispensanlagen Teil 2 | 9104.1140 bdtronic Dosieranlage,unknown,8160_M
6104855,9807a43728801cf9,EH_BS02,8160-500,1,Wartung Service Dispensanlagen Teil 1 | 9104.1170 bdtronic Dosieranlage,unknown,8160_W
6106611,347bf3d464e2c628,EH_BS02,8160-500,1,Wartung Service Dispensanlagen Teil 2 | 9104.1170 bdtronic Dosieranlage,unknown,8160_M
6101320,62838de9683d09b1,EH_BS02,8160-500,0,Wartung Service an FA9203 allg. 1W,week,8160_W
6101331,f475321b2c384e44,EH_BS02,8160-500,0,Wartung Service an FA9303 allg. 1W,week,8160_W
6104635,8236360529c09791,EH_BS02,8160-500,1,Wartung Service an FA9303.3110 | 9303.3110 Load c-housing BG,unknown,8160_W
6104638,a1db09fbe9ce28dd,EH_BS02,8160-500,1,Wartung Service an FA9303.3114.1 | 9303.3114.1 Dispensen,unknown,8160_W
6105086,f69071c51d4abdcf,EH_BS02,8160-500,1,Wartung Service Dispensanlagen Teil 1 | 9303.3114.1 Dispensen,unknown,8160_W
6106612,4947e8870c497aec,EH_BS02,8160-500,1,Wartung Service Dispensanlagen Teil 2 | 9303.3114.1 Dispensen,unknown,8160_M
6104639,79a34849023e556f,EH_BS02,8160-500,1,Wartung Service an FA9303.3114.2 | 9303.3114.2 Dispensen,unknown,8160_W
6105085,f0e114029affd5c7,EH_BS02,8160-500,1,Wartung Service Dispensanlagen Teil 1 | 9303.3114.2 Dispensen,unknown,8160_W
6106613,399e3dd84e0fe4de,EH_BS02,8160-500,1,Wartung Service Dispensanlagen Teil 2 | 9303.3114.2 Dispensen,unknown,8160_M
6104692,51d416f9efd95023,EH_BS02,8160-500,1,Wartung Service an FA9303.3118 | 9303.3118 Assembly FPC R-Welding,unknown,8160_W
6104694,138ce0ff09c42d90,EH_BS02,8160-500,1,Wartung Service an FA9303.3120 | 9303.3120 Light-Beam-Welding FPCs,unknown,8160_W
6104695,c920333231e8f80a,EH_BS02,8160-500,1,Wartung Service an FA9303.3140 | 9303.3140 El. Test CCS + opt. Prüfung,unknown,8160_W
6104697,cbf8745bcb6eac67,EH_BS02,8160-500,1,Wartung Service an FA9303.3150 | 9303.3150.1 Montage E-Hous.+Stecken FFC,unknown,8160_W
6104698,adfb48132594db94,EH_BS02,8160-500,1,Wartung Service an FA9303.3151 | 9303.3150.2 Montage E-Hous.+Stecken FFC,unknown,8160_W
6104699,3abd9509781b80d2,EH_BS02,8160-500,1,Wartung Service an FA9303.3155 | 9303.3155 Montage DCDC-FPC + Deckel STLA,unknown,8160_W
6112182,42ab88fd1cee433f,EH_BS02,8160-500,1,Achse 9303_3155_0001_1_123T711_X | 9303.3155 Montage DCDC-FPC + Deckel STLA,unknown,8160_M
6112183,d15af9059be969ba,EH_BS02,8160-500,1,Achse 9303_3155_0001_1_123T712_Y | 9303.3155 Montage DCDC-FPC + Deckel STLA,unknown,8160_M
6112184,f6125e8351672589,EH_BS02,8160-500,1,Achse 9303_3155_0001_1_123T713_Z | 9303.3155 Montage DCDC-FPC + Deckel STLA,unknown,8160_M
6112473,34e0a20a77ccaf18,EH_BS02,8160-500,1,Achse - freier Plan | 9303.3155 Montage DCDC-FPC + Deckel STLA,unknown,8160_M
6112474,34e0a20a77ccaf18,EH_BS02,8160-500,1,Achse - freier Plan | 9303.3155 Montage DCDC-FPC + Deckel STLA,unknown,8160_M
6112475,34e0a20a77ccaf18,EH_BS02,8160-500,1,Achse - freier Plan | 9303.3155 Montage DCDC-FPC + Deckel STLA,unknown,8160_M
6112476,34e0a20a77ccaf18,EH_BS02,8160-500,1,Achse - freier Plan | 9303.3155 Montage DCDC-FPC + Deckel STLA,unknown,8160_M
6112477,34e0a20a77ccaf18,EH_BS02,8160-500,1,Achse - freier Plan | 9303.3155 Montage DCDC-FPC + Deckel STLA,unknown,8160_M
6112478,34e0a20a77ccaf18,EH_BS02,8160-500,1,Achse - freier Plan | 9303.3155 Montage DCDC-FPC + Deckel STLA,unknown,8160_M
6112479,34e0a20a77ccaf18,EH_BS02,8160-500,1,Achse - freier Plan | 9303.3155 Montage DCDC-FPC + Deckel STLA,unknown,8160_M
6112480,34e0a20a77ccaf18,EH_BS02,8160-500,1,Achse - freier Plan | 9303.3155 Montage DCDC-FPC + Deckel STLA,unknown,8160_M
6112481,34e0a20a77ccaf18,EH_BS02,8160-500,1,Achse - freier Plan | 9303.3155 Montage DCDC-FPC + Deckel STLA,unknown,8160_M
6112482,34e0a20a77ccaf18,EH_BS02,8160-500,1,Achse - freier Plan | 9303.3155 Montage DCDC-FPC + Deckel STLA,unknown,8160_M
6112483,34e0a20a77ccaf18,EH_BS02,8160-500,1,Achse - freier Plan | 9303.3155 Montage DCDC-FPC + Deckel STLA,unknown,8160_M
6112484,34e0a20a77ccaf18,EH_BS02,8160-500,1,Achse - freier Plan | 9303.3155 Montage DCDC-FPC + Deckel STLA,unknown,8160_M
6112485,34e0a20a77ccaf18,EH_BS02,8160-500,1,Achse - freier Plan | 9303.3155 Montage DCDC-FPC + Deckel STLA,unknown,8160_M
6112486,34e0a20a77ccaf18,EH_BS02,8160-500,1,Achse - freier Plan | 9303.3155 Montage DCDC-FPC + Deckel STLA,unknown,8160_M
6112487,34e0a20a77ccaf18,EH_BS02,8160-500,1,Achse - freier Plan | 9303.3155 Montage DCDC-FPC + Deckel STLA,unknown,8160_M
6112488,34e0a20a77ccaf18,EH_BS02,8160-500,1,Achse - freier Plan | 9303.3155 Montage DCDC-FPC + Deckel STLA,unknown,8160_M
6112489,34e0a20a77ccaf18,EH_BS02,8160-500,1,Achse - freier Plan | 9303.3155 Montage DCDC-FPC + Deckel STLA,unknown,8160_M
6112490,34e0a20a77ccaf18,EH_BS02,8160-500,1,Achse - freier Plan | 9303.3155 Montage DCDC-FPC + Deckel STLA,unknown,8160_M
6112491,34e0a20a77ccaf18,EH_BS02,8160-500,1,Achse - freier Plan | 9303.3155 Montage DCDC-FPC + Deckel STLA,unknown,8160_M
6112492,34e0a20a77ccaf18,EH_BS02,8160-500,1,Achse - freier Plan | 9303.3155 Montage DCDC-FPC + Deckel STLA,unknown,8160_M
6112493,34e0a20a77ccaf18,EH_BS02,8160-500,1,Achse - freier Plan | 9303.3155 Montage DCDC-FPC + Deckel STLA,unknown,8160_M
6112494,34e0a20a77ccaf18,EH_BS02,8160-500,1,Achse - freier Plan | 9303.3155 Montage DCDC-FPC + Deckel STLA,unknown,8160_M
6112495,34e0a20a77ccaf18,EH_BS02,8160-500,1,Achse - freier Plan | 9303.3155 Montage DCDC-FPC + Deckel STLA,unknown,8160_M
6112496,34e0a20a77ccaf18,EH_BS02,8160-500,1,Achse - freier Plan | 9303.3155 Montage DCDC-FPC + Deckel STLA,unknown,8160_M
6112497,34e0a20a77ccaf18,EH_BS02,8160-500,1,Achse - freier Plan | 9303.3155 Montage DCDC-FPC + Deckel STLA,unknown,8160_M
6112498,34e0a20a77ccaf18,EH_BS02,8160-500,1,Achse - freier Plan | 9303.3155 Montage DCDC-FPC + Deckel STLA,unknown,8160_M
6112499,34e0a20a77ccaf18,EH_BS02,8160-500,1,Achse - freier Plan | 9303.3155 Montage DCDC-FPC + Deckel STLA,unknown,8160_M
6112500,34e0a20a77ccaf18,EH_BS02,8160-500,1,Achse - freier Plan | 9303.3155 Montage DCDC-FPC + Deckel STLA,unknown,8160_M
6112501,34e0a20a77ccaf18,EH_BS02,8160-500,1,Achse - freier Plan | 9303.3155 Montage DCDC-FPC + Deckel STLA,unknown,8160_M
6112502,34e0a20a77ccaf18,EH_BS02,8160-500,1,Achse - freier Plan | 9303.3155 Montage DCDC-FPC + Deckel STLA,unknown,8160_M
6104701,d256b3eefa725970,EH_BS02,8160-500,1,Wartung Service an FA9303.3160 | 9303.3160 Laserschweißen Gehäuse,unknown,8160_W
6104702,794e5485629c01c6,EH_BS02,8160-500,1,Wartung Service an FA9303.3170 | 9303.3170 Laserschweßen FPC DCDC,unknown,8160_W
6104705,2441887bf1798622,EH_BS02,8160-500,1,Wartung Service an FA9303.3180 | 9303.3180 opt. Prüfung Laserschweißung,unknown,8160_W
6104706,68fdc406589a58eb,EH_BS02,8160-500,1,Wartung Service an FA9303.3190 | 9303.3190 Transfer + Puffer,unknown,8160_W
6101332,e45e338cbf750eb8,EH_BS02,8160-500,1,Wartung Service an FA9403.4110 | 9403.4110 Dispensen + AOI für Deckel,unknown,8160_W
6104406,4650288b234b74c5,EH_BS02,8160-500,1,Wartung Service an FA9403.4130 | 9403.4130 Assembly+screw coolant in/out,unknown,8160_W
6104411,1ec44509d8dfc266,EH_BS02,8160-500,1,Wartung Service an FA9403.4140 | 9403.4140 screw el contact & assem. fh.,unknown,8160_W
6104423,d126b0295a48ed52,EH_BS02,8160-500,1,Wartung Service an FA9403.4150 | 9403.4150 assem. cap el contract & disp.,unknown,8160_W
6104422,4d6bfdd459df538c,EH_BS02,8160-500,1,Wartung Service an FA9403.4170 | 9403.4170 PBU Schrauben,unknown,8160_W
6104365,b4773b897860fefe,EH_BS02,8160-500,1,Wartung Service Dispensanlagen Teil 1 | 9403.4110 bdtronic Materialaufbereitung,unknown,8160_W
6106614,9da9e410cc2d5c4f,EH_BS02,8160-500,1,Wartung Service Dispensanlagen Teil 2 | 9403.4110 bdtronic Materialaufbereitung,unknown,8160_M
6104424,ec33981ba67d0d72,EH_BS02,8160-500,1,Wartung Service an FA9403.4145 | 9403.4145 Transfer + Puffer,unknown,8160_W
6101333,d735f19d8cc6ff28,EH_BS02,8160-500,0,Wartung Serv. FA9503+8604+8605 allg. 1W,week,8160_W
6100596,f25a37ab0e9ddcbc,EH_BS02,8160-500,1,"Wartung Service an St.8302.1100 12W | 8303.1100 Einlegen CF, BCSU, Shunt in WT",week,8160_W
6102591,810792e8d275304c,EH_BS02,8160-500,1,"Wartung Service an St.8303.1100 1W | 8303.1100 Einlegen CF, BCSU, Shunt in WT",week,8160_W
6102592,aa871baab22d86da,EH_BS02,8160-500,1,Wartung Service an St.8303.1120 12W | 8303.1120 Einlegen Zellverbinder,week,8160_W
6102593,4fb7d3a6e3883326,EH_BS02,8160-500,1,Wartung Service an St.8303.1120 3W | 8303.1120 Einlegen Zellverbinder,week,8160_W
6102597,27379146fd5e070b,EH_BS02,8160-500,1,Wartung Laserbonder Service | 8303.1130 F&K DELVOTEC Laserbonder,unknown,8160_W
6102594,6a6606cb2585d18b,EH_BS02,8160-500,1,Wartung Service an St.8303.1140 1W | 8303.1140 Prüfen Bonds,week,8160_W
6102595,deca7d2180aa516b,EH_BS02,8160-500,1,Wartung Service an St.8303.1150 12W | 8303.1150 ZKS ablegen in Blister,week,8160_W
6102596,a13409881a7f5ac6,EH_BS02,8160-500,1,Wartung Service an St.8303.1150 3W | 8303.1150 ZKS ablegen in Blister,week,8160_W
6100898,705c69fcc0a4de46,EH_BS02,8160-500,0,Wartung Service an FA8402.1 allg 1W,week,8160_W
6100899,e876d63f0684120c,EH_BS02,8160-500,0,Wartung Service an FA8402.2 allg 1W,week,8160_W
6104959,ce360a0e305ccc44,EH_BS02,8160-500,1,Wartung Service Dispensanlagen Teil 1 | 8402.2170 Dispensen DC-Breaker,unknown,8160_W
6106615,d5ec59944394025d,EH_BS02,8160-500,1,Wartung Service Dispensanlagen Teil 2 | 8402.2170 Dispensen DC-Breaker,unknown,8160_M
6104926,54d82e799df1ab87,EH_BS02,8160-500,1,Wartung Service Dispensanlagen Teil 1 | 8402.1110.1 bdtronic Dosieranlage,unknown,8160_W
6106616,3ae7a4e723cc605c,EH_BS02,8160-500,1,Wartung Service Dispensanlagen Teil 2 | 8402.1110.1 bdtronic Dosieranlage,unknown,8160_M
6104927,bc0cbac27ac90a1a,EH_BS02,8160-500,1,Wartung Service Dispensanlagen Teil 1 | 8402.1110.2 bdtronic Dosieranlage,unknown,8160_W
6106617,e5f01cd8a9ce8473,EH_BS02,8160-500,1,Wartung Service Dispensanlagen Teil 2 | 8402.1110.2 bdtronic Dosieranlage,unknown,8160_M
6104928,479592b3fccf6d52,EH_BS02,8160-500,1,Wartung Service Dispensanlagen Teil 1 | 8402.1110.3 bdtronic Dosieranlage,unknown,8160_W
6106618,5f3c83f7f3782057,EH_BS02,8160-500,1,Wartung Service Dispensanlagen Teil 2 | 8402.1110.3 bdtronic Dosieranlage,unknown,8160_M
6100897,d1f70d96c8457dc3,EH_BS02,8160-500,1,Wartung Filter an Laserschweißanlagen | 8402.2190 IPG Laser YLS-4000-SM,unknown,8160_W
6110230,dba7cbdda5b95d42,EH_BS02,8160-920,1,Wartung Laserbonder Service | COS 48V Laser Bonder Gen1.5,unknown,8160_W
6097664,a053ad74b6496905,EH_BS02,8160-920,1,Wartung Filter an Laserschw.anl. 1W/4W | COS 48V IPG Laser YLS-4000-SM,week,8160_W
6111331,597c5937cf03d2e2,EH_BS02,8160-930,1,"Wartungsplan Achse | FCM, Elektr. Anlagen und BM Eh 103/Anbau",unknown,8160_M
6111332,597c5937cf03d2e2,EH_BS02,8160-930,1,"Wartungsplan Achse | FCM, Elektr. Anlagen und BM Eh 103/Anbau",unknown,8160_M
6111333,597c5937cf03d2e2,EH_BS02,8160-930,1,"Wartungsplan Achse | FCM, Elektr. Anlagen und BM Eh 103/Anbau",unknown,8160_M
6111334,597c5937cf03d2e2,EH_BS02,8160-930,1,"Wartungsplan Achse | FCM, Elektr. Anlagen und BM Eh 103/Anbau",unknown,8160_M
6111335,597c5937cf03d2e2,EH_BS02,8160-930,1,"Wartungsplan Achse | FCM, Elektr. Anlagen und BM Eh 103/Anbau",unknown,8160_M
6111336,597c5937cf03d2e2,EH_BS02,8160-930,1,"Wartungsplan Achse | FCM, Elektr. Anlagen und BM Eh 103/Anbau",unknown,8160_M
6111337,597c5937cf03d2e2,EH_BS02,8160-930,1,"Wartungsplan Achse | FCM, Elektr. Anlagen und BM Eh 103/Anbau",unknown,8160_M
6111338,597c5937cf03d2e2,EH_BS02,8160-930,1,"Wartungsplan Achse | FCM, Elektr. Anlagen und BM Eh 103/Anbau",unknown,8160_M
6111339,597c5937cf03d2e2,EH_BS02,8160-930,1,"Wartungsplan Achse | FCM, Elektr. Anlagen und BM Eh 103/Anbau",unknown,8160_M
6111340,597c5937cf03d2e2,EH_BS02,8160-930,1,"Wartungsplan Achse | FCM, Elektr. Anlagen und BM Eh 103/Anbau",unknown,8160_M
6111341,597c5937cf03d2e2,EH_BS02,8160-930,1,"Wartungsplan Achse | FCM, Elektr. Anlagen und BM Eh 103/Anbau",unknown,8160_M
6111342,597c5937cf03d2e2,EH_BS02,8160-930,1,"Wartungsplan Achse | FCM, Elektr. Anlagen und BM Eh 103/Anbau",unknown,8160_M
6111343,597c5937cf03d2e2,EH_BS02,8160-930,1,"Wartungsplan Achse | FCM, Elektr. Anlagen und BM Eh 103/Anbau",unknown,8160_M
6111344,597c5937cf03d2e2,EH_BS02,8160-930,1,"Wartungsplan Achse | FCM, Elektr. Anlagen und BM Eh 103/Anbau",unknown,8160_M
6111345,597c5937cf03d2e2,EH_BS02,8160-930,1,"Wartungsplan Achse | FCM, Elektr. Anlagen und BM Eh 103/Anbau",unknown,8160_M
6111346,597c5937cf03d2e2,EH_BS02,8160-930,1,"Wartungsplan Achse | FCM, Elektr. Anlagen und BM Eh 103/Anbau",unknown,8160_M
6111347,597c5937cf03d2e2,EH_BS02,8160-930,1,"Wartungsplan Achse | FCM, Elektr. Anlagen und BM Eh 103/Anbau",unknown,8160_M
6111348,597c5937cf03d2e2,EH_BS02,8160-930,1,"Wartungsplan Achse | FCM, Elektr. Anlagen und BM Eh 103/Anbau",unknown,8160_M
6111349,597c5937cf03d2e2,EH_BS02,8160-930,1,"Wartungsplan Achse | FCM, Elektr. Anlagen und BM Eh 103/Anbau",unknown,8160_M
6111350,597c5937cf03d2e2,EH_BS02,8160-930,1,"Wartungsplan Achse | FCM, Elektr. Anlagen und BM Eh 103/Anbau",unknown,8160_M
6111351,597c5937cf03d2e2,EH_BS02,8160-930,1,"Wartungsplan Achse | FCM, Elektr. Anlagen und BM Eh 103/Anbau",unknown,8160_M
6111352,597c5937cf03d2e2,EH_BS02,8160-930,1,"Wartungsplan Achse | FCM, Elektr. Anlagen und BM Eh 103/Anbau",unknown,8160_M
6111353,597c5937cf03d2e2,EH_BS02,8160-930,1,"Wartungsplan Achse | FCM, Elektr. Anlagen und BM Eh 103/Anbau",unknown,8160_M
6111354,597c5937cf03d2e2,EH_BS02,8160-930,1,"Wartungsplan Achse | FCM, Elektr. Anlagen und BM Eh 103/Anbau",unknown,8160_M
6111355,597c5937cf03d2e2,EH_BS02,8160-930,1,"Wartungsplan Achse | FCM, Elektr. Anlagen und BM Eh 103/Anbau",unknown,8160_M
6111356,597c5937cf03d2e2,EH_BS02,8160-930,1,"Wartungsplan Achse | FCM, Elektr. Anlagen und BM Eh 103/Anbau",unknown,8160_M
6111357,597c5937cf03d2e2,EH_BS02,8160-930,1,"Wartungsplan Achse | FCM, Elektr. Anlagen und BM Eh 103/Anbau",unknown,8160_M
6111358,597c5937cf03d2e2,EH_BS02,8160-930,1,"Wartungsplan Achse | FCM, Elektr. Anlagen und BM Eh 103/Anbau",unknown,8160_M
6111359,597c5937cf03d2e2,EH_BS02,8160-930,1,"Wartungsplan Achse | FCM, Elektr. Anlagen und BM Eh 103/Anbau",unknown,8160_M
6111360,597c5937cf03d2e2,EH_BS02,8160-930,1,"Wartungsplan Achse | FCM, Elektr. Anlagen und BM Eh 103/Anbau",unknown,8160_M
6111361,597c5937cf03d2e2,EH_BS02,8160-930,1,"Wartungsplan Achse | FCM, Elektr. Anlagen und BM Eh 103/Anbau",unknown,8160_M
6111362,597c5937cf03d2e2,EH_BS02,8160-930,1,"Wartungsplan Achse | FCM, Elektr. Anlagen und BM Eh 103/Anbau",unknown,8160_M
6111363,597c5937cf03d2e2,EH_BS02,8160-930,1,"Wartungsplan Achse | FCM, Elektr. Anlagen und BM Eh 103/Anbau",unknown,8160_M
6111364,597c5937cf03d2e2,EH_BS02,8160-930,1,"Wartungsplan Achse | FCM, Elektr. Anlagen und BM Eh 103/Anbau",unknown,8160_M
6111365,597c5937cf03d2e2,EH_BS02,8160-930,1,"Wartungsplan Achse | FCM, Elektr. Anlagen und BM Eh 103/Anbau",unknown,8160_M
6111366,597c5937cf03d2e2,EH_BS02,8160-930,1,"Wartungsplan Achse | FCM, Elektr. Anlagen und BM Eh 103/Anbau",unknown,8160_M
6111367,597c5937cf03d2e2,EH_BS02,8160-930,1,"Wartungsplan Achse | FCM, Elektr. Anlagen und BM Eh 103/Anbau",unknown,8160_M
6111368,597c5937cf03d2e2,EH_BS02,8160-930,1,"Wartungsplan Achse | FCM, Elektr. Anlagen und BM Eh 103/Anbau",unknown,8160_M
6111369,597c5937cf03d2e2,EH_BS02,8160-930,1,"Wartungsplan Achse | FCM, Elektr. Anlagen und BM Eh 103/Anbau",unknown,8160_M
6111370,597c5937cf03d2e2,EH_BS02,8160-930,1,"Wartungsplan Achse | FCM, Elektr. Anlagen und BM Eh 103/Anbau",unknown,8160_M
6111371,597c5937cf03d2e2,EH_BS02,8160-930,1,"Wartungsplan Achse | FCM, Elektr. Anlagen und BM Eh 103/Anbau",unknown,8160_M
6111372,597c5937cf03d2e2,EH_BS02,8160-930,1,"Wartungsplan Achse | FCM, Elektr. Anlagen und BM Eh 103/Anbau",unknown,8160_M
6111373,597c5937cf03d2e2,EH_BS02,8160-930,1,"Wartungsplan Achse | FCM, Elektr. Anlagen und BM Eh 103/Anbau",unknown,8160_M
6111374,597c5937cf03d2e2,EH_BS02,8160-930,1,"Wartungsplan Achse | FCM, Elektr. Anlagen und BM Eh 103/Anbau",unknown,8160_M
6111375,597c5937cf03d2e2,EH_BS02,8160-930,1,"Wartungsplan Achse | FCM, Elektr. Anlagen und BM Eh 103/Anbau",unknown,8160_M
6111376,597c5937cf03d2e2,EH_BS02,8160-930,1,"Wartungsplan Achse | FCM, Elektr. Anlagen und BM Eh 103/Anbau",unknown,8160_M
6111377,597c5937cf03d2e2,EH_BS02,8160-930,1,"Wartungsplan Achse | FCM, Elektr. Anlagen und BM Eh 103/Anbau",unknown,8160_M
6111378,597c5937cf03d2e2,EH_BS02,8160-930,1,"Wartungsplan Achse | FCM, Elektr. Anlagen und BM Eh 103/Anbau",unknown,8160_M
6111379,597c5937cf03d2e2,EH_BS02,8160-930,1,"Wartungsplan Achse | FCM, Elektr. Anlagen und BM Eh 103/Anbau",unknown,8160_M
6111380,597c5937cf03d2e2,EH_BS02,8160-930,1,"Wartungsplan Achse | FCM, Elektr. Anlagen und BM Eh 103/Anbau",unknown,8160_M
6111381,597c5937cf03d2e2,EH_BS02,8160-930,1,"Wartungsplan Achse | FCM, Elektr. Anlagen und BM Eh 103/Anbau",unknown,8160_M
6111382,597c5937cf03d2e2,EH_BS02,8160-930,1,"Wartungsplan Achse | FCM, Elektr. Anlagen und BM Eh 103/Anbau",unknown,8160_M
6111383,597c5937cf03d2e2,EH_BS02,8160-930,1,"Wartungsplan Achse | FCM, Elektr. Anlagen und BM Eh 103/Anbau",unknown,8160_M
6111384,597c5937cf03d2e2,EH_BS02,8160-930,1,"Wartungsplan Achse | FCM, Elektr. Anlagen und BM Eh 103/Anbau",unknown,8160_M
6111385,597c5937cf03d2e2,EH_BS02,8160-930,1,"Wartungsplan Achse | FCM, Elektr. Anlagen und BM Eh 103/Anbau",unknown,8160_M
6111386,597c5937cf03d2e2,EH_BS02,8160-930,1,"Wartungsplan Achse | FCM, Elektr. Anlagen und BM Eh 103/Anbau",unknown,8160_M
6111387,597c5937cf03d2e2,EH_BS02,8160-930,1,"Wartungsplan Achse | FCM, Elektr. Anlagen und BM Eh 103/Anbau",unknown,8160_M
6111388,597c5937cf03d2e2,EH_BS02,8160-930,1,"Wartungsplan Achse | FCM, Elektr. Anlagen und BM Eh 103/Anbau",unknown,8160_M
6111389,597c5937cf03d2e2,EH_BS02,8160-930,1,"Wartungsplan Achse | FCM, Elektr. Anlagen und BM Eh 103/Anbau",unknown,8160_M
6111390,597c5937cf03d2e2,EH_BS02,8160-930,1,"Wartungsplan Achse | FCM, Elektr. Anlagen und BM Eh 103/Anbau",unknown,8160_M
6111391,597c5937cf03d2e2,EH_BS02,8160-930,1,"Wartungsplan Achse | FCM, Elektr. Anlagen und BM Eh 103/Anbau",unknown,8160_M
6111392,597c5937cf03d2e2,EH_BS02,8160-930,1,"Wartungsplan Achse | FCM, Elektr. Anlagen und BM Eh 103/Anbau",unknown,8160_M
6111393,597c5937cf03d2e2,EH_BS02,8160-930,1,"Wartungsplan Achse | FCM, Elektr. Anlagen und BM Eh 103/Anbau",unknown,8160_M
6111394,597c5937cf03d2e2,EH_BS02,8160-930,1,"Wartungsplan Achse | FCM, Elektr. Anlagen und BM Eh 103/Anbau",unknown,8160_M
6111395,597c5937cf03d2e2,EH_BS02,8160-930,1,"Wartungsplan Achse | FCM, Elektr. Anlagen und BM Eh 103/Anbau",unknown,8160_M
6111396,597c5937cf03d2e2,EH_BS02,8160-930,1,"Wartungsplan Achse | FCM, Elektr. Anlagen und BM Eh 103/Anbau",unknown,8160_M
6111397,597c5937cf03d2e2,EH_BS02,8160-930,1,"Wartungsplan Achse | FCM, Elektr. Anlagen und BM Eh 103/Anbau",unknown,8160_M
6111398,597c5937cf03d2e2,EH_BS02,8160-930,1,"Wartungsplan Achse | FCM, Elektr. Anlagen und BM Eh 103/Anbau",unknown,8160_M
6111399,597c5937cf03d2e2,EH_BS02,8160-930,1,"Wartungsplan Achse | FCM, Elektr. Anlagen und BM Eh 103/Anbau",unknown,8160_M
6111400,597c5937cf03d2e2,EH_BS02,8160-930,1,"Wartungsplan Achse | FCM, Elektr. Anlagen und BM Eh 103/Anbau",unknown,8160_M
6111401,597c5937cf03d2e2,EH_BS02,8160-930,1,"Wartungsplan Achse | FCM, Elektr. Anlagen und BM Eh 103/Anbau",unknown,8160_M
6111402,597c5937cf03d2e2,EH_BS02,8160-930,1,"Wartungsplan Achse | FCM, Elektr. Anlagen und BM Eh 103/Anbau",unknown,8160_M
6111403,597c5937cf03d2e2,EH_BS02,8160-930,1,"Wartungsplan Achse | FCM, Elektr. Anlagen und BM Eh 103/Anbau",unknown,8160_M
6111404,597c5937cf03d2e2,EH_BS02,8160-930,1,"Wartungsplan Achse | FCM, Elektr. Anlagen und BM Eh 103/Anbau",unknown,8160_M
6111405,597c5937cf03d2e2,EH_BS02,8160-930,1,"Wartungsplan Achse | FCM, Elektr. Anlagen und BM Eh 103/Anbau",unknown,8160_M
6111406,597c5937cf03d2e2,EH_BS02,8160-930,1,"Wartungsplan Achse | FCM, Elektr. Anlagen und BM Eh 103/Anbau",unknown,8160_M
6111407,597c5937cf03d2e2,EH_BS02,8160-930,1,"Wartungsplan Achse | FCM, Elektr. Anlagen und BM Eh 103/Anbau",unknown,8160_M
6111408,597c5937cf03d2e2,EH_BS02,8160-930,1,"Wartungsplan Achse | FCM, Elektr. Anlagen und BM Eh 103/Anbau",unknown,8160_M
6111409,597c5937cf03d2e2,EH_BS02,8160-930,1,"Wartungsplan Achse | FCM, Elektr. Anlagen und BM Eh 103/Anbau",unknown,8160_M
6111410,597c5937cf03d2e2,EH_BS02,8160-930,1,"Wartungsplan Achse | FCM, Elektr. Anlagen und BM Eh 103/Anbau",unknown,8160_M
6111411,597c5937cf03d2e2,EH_BS02,8160-930,1,"Wartungsplan Achse | FCM, Elektr. Anlagen und BM Eh 103/Anbau",unknown,8160_M
6111412,597c5937cf03d2e2,EH_BS02,8160-930,1,"Wartungsplan Achse | FCM, Elektr. Anlagen und BM Eh 103/Anbau",unknown,8160_M
6111413,597c5937cf03d2e2,EH_BS02,8160-930,1,"Wartungsplan Achse | FCM, Elektr. Anlagen und BM Eh 103/Anbau",unknown,8160_M
6111414,597c5937cf03d2e2,EH_BS02,8160-930,1,"Wartungsplan Achse | FCM, Elektr. Anlagen und BM Eh 103/Anbau",unknown,8160_M
6111415,597c5937cf03d2e2,EH_BS02,8160-930,1,"Wartungsplan Achse | FCM, Elektr. Anlagen und BM Eh 103/Anbau",unknown,8160_M
6111416,597c5937cf03d2e2,EH_BS02,8160-930,1,"Wartungsplan Achse | FCM, Elektr. Anlagen und BM Eh 103/Anbau",unknown,8160_M
6111417,597c5937cf03d2e2,EH_BS02,8160-930,1,"Wartungsplan Achse | FCM, Elektr. Anlagen und BM Eh 103/Anbau",unknown,8160_M
6111418,597c5937cf03d2e2,EH_BS02,8160-930,1,"Wartungsplan Achse | FCM, Elektr. Anlagen und BM Eh 103/Anbau",unknown,8160_M
6111419,597c5937cf03d2e2,EH_BS02,8160-930,1,"Wartungsplan Achse | FCM, Elektr. Anlagen und BM Eh 103/Anbau",unknown,8160_M
6111420,597c5937cf03d2e2,EH_BS02,8160-930,1,"Wartungsplan Achse | FCM, Elektr. Anlagen und BM Eh 103/Anbau",unknown,8160_M
6111421,597c5937cf03d2e2,EH_BS02,8160-930,1,"Wartungsplan Achse | FCM, Elektr. Anlagen und BM Eh 103/Anbau",unknown,8160_M
6111422,597c5937cf03d2e2,EH_BS02,8160-930,1,"Wartungsplan Achse | FCM, Elektr. Anlagen und BM Eh 103/Anbau",unknown,8160_M
6111423,597c5937cf03d2e2,EH_BS02,8160-930,1,"Wartungsplan Achse | FCM, Elektr. Anlagen und BM Eh 103/Anbau",unknown,8160_M
6111424,597c5937cf03d2e2,EH_BS02,8160-930,1,"Wartungsplan Achse | FCM, Elektr. Anlagen und BM Eh 103/Anbau",unknown,8160_M
6111425,597c5937cf03d2e2,EH_BS02,8160-930,1,"Wartungsplan Achse | FCM, Elektr. Anlagen und BM Eh 103/Anbau",unknown,8160_M
6111426,597c5937cf03d2e2,EH_BS02,8160-930,1,"Wartungsplan Achse | FCM, Elektr. Anlagen und BM Eh 103/Anbau",unknown,8160_M
6111427,597c5937cf03d2e2,EH_BS02,8160-930,1,"Wartungsplan Achse | FCM, Elektr. Anlagen und BM Eh 103/Anbau",unknown,8160_M
6111428,597c5937cf03d2e2,EH_BS02,8160-930,1,"Wartungsplan Achse | FCM, Elektr. Anlagen und BM Eh 103/Anbau",unknown,8160_M
6111429,597c5937cf03d2e2,EH_BS02,8160-930,1,"Wartungsplan Achse | FCM, Elektr. Anlagen und BM Eh 103/Anbau",unknown,8160_M
6111430,597c5937cf03d2e2,EH_BS02,8160-930,1,"Wartungsplan Achse | FCM, Elektr. Anlagen und BM Eh 103/Anbau",unknown,8160_M
6111431,597c5937cf03d2e2,EH_BS02,8160-930,1,"Wartungsplan Achse | FCM, Elektr. Anlagen und BM Eh 103/Anbau",unknown,8160_M
6111432,597c5937cf03d2e2,EH_BS02,8160-930,1,"Wartungsplan Achse | FCM, Elektr. Anlagen und BM Eh 103/Anbau",unknown,8160_M
6111433,597c5937cf03d2e2,EH_BS02,8160-930,1,"Wartungsplan Achse | FCM, Elektr. Anlagen und BM Eh 103/Anbau",unknown,8160_M
6111434,597c5937cf03d2e2,EH_BS02,8160-930,1,"Wartungsplan Achse | FCM, Elektr. Anlagen und BM Eh 103/Anbau",unknown,8160_M
6111435,597c5937cf03d2e2,EH_BS02,8160-930,1,"Wartungsplan Achse | FCM, Elektr. Anlagen und BM Eh 103/Anbau",unknown,8160_M
6111436,597c5937cf03d2e2,EH_BS02,8160-930,1,"Wartungsplan Achse | FCM, Elektr. Anlagen und BM Eh 103/Anbau",unknown,8160_M
6111437,597c5937cf03d2e2,EH_BS02,8160-930,1,"Wartungsplan Achse | FCM, Elektr. Anlagen und BM Eh 103/Anbau",unknown,8160_M
6111438,597c5937cf03d2e2,EH_BS02,8160-930,1,"Wartungsplan Achse | FCM, Elektr. Anlagen und BM Eh 103/Anbau",unknown,8160_M
6111439,597c5937cf03d2e2,EH_BS02,8160-930,1,"Wartungsplan Achse | FCM, Elektr. Anlagen und BM Eh 103/Anbau",unknown,8160_M
6111440,597c5937cf03d2e2,EH_BS02,8160-930,1,"Wartungsplan Achse | FCM, Elektr. Anlagen und BM Eh 103/Anbau",unknown,8160_M
6111441,597c5937cf03d2e2,EH_BS02,8160-930,1,"Wartungsplan Achse | FCM, Elektr. Anlagen und BM Eh 103/Anbau",unknown,8160_M
6111442,597c5937cf03d2e2,EH_BS02,8160-930,1,"Wartungsplan Achse | FCM, Elektr. Anlagen und BM Eh 103/Anbau",unknown,8160_M
6111443,597c5937cf03d2e2,EH_BS02,8160-930,1,"Wartungsplan Achse | FCM, Elektr. Anlagen und BM Eh 103/Anbau",unknown,8160_M
6111444,597c5937cf03d2e2,EH_BS02,8160-930,1,"Wartungsplan Achse | FCM, Elektr. Anlagen und BM Eh 103/Anbau",unknown,8160_M
6111445,597c5937cf03d2e2,EH_BS02,8160-930,1,"Wartungsplan Achse | FCM, Elektr. Anlagen und BM Eh 103/Anbau",unknown,8160_M
6111446,597c5937cf03d2e2,EH_BS02,8160-930,1,"Wartungsplan Achse | FCM, Elektr. Anlagen und BM Eh 103/Anbau",unknown,8160_M
6111447,597c5937cf03d2e2,EH_BS02,8160-930,1,"Wartungsplan Achse | FCM, Elektr. Anlagen und BM Eh 103/Anbau",unknown,8160_M
6111448,597c5937cf03d2e2,EH_BS02,8160-930,1,"Wartungsplan Achse | FCM, Elektr. Anlagen und BM Eh 103/Anbau",unknown,8160_M
6111449,597c5937cf03d2e2,EH_BS02,8160-930,1,"Wartungsplan Achse | FCM, Elektr. Anlagen und BM Eh 103/Anbau",unknown,8160_M
6111450,597c5937cf03d2e2,EH_BS02,8160-930,1,"Wartungsplan Achse | FCM, Elektr. Anlagen und BM Eh 103/Anbau",unknown,8160_M
6111451,597c5937cf03d2e2,EH_BS02,8160-930,1,"Wartungsplan Achse | FCM, Elektr. Anlagen und BM Eh 103/Anbau",unknown,8160_M
6111452,597c5937cf03d2e2,EH_BS02,8160-930,1,"Wartungsplan Achse | FCM, Elektr. Anlagen und BM Eh 103/Anbau",unknown,8160_M
6111453,597c5937cf03d2e2,EH_BS02,8160-930,1,"Wartungsplan Achse | FCM, Elektr. Anlagen und BM Eh 103/Anbau",unknown,8160_M
6111454,597c5937cf03d2e2,EH_BS02,8160-930,1,"Wartungsplan Achse | FCM, Elektr. Anlagen und BM Eh 103/Anbau",unknown,8160_M
6111455,597c5937cf03d2e2,EH_BS02,8160-930,1,"Wartungsplan Achse | FCM, Elektr. Anlagen und BM Eh 103/Anbau",unknown,8160_M
6111456,597c5937cf03d2e2,EH_BS02,8160-930,1,"Wartungsplan Achse | FCM, Elektr. Anlagen und BM Eh 103/Anbau",unknown,8160_M
6111457,597c5937cf03d2e2,EH_BS02,8160-930,1,"Wartungsplan Achse | FCM, Elektr. Anlagen und BM Eh 103/Anbau",unknown,8160_M
6111458,597c5937cf03d2e2,EH_BS02,8160-930,1,"Wartungsplan Achse | FCM, Elektr. Anlagen und BM Eh 103/Anbau",unknown,8160_M
6111459,597c5937cf03d2e2,EH_BS02,8160-930,1,"Wartungsplan Achse | FCM, Elektr. Anlagen und BM Eh 103/Anbau",unknown,8160_M
6111460,597c5937cf03d2e2,EH_BS02,8160-930,1,"Wartungsplan Achse | FCM, Elektr. Anlagen und BM Eh 103/Anbau",unknown,8160_M
6111461,597c5937cf03d2e2,EH_BS02,8160-930,1,"Wartungsplan Achse | FCM, Elektr. Anlagen und BM Eh 103/Anbau",unknown,8160_M
6111462,597c5937cf03d2e2,EH_BS02,8160-930,1,"Wartungsplan Achse | FCM, Elektr. Anlagen und BM Eh 103/Anbau",unknown,8160_M
6111463,597c5937cf03d2e2,EH_BS02,8160-930,1,"Wartungsplan Achse | FCM, Elektr. Anlagen und BM Eh 103/Anbau",unknown,8160_M
6111464,597c5937cf03d2e2,EH_BS02,8160-930,1,"Wartungsplan Achse | FCM, Elektr. Anlagen und BM Eh 103/Anbau",unknown,8160_M
6111465,597c5937cf03d2e2,EH_BS02,8160-930,1,"Wartungsplan Achse | FCM, Elektr. Anlagen und BM Eh 103/Anbau",unknown,8160_M
6111466,597c5937cf03d2e2,EH_BS02,8160-930,1,"Wartungsplan Achse | FCM, Elektr. Anlagen und BM Eh 103/Anbau",unknown,8160_M
6111467,597c5937cf03d2e2,EH_BS02,8160-930,1,"Wartungsplan Achse | FCM, Elektr. Anlagen und BM Eh 103/Anbau",unknown,8160_M
6111468,597c5937cf03d2e2,EH_BS02,8160-930,1,"Wartungsplan Achse | FCM, Elektr. Anlagen und BM Eh 103/Anbau",unknown,8160_M
6111469,597c5937cf03d2e2,EH_BS02,8160-930,1,"Wartungsplan Achse | FCM, Elektr. Anlagen und BM Eh 103/Anbau",unknown,8160_M
6111470,597c5937cf03d2e2,EH_BS02,8160-930,1,"Wartungsplan Achse | FCM, Elektr. Anlagen und BM Eh 103/Anbau",unknown,8160_M
6111471,597c5937cf03d2e2,EH_BS02,8160-930,1,"Wartungsplan Achse | FCM, Elektr. Anlagen und BM Eh 103/Anbau",unknown,8160_M
6111472,597c5937cf03d2e2,EH_BS02,8160-930,1,"Wartungsplan Achse | FCM, Elektr. Anlagen und BM Eh 103/Anbau",unknown,8160_M
6111473,597c5937cf03d2e2,EH_BS02,8160-930,1,"Wartungsplan Achse | FCM, Elektr. Anlagen und BM Eh 103/Anbau",unknown,8160_M
6111474,597c5937cf03d2e2,EH_BS02,8160-930,1,"Wartungsplan Achse | FCM, Elektr. Anlagen und BM Eh 103/Anbau",unknown,8160_M
6111475,597c5937cf03d2e2,EH_BS02,8160-930,1,"Wartungsplan Achse | FCM, Elektr. Anlagen und BM Eh 103/Anbau",unknown,8160_M
6111476,597c5937cf03d2e2,EH_BS02,8160-930,1,"Wartungsplan Achse | FCM, Elektr. Anlagen und BM Eh 103/Anbau",unknown,8160_M
6111477,597c5937cf03d2e2,EH_BS02,8160-930,1,"Wartungsplan Achse | FCM, Elektr. Anlagen und BM Eh 103/Anbau",unknown,8160_M
6111478,597c5937cf03d2e2,EH_BS02,8160-930,1,"Wartungsplan Achse | FCM, Elektr. Anlagen und BM Eh 103/Anbau",unknown,8160_M
6111479,597c5937cf03d2e2,EH_BS02,8160-930,1,"Wartungsplan Achse | FCM, Elektr. Anlagen und BM Eh 103/Anbau",unknown,8160_M
6111480,597c5937cf03d2e2,EH_BS02,8160-930,1,"Wartungsplan Achse | FCM, Elektr. Anlagen und BM Eh 103/Anbau",unknown,8160_M
6111481,597c5937cf03d2e2,EH_BS02,8160-930,1,"Wartungsplan Achse | FCM, Elektr. Anlagen und BM Eh 103/Anbau",unknown,8160_M
6111482,597c5937cf03d2e2,EH_BS02,8160-930,1,"Wartungsplan Achse | FCM, Elektr. Anlagen und BM Eh 103/Anbau",unknown,8160_M
6111483,597c5937cf03d2e2,EH_BS02,8160-930,1,"Wartungsplan Achse | FCM, Elektr. Anlagen und BM Eh 103/Anbau",unknown,8160_M
6111484,597c5937cf03d2e2,EH_BS02,8160-930,1,"Wartungsplan Achse | FCM, Elektr. Anlagen und BM Eh 103/Anbau",unknown,8160_M
6111485,597c5937cf03d2e2,EH_BS02,8160-930,1,"Wartungsplan Achse | FCM, Elektr. Anlagen und BM Eh 103/Anbau",unknown,8160_M
6111486,597c5937cf03d2e2,EH_BS02,8160-930,1,"Wartungsplan Achse | FCM, Elektr. Anlagen und BM Eh 103/Anbau",unknown,8160_M
6111487,597c5937cf03d2e2,EH_BS02,8160-930,1,"Wartungsplan Achse | FCM, Elektr. Anlagen und BM Eh 103/Anbau",unknown,8160_M
6111488,597c5937cf03d2e2,EH_BS02,8160-930,1,"Wartungsplan Achse | FCM, Elektr. Anlagen und BM Eh 103/Anbau",unknown,8160_M
6111489,597c5937cf03d2e2,EH_BS02,8160-930,1,"Wartungsplan Achse | FCM, Elektr. Anlagen und BM Eh 103/Anbau",unknown,8160_M
6111490,597c5937cf03d2e2,EH_BS02,8160-930,1,"Wartungsplan Achse | FCM, Elektr. Anlagen und BM Eh 103/Anbau",unknown,8160_M
6111491,597c5937cf03d2e2,EH_BS02,8160-930,1,"Wartungsplan Achse | FCM, Elektr. Anlagen und BM Eh 103/Anbau",unknown,8160_M
6111492,597c5937cf03d2e2,EH_BS02,8160-930,1,"Wartungsplan Achse | FCM, Elektr. Anlagen und BM Eh 103/Anbau",unknown,8160_M
6111493,597c5937cf03d2e2,EH_BS02,8160-930,1,"Wartungsplan Achse | FCM, Elektr. Anlagen und BM Eh 103/Anbau",unknown,8160_M
6111494,597c5937cf03d2e2,EH_BS02,8160-930,1,"Wartungsplan Achse | FCM, Elektr. Anlagen und BM Eh 103/Anbau",unknown,8160_M
6111495,597c5937cf03d2e2,EH_BS02,8160-930,1,"Wartungsplan Achse | FCM, Elektr. Anlagen und BM Eh 103/Anbau",unknown,8160_M
6111496,597c5937cf03d2e2,EH_BS02,8160-930,1,"Wartungsplan Achse | FCM, Elektr. Anlagen und BM Eh 103/Anbau",unknown,8160_M
6111497,597c5937cf03d2e2,EH_BS02,8160-930,1,"Wartungsplan Achse | FCM, Elektr. Anlagen und BM Eh 103/Anbau",unknown,8160_M
6111498,597c5937cf03d2e2,EH_BS02,8160-930,1,"Wartungsplan Achse | FCM, Elektr. Anlagen und BM Eh 103/Anbau",unknown,8160_M
6111499,597c5937cf03d2e2,EH_BS02,8160-930,1,"Wartungsplan Achse | FCM, Elektr. Anlagen und BM Eh 103/Anbau",unknown,8160_M
6111500,597c5937cf03d2e2,EH_BS02,8160-930,1,"Wartungsplan Achse | FCM, Elektr. Anlagen und BM Eh 103/Anbau",unknown,8160_M
6111501,597c5937cf03d2e2,EH_BS02,8160-930,1,"Wartungsplan Achse | FCM, Elektr. Anlagen und BM Eh 103/Anbau",unknown,8160_M
6111502,597c5937cf03d2e2,EH_BS02,8160-930,1,"Wartungsplan Achse | FCM, Elektr. Anlagen und BM Eh 103/Anbau",unknown,8160_M
6111503,597c5937cf03d2e2,EH_BS02,8160-930,1,"Wartungsplan Achse | FCM, Elektr. Anlagen und BM Eh 103/Anbau",unknown,8160_M
6111504,597c5937cf03d2e2,EH_BS02,8160-930,1,"Wartungsplan Achse | FCM, Elektr. Anlagen und BM Eh 103/Anbau",unknown,8160_M
6111505,597c5937cf03d2e2,EH_BS02,8160-930,1,"Wartungsplan Achse | FCM, Elektr. Anlagen und BM Eh 103/Anbau",unknown,8160_M
6111506,597c5937cf03d2e2,EH_BS02,8160-930,1,"Wartungsplan Achse | FCM, Elektr. Anlagen und BM Eh 103/Anbau",unknown,8160_M
6111507,597c5937cf03d2e2,EH_BS02,8160-930,1,"Wartungsplan Achse | FCM, Elektr. Anlagen und BM Eh 103/Anbau",unknown,8160_M
6111508,597c5937cf03d2e2,EH_BS02,8160-930,1,"Wartungsplan Achse | FCM, Elektr. Anlagen und BM Eh 103/Anbau",unknown,8160_M
6111509,597c5937cf03d2e2,EH_BS02,8160-930,1,"Wartungsplan Achse | FCM, Elektr. Anlagen und BM Eh 103/Anbau",unknown,8160_M
6111510,597c5937cf03d2e2,EH_BS02,8160-930,1,"Wartungsplan Achse | FCM, Elektr. Anlagen und BM Eh 103/Anbau",unknown,8160_M
6111511,597c5937cf03d2e2,EH_BS02,8160-930,1,"Wartungsplan Achse | FCM, Elektr. Anlagen und BM Eh 103/Anbau",unknown,8160_M
6111512,597c5937cf03d2e2,EH_BS02,8160-930,1,"Wartungsplan Achse | FCM, Elektr. Anlagen und BM Eh 103/Anbau",unknown,8160_M
6111513,597c5937cf03d2e2,EH_BS02,8160-930,1,"Wartungsplan Achse | FCM, Elektr. Anlagen und BM Eh 103/Anbau",unknown,8160_M
6111514,597c5937cf03d2e2,EH_BS02,8160-930,1,"Wartungsplan Achse | FCM, Elektr. Anlagen und BM Eh 103/Anbau",unknown,8160_M
6111515,597c5937cf03d2e2,EH_BS02,8160-930,1,"Wartungsplan Achse | FCM, Elektr. Anlagen und BM Eh 103/Anbau",unknown,8160_M
6111516,597c5937cf03d2e2,EH_BS02,8160-930,1,"Wartungsplan Achse | FCM, Elektr. Anlagen und BM Eh 103/Anbau",unknown,8160_M
6111517,597c5937cf03d2e2,EH_BS02,8160-930,1,"Wartungsplan Achse | FCM, Elektr. Anlagen und BM Eh 103/Anbau",unknown,8160_M
6111518,597c5937cf03d2e2,EH_BS02,8160-930,1,"Wartungsplan Achse | FCM, Elektr. Anlagen und BM Eh 103/Anbau",unknown,8160_M
6111519,597c5937cf03d2e2,EH_BS02,8160-930,1,"Wartungsplan Achse | FCM, Elektr. Anlagen und BM Eh 103/Anbau",unknown,8160_M
6111520,597c5937cf03d2e2,EH_BS02,8160-930,1,"Wartungsplan Achse | FCM, Elektr. Anlagen und BM Eh 103/Anbau",unknown,8160_M
6111521,597c5937cf03d2e2,EH_BS02,8160-930,1,"Wartungsplan Achse | FCM, Elektr. Anlagen und BM Eh 103/Anbau",unknown,8160_M
6111522,597c5937cf03d2e2,EH_BS02,8160-930,1,"Wartungsplan Achse | FCM, Elektr. Anlagen und BM Eh 103/Anbau",unknown,8160_M
6111523,597c5937cf03d2e2,EH_BS02,8160-930,1,"Wartungsplan Achse | FCM, Elektr. Anlagen und BM Eh 103/Anbau",unknown,8160_M
6111524,597c5937cf03d2e2,EH_BS02,8160-930,1,"Wartungsplan Achse | FCM, Elektr. Anlagen und BM Eh 103/Anbau",unknown,8160_M
6111525,597c5937cf03d2e2,EH_BS02,8160-930,1,"Wartungsplan Achse | FCM, Elektr. Anlagen und BM Eh 103/Anbau",unknown,8160_M
6111526,597c5937cf03d2e2,EH_BS02,8160-930,1,"Wartungsplan Achse | FCM, Elektr. Anlagen und BM Eh 103/Anbau",unknown,8160_M
6111527,597c5937cf03d2e2,EH_BS02,8160-930,1,"Wartungsplan Achse | FCM, Elektr. Anlagen und BM Eh 103/Anbau",unknown,8160_M
6111528,597c5937cf03d2e2,EH_BS02,8160-930,1,"Wartungsplan Achse | FCM, Elektr. Anlagen und BM Eh 103/Anbau",unknown,8160_M
6111529,597c5937cf03d2e2,EH_BS02,8160-930,1,"Wartungsplan Achse | FCM, Elektr. Anlagen und BM Eh 103/Anbau",unknown,8160_M
6111530,597c5937cf03d2e2,EH_BS02,8160-930,1,"Wartungsplan Achse | FCM, Elektr. Anlagen und BM Eh 103/Anbau",unknown,8160_M
6111531,597c5937cf03d2e2,EH_BS02,8160-930,1,"Wartungsplan Achse | FCM, Elektr. Anlagen und BM Eh 103/Anbau",unknown,8160_M
6111532,597c5937cf03d2e2,EH_BS02,8160-930,1,"Wartungsplan Achse | FCM, Elektr. Anlagen und BM Eh 103/Anbau",unknown,8160_M
6111533,597c5937cf03d2e2,EH_BS02,8160-930,1,"Wartungsplan Achse | FCM, Elektr. Anlagen und BM Eh 103/Anbau",unknown,8160_M
6111534,597c5937cf03d2e2,EH_BS02,8160-930,1,"Wartungsplan Achse | FCM, Elektr. Anlagen und BM Eh 103/Anbau",unknown,8160_M
6111535,597c5937cf03d2e2,EH_BS02,8160-930,1,"Wartungsplan Achse | FCM, Elektr. Anlagen und BM Eh 103/Anbau",unknown,8160_M
6111536,597c5937cf03d2e2,EH_BS02,8160-930,1,"Wartungsplan Achse | FCM, Elektr. Anlagen und BM Eh 103/Anbau",unknown,8160_M
6111537,597c5937cf03d2e2,EH_BS02,8160-930,1,"Wartungsplan Achse | FCM, Elektr. Anlagen und BM Eh 103/Anbau",unknown,8160_M
6111538,597c5937cf03d2e2,EH_BS02,8160-930,1,"Wartungsplan Achse | FCM, Elektr. Anlagen und BM Eh 103/Anbau",unknown,8160_M
6111539,597c5937cf03d2e2,EH_BS02,8160-930,1,"Wartungsplan Achse | FCM, Elektr. Anlagen und BM Eh 103/Anbau",unknown,8160_M
6111540,597c5937cf03d2e2,EH_BS02,8160-930,1,"Wartungsplan Achse | FCM, Elektr. Anlagen und BM Eh 103/Anbau",unknown,8160_M
6111541,597c5937cf03d2e2,EH_BS02,8160-930,1,"Wartungsplan Achse | FCM, Elektr. Anlagen und BM Eh 103/Anbau",unknown,8160_M
6111542,597c5937cf03d2e2,EH_BS02,8160-930,1,"Wartungsplan Achse | FCM, Elektr. Anlagen und BM Eh 103/Anbau",unknown,8160_M
6111543,597c5937cf03d2e2,EH_BS02,8160-930,1,"Wartungsplan Achse | FCM, Elektr. Anlagen und BM Eh 103/Anbau",unknown,8160_M
6111544,597c5937cf03d2e2,EH_BS02,8160-930,1,"Wartungsplan Achse | FCM, Elektr. Anlagen und BM Eh 103/Anbau",unknown,8160_M
6111545,597c5937cf03d2e2,EH_BS02,8160-930,1,"Wartungsplan Achse | FCM, Elektr. Anlagen und BM Eh 103/Anbau",unknown,8160_M
6111546,597c5937cf03d2e2,EH_BS02,8160-930,1,"Wartungsplan Achse | FCM, Elektr. Anlagen und BM Eh 103/Anbau",unknown,8160_M
6111547,597c5937cf03d2e2,EH_BS02,8160-930,1,"Wartungsplan Achse | FCM, Elektr. Anlagen und BM Eh 103/Anbau",unknown,8160_M
6111548,597c5937cf03d2e2,EH_BS02,8160-930,1,"Wartungsplan Achse | FCM, Elektr. Anlagen und BM Eh 103/Anbau",unknown,8160_M
6111549,597c5937cf03d2e2,EH_BS02,8160-930,1,"Wartungsplan Achse | FCM, Elektr. Anlagen und BM Eh 103/Anbau",unknown,8160_M
6111550,597c5937cf03d2e2,EH_BS02,8160-930,1,"Wartungsplan Achse | FCM, Elektr. Anlagen und BM Eh 103/Anbau",unknown,8160_M
6111551,597c5937cf03d2e2,EH_BS02,8160-930,1,"Wartungsplan Achse | FCM, Elektr. Anlagen und BM Eh 103/Anbau",unknown,8160_M
6111552,597c5937cf03d2e2,EH_BS02,8160-930,1,"Wartungsplan Achse | FCM, Elektr. Anlagen und BM Eh 103/Anbau",unknown,8160_M
6111553,597c5937cf03d2e2,EH_BS02,8160-930,1,"Wartungsplan Achse | FCM, Elektr. Anlagen und BM Eh 103/Anbau",unknown,8160_M
6111554,597c5937cf03d2e2,EH_BS02,8160-930,1,"Wartungsplan Achse | FCM, Elektr. Anlagen und BM Eh 103/Anbau",unknown,8160_M
6111555,597c5937cf03d2e2,EH_BS02,8160-930,1,"Wartungsplan Achse | FCM, Elektr. Anlagen und BM Eh 103/Anbau",unknown,8160_M
6111556,597c5937cf03d2e2,EH_BS02,8160-930,1,"Wartungsplan Achse | FCM, Elektr. Anlagen und BM Eh 103/Anbau",unknown,8160_M
6111557,597c5937cf03d2e2,EH_BS02,8160-930,1,"Wartungsplan Achse | FCM, Elektr. Anlagen und BM Eh 103/Anbau",unknown,8160_M
6111558,597c5937cf03d2e2,EH_BS02,8160-930,1,"Wartungsplan Achse | FCM, Elektr. Anlagen und BM Eh 103/Anbau",unknown,8160_M
6111559,597c5937cf03d2e2,EH_BS02,8160-930,1,"Wartungsplan Achse | FCM, Elektr. Anlagen und BM Eh 103/Anbau",unknown,8160_M
6111560,597c5937cf03d2e2,EH_BS02,8160-930,1,"Wartungsplan Achse | FCM, Elektr. Anlagen und BM Eh 103/Anbau",unknown,8160_M
6111561,597c5937cf03d2e2,EH_BS02,8160-930,1,"Wartungsplan Achse | FCM, Elektr. Anlagen und BM Eh 103/Anbau",unknown,8160_M
6111562,597c5937cf03d2e2,EH_BS02,8160-930,1,"Wartungsplan Achse | FCM, Elektr. Anlagen und BM Eh 103/Anbau",unknown,8160_M
6111563,597c5937cf03d2e2,EH_BS02,8160-930,1,"Wartungsplan Achse | FCM, Elektr. Anlagen und BM Eh 103/Anbau",unknown,8160_M
6111564,597c5937cf03d2e2,EH_BS02,8160-930,1,"Wartungsplan Achse | FCM, Elektr. Anlagen und BM Eh 103/Anbau",unknown,8160_M
6111565,597c5937cf03d2e2,EH_BS02,8160-930,1,"Wartungsplan Achse | FCM, Elektr. Anlagen und BM Eh 103/Anbau",unknown,8160_M
6111566,597c5937cf03d2e2,EH_BS02,8160-930,1,"Wartungsplan Achse | FCM, Elektr. Anlagen und BM Eh 103/Anbau",unknown,8160_M
6111567,597c5937cf03d2e2,EH_BS02,8160-930,1,"Wartungsplan Achse | FCM, Elektr. Anlagen und BM Eh 103/Anbau",unknown,8160_M
6111568,597c5937cf03d2e2,EH_BS02,8160-930,1,"Wartungsplan Achse | FCM, Elektr. Anlagen und BM Eh 103/Anbau",unknown,8160_M
6111569,597c5937cf03d2e2,EH_BS02,8160-930,1,"Wartungsplan Achse | FCM, Elektr. Anlagen und BM Eh 103/Anbau",unknown,8160_M
6111570,597c5937cf03d2e2,EH_BS02,8160-930,1,"Wartungsplan Achse | FCM, Elektr. Anlagen und BM Eh 103/Anbau",unknown,8160_M
6111571,597c5937cf03d2e2,EH_BS02,8160-930,1,"Wartungsplan Achse | FCM, Elektr. Anlagen und BM Eh 103/Anbau",unknown,8160_M
6111572,597c5937cf03d2e2,EH_BS02,8160-930,1,"Wartungsplan Achse | FCM, Elektr. Anlagen und BM Eh 103/Anbau",unknown,8160_M
6111573,597c5937cf03d2e2,EH_BS02,8160-930,1,"Wartungsplan Achse | FCM, Elektr. Anlagen und BM Eh 103/Anbau",unknown,8160_M
6111574,597c5937cf03d2e2,EH_BS02,8160-930,1,"Wartungsplan Achse | FCM, Elektr. Anlagen und BM Eh 103/Anbau",unknown,8160_M
6111575,597c5937cf03d2e2,EH_BS02,8160-930,1,"Wartungsplan Achse | FCM, Elektr. Anlagen und BM Eh 103/Anbau",unknown,8160_M
6111576,597c5937cf03d2e2,EH_BS02,8160-930,1,"Wartungsplan Achse | FCM, Elektr. Anlagen und BM Eh 103/Anbau",unknown,8160_M
6111577,597c5937cf03d2e2,EH_BS02,8160-930,1,"Wartungsplan Achse | FCM, Elektr. Anlagen und BM Eh 103/Anbau",unknown,8160_M
6111578,597c5937cf03d2e2,EH_BS02,8160-930,1,"Wartungsplan Achse | FCM, Elektr. Anlagen und BM Eh 103/Anbau",unknown,8160_M
6111579,597c5937cf03d2e2,EH_BS02,8160-930,1,"Wartungsplan Achse | FCM, Elektr. Anlagen und BM Eh 103/Anbau",unknown,8160_M
6111580,597c5937cf03d2e2,EH_BS02,8160-930,1,"Wartungsplan Achse | FCM, Elektr. Anlagen und BM Eh 103/Anbau",unknown,8160_M
6111581,597c5937cf03d2e2,EH_BS02,8160-930,1,"Wartungsplan Achse | FCM, Elektr. Anlagen und BM Eh 103/Anbau",unknown,8160_M
6111582,597c5937cf03d2e2,EH_BS02,8160-930,1,"Wartungsplan Achse | FCM, Elektr. Anlagen und BM Eh 103/Anbau",unknown,8160_M
6111583,597c5937cf03d2e2,EH_BS02,8160-930,1,"Wartungsplan Achse | FCM, Elektr. Anlagen und BM Eh 103/Anbau",unknown,8160_M
6111584,597c5937cf03d2e2,EH_BS02,8160-930,1,"Wartungsplan Achse | FCM, Elektr. Anlagen und BM Eh 103/Anbau",unknown,8160_M
6111585,597c5937cf03d2e2,EH_BS02,8160-930,1,"Wartungsplan Achse | FCM, Elektr. Anlagen und BM Eh 103/Anbau",unknown,8160_M
6111586,597c5937cf03d2e2,EH_BS02,8160-930,1,"Wartungsplan Achse | FCM, Elektr. Anlagen und BM Eh 103/Anbau",unknown,8160_M
6111587,597c5937cf03d2e2,EH_BS02,8160-930,1,"Wartungsplan Achse | FCM, Elektr. Anlagen und BM Eh 103/Anbau",unknown,8160_M
6111588,597c5937cf03d2e2,EH_BS02,8160-930,1,"Wartungsplan Achse | FCM, Elektr. Anlagen und BM Eh 103/Anbau",unknown,8160_M
6111589,597c5937cf03d2e2,EH_BS02,8160-930,1,"Wartungsplan Achse | FCM, Elektr. Anlagen und BM Eh 103/Anbau",unknown,8160_M
6111590,597c5937cf03d2e2,EH_BS02,8160-930,1,"Wartungsplan Achse | FCM, Elektr. Anlagen und BM Eh 103/Anbau",unknown,8160_M
6111591,597c5937cf03d2e2,EH_BS02,8160-930,1,"Wartungsplan Achse | FCM, Elektr. Anlagen und BM Eh 103/Anbau",unknown,8160_M
6111592,597c5937cf03d2e2,EH_BS02,8160-930,1,"Wartungsplan Achse | FCM, Elektr. Anlagen und BM Eh 103/Anbau",unknown,8160_M
6111593,597c5937cf03d2e2,EH_BS02,8160-930,1,"Wartungsplan Achse | FCM, Elektr. Anlagen und BM Eh 103/Anbau",unknown,8160_M
6111594,597c5937cf03d2e2,EH_BS02,8160-930,1,"Wartungsplan Achse | FCM, Elektr. Anlagen und BM Eh 103/Anbau",unknown,8160_M
6111595,597c5937cf03d2e2,EH_BS02,8160-930,1,"Wartungsplan Achse | FCM, Elektr. Anlagen und BM Eh 103/Anbau",unknown,8160_M
6111596,597c5937cf03d2e2,EH_BS02,8160-930,1,"Wartungsplan Achse | FCM, Elektr. Anlagen und BM Eh 103/Anbau",unknown,8160_M
6111597,597c5937cf03d2e2,EH_BS02,8160-930,1,"Wartungsplan Achse | FCM, Elektr. Anlagen und BM Eh 103/Anbau",unknown,8160_M
6111598,597c5937cf03d2e2,EH_BS02,8160-930,1,"Wartungsplan Achse | FCM, Elektr. Anlagen und BM Eh 103/Anbau",unknown,8160_M
6111599,597c5937cf03d2e2,EH_BS02,8160-930,1,"Wartungsplan Achse | FCM, Elektr. Anlagen und BM Eh 103/Anbau",unknown,8160_M
6111600,597c5937cf03d2e2,EH_BS02,8160-930,1,"Wartungsplan Achse | FCM, Elektr. Anlagen und BM Eh 103/Anbau",unknown,8160_M
6111601,597c5937cf03d2e2,EH_BS02,8160-930,1,"Wartungsplan Achse | FCM, Elektr. Anlagen und BM Eh 103/Anbau",unknown,8160_M
6111602,597c5937cf03d2e2,EH_BS02,8160-930,1,"Wartungsplan Achse | FCM, Elektr. Anlagen und BM Eh 103/Anbau",unknown,8160_M
6111603,597c5937cf03d2e2,EH_BS02,8160-930,1,"Wartungsplan Achse | FCM, Elektr. Anlagen und BM Eh 103/Anbau",unknown,8160_M
6111604,597c5937cf03d2e2,EH_BS02,8160-930,1,"Wartungsplan Achse | FCM, Elektr. Anlagen und BM Eh 103/Anbau",unknown,8160_M
6111605,597c5937cf03d2e2,EH_BS02,8160-930,1,"Wartungsplan Achse | FCM, Elektr. Anlagen und BM Eh 103/Anbau",unknown,8160_M
6111606,597c5937cf03d2e2,EH_BS02,8160-930,1,"Wartungsplan Achse | FCM, Elektr. Anlagen und BM Eh 103/Anbau",unknown,8160_M
6111607,597c5937cf03d2e2,EH_BS02,8160-930,1,"Wartungsplan Achse | FCM, Elektr. Anlagen und BM Eh 103/Anbau",unknown,8160_M
6111608,597c5937cf03d2e2,EH_BS02,8160-930,1,"Wartungsplan Achse | FCM, Elektr. Anlagen und BM Eh 103/Anbau",unknown,8160_M
6111609,597c5937cf03d2e2,EH_BS02,8160-930,1,"Wartungsplan Achse | FCM, Elektr. Anlagen und BM Eh 103/Anbau",unknown,8160_M
6111610,597c5937cf03d2e2,EH_BS02,8160-930,1,"Wartungsplan Achse | FCM, Elektr. Anlagen und BM Eh 103/Anbau",unknown,8160_M
6111611,597c5937cf03d2e2,EH_BS02,8160-930,1,"Wartungsplan Achse | FCM, Elektr. Anlagen und BM Eh 103/Anbau",unknown,8160_M
6111612,597c5937cf03d2e2,EH_BS02,8160-930,1,"Wartungsplan Achse | FCM, Elektr. Anlagen und BM Eh 103/Anbau",unknown,8160_M
6111613,597c5937cf03d2e2,EH_BS02,8160-930,1,"Wartungsplan Achse | FCM, Elektr. Anlagen und BM Eh 103/Anbau",unknown,8160_M
6111614,597c5937cf03d2e2,EH_BS02,8160-930,1,"Wartungsplan Achse | FCM, Elektr. Anlagen und BM Eh 103/Anbau",unknown,8160_M
6111615,597c5937cf03d2e2,EH_BS02,8160-930,1,"Wartungsplan Achse | FCM, Elektr. Anlagen und BM Eh 103/Anbau",unknown,8160_M
6111616,597c5937cf03d2e2,EH_BS02,8160-930,1,"Wartungsplan Achse | FCM, Elektr. Anlagen und BM Eh 103/Anbau",unknown,8160_M
6111617,597c5937cf03d2e2,EH_BS02,8160-930,1,"Wartungsplan Achse | FCM, Elektr. Anlagen und BM Eh 103/Anbau",unknown,8160_M
6111618,597c5937cf03d2e2,EH_BS02,8160-930,1,"Wartungsplan Achse | FCM, Elektr. Anlagen und BM Eh 103/Anbau",unknown,8160_M
6111619,597c5937cf03d2e2,EH_BS02,8160-930,1,"Wartungsplan Achse | FCM, Elektr. Anlagen und BM Eh 103/Anbau",unknown,8160_M
6111620,597c5937cf03d2e2,EH_BS02,8160-930,1,"Wartungsplan Achse | FCM, Elektr. Anlagen und BM Eh 103/Anbau",unknown,8160_M
6111621,597c5937cf03d2e2,EH_BS02,8160-930,1,"Wartungsplan Achse | FCM, Elektr. Anlagen und BM Eh 103/Anbau",unknown,8160_M
6111651,597c5937cf03d2e2,EH_BS02,8160-930,1,"Wartungsplan Achse | FCM, Elektr. Anlagen und BM Eh 103/Anbau",unknown,8160_M
6111652,597c5937cf03d2e2,EH_BS02,8160-930,1,"Wartungsplan Achse | FCM, Elektr. Anlagen und BM Eh 103/Anbau",unknown,8160_M
6111653,597c5937cf03d2e2,EH_BS02,8160-930,1,"Wartungsplan Achse | FCM, Elektr. Anlagen und BM Eh 103/Anbau",unknown,8160_M
6111654,597c5937cf03d2e2,EH_BS02,8160-930,1,"Wartungsplan Achse | FCM, Elektr. Anlagen und BM Eh 103/Anbau",unknown,8160_M
6111655,597c5937cf03d2e2,EH_BS02,8160-930,1,"Wartungsplan Achse | FCM, Elektr. Anlagen und BM Eh 103/Anbau",unknown,8160_M
6111656,597c5937cf03d2e2,EH_BS02,8160-930,1,"Wartungsplan Achse | FCM, Elektr. Anlagen und BM Eh 103/Anbau",unknown,8160_M
6111657,597c5937cf03d2e2,EH_BS02,8160-930,1,"Wartungsplan Achse | FCM, Elektr. Anlagen und BM Eh 103/Anbau",unknown,8160_M
6111658,597c5937cf03d2e2,EH_BS02,8160-930,1,"Wartungsplan Achse | FCM, Elektr. Anlagen und BM Eh 103/Anbau",unknown,8160_M
6111659,597c5937cf03d2e2,EH_BS02,8160-930,1,"Wartungsplan Achse | FCM, Elektr. Anlagen und BM Eh 103/Anbau",unknown,8160_M
6111660,597c5937cf03d2e2,EH_BS02,8160-930,1,"Wartungsplan Achse | FCM, Elektr. Anlagen und BM Eh 103/Anbau",unknown,8160_M
6111661,597c5937cf03d2e2,EH_BS02,8160-930,1,"Wartungsplan Achse | FCM, Elektr. Anlagen und BM Eh 103/Anbau",unknown,8160_M
6111662,597c5937cf03d2e2,EH_BS02,8160-930,1,"Wartungsplan Achse | FCM, Elektr. Anlagen und BM Eh 103/Anbau",unknown,8160_M
6111663,597c5937cf03d2e2,EH_BS02,8160-930,1,"Wartungsplan Achse | FCM, Elektr. Anlagen und BM Eh 103/Anbau",unknown,8160_M
6111664,597c5937cf03d2e2,EH_BS02,8160-930,1,"Wartungsplan Achse | FCM, Elektr. Anlagen und BM Eh 103/Anbau",unknown,8160_M
6111665,597c5937cf03d2e2,EH_BS02,8160-930,1,"Wartungsplan Achse | FCM, Elektr. Anlagen und BM Eh 103/Anbau",unknown,8160_M
6111666,597c5937cf03d2e2,EH_BS02,8160-930,1,"Wartungsplan Achse | FCM, Elektr. Anlagen und BM Eh 103/Anbau",unknown,8160_M
6111667,597c5937cf03d2e2,EH_BS02,8160-930,1,"Wartungsplan Achse | FCM, Elektr. Anlagen und BM Eh 103/Anbau",unknown,8160_M
6111668,597c5937cf03d2e2,EH_BS02,8160-930,1,"Wartungsplan Achse | FCM, Elektr. Anlagen und BM Eh 103/Anbau",unknown,8160_M
6111669,597c5937cf03d2e2,EH_BS02,8160-930,1,"Wartungsplan Achse | FCM, Elektr. Anlagen und BM Eh 103/Anbau",unknown,8160_M
6111670,597c5937cf03d2e2,EH_BS02,8160-930,1,"Wartungsplan Achse | FCM, Elektr. Anlagen und BM Eh 103/Anbau",unknown,8160_M
6111671,597c5937cf03d2e2,EH_BS02,8160-930,1,"Wartungsplan Achse | FCM, Elektr. Anlagen und BM Eh 103/Anbau",unknown,8160_M
6111672,597c5937cf03d2e2,EH_BS02,8160-930,1,"Wartungsplan Achse | FCM, Elektr. Anlagen und BM Eh 103/Anbau",unknown,8160_M
6111673,597c5937cf03d2e2,EH_BS02,8160-930,1,"Wartungsplan Achse | FCM, Elektr. Anlagen und BM Eh 103/Anbau",unknown,8160_M
6111674,597c5937cf03d2e2,EH_BS02,8160-930,1,"Wartungsplan Achse | FCM, Elektr. Anlagen und BM Eh 103/Anbau",unknown,8160_M
6111675,597c5937cf03d2e2,EH_BS02,8160-930,1,"Wartungsplan Achse | FCM, Elektr. Anlagen und BM Eh 103/Anbau",unknown,8160_M
6111676,597c5937cf03d2e2,EH_BS02,8160-930,1,"Wartungsplan Achse | FCM, Elektr. Anlagen und BM Eh 103/Anbau",unknown,8160_M
6111677,597c5937cf03d2e2,EH_BS02,8160-930,1,"Wartungsplan Achse | FCM, Elektr. Anlagen und BM Eh 103/Anbau",unknown,8160_M
6111678,597c5937cf03d2e2,EH_BS02,8160-930,1,"Wartungsplan Achse | FCM, Elektr. Anlagen und BM Eh 103/Anbau",unknown,8160_M
6111679,597c5937cf03d2e2,EH_BS02,8160-930,1,"Wartungsplan Achse | FCM, Elektr. Anlagen und BM Eh 103/Anbau",unknown,8160_M
6111680,597c5937cf03d2e2,EH_BS02,8160-930,1,"Wartungsplan Achse | FCM, Elektr. Anlagen und BM Eh 103/Anbau",unknown,8160_M
6111681,597c5937cf03d2e2,EH_BS02,8160-930,1,"Wartungsplan Achse | FCM, Elektr. Anlagen und BM Eh 103/Anbau",unknown,8160_M
6111682,597c5937cf03d2e2,EH_BS02,8160-930,1,"Wartungsplan Achse | FCM, Elektr. Anlagen und BM Eh 103/Anbau",unknown,8160_M
6111683,597c5937cf03d2e2,EH_BS02,8160-930,1,"Wartungsplan Achse | FCM, Elektr. Anlagen und BM Eh 103/Anbau",unknown,8160_M
6111684,597c5937cf03d2e2,EH_BS02,8160-930,1,"Wartungsplan Achse | FCM, Elektr. Anlagen und BM Eh 103/Anbau",unknown,8160_M
6111685,597c5937cf03d2e2,EH_BS02,8160-930,1,"Wartungsplan Achse | FCM, Elektr. Anlagen und BM Eh 103/Anbau",unknown,8160_M
6111686,597c5937cf03d2e2,EH_BS02,8160-930,1,"Wartungsplan Achse | FCM, Elektr. Anlagen und BM Eh 103/Anbau",unknown,8160_M
6111687,597c5937cf03d2e2,EH_BS02,8160-930,1,"Wartungsplan Achse | FCM, Elektr. Anlagen und BM Eh 103/Anbau",unknown,8160_M
6111688,597c5937cf03d2e2,EH_BS02,8160-930,1,"Wartungsplan Achse | FCM, Elektr. Anlagen und BM Eh 103/Anbau",unknown,8160_M
6111689,597c5937cf03d2e2,EH_BS02,8160-930,1,"Wartungsplan Achse | FCM, Elektr. Anlagen und BM Eh 103/Anbau",unknown,8160_M
6111690,597c5937cf03d2e2,EH_BS02,8160-930,1,"Wartungsplan Achse | FCM, Elektr. Anlagen und BM Eh 103/Anbau",unknown,8160_M
6111691,597c5937cf03d2e2,EH_BS02,8160-930,1,"Wartungsplan Achse | FCM, Elektr. Anlagen und BM Eh 103/Anbau",unknown,8160_M
6111692,597c5937cf03d2e2,EH_BS02,8160-930,1,"Wartungsplan Achse | FCM, Elektr. Anlagen und BM Eh 103/Anbau",unknown,8160_M
6111693,597c5937cf03d2e2,EH_BS02,8160-930,1,"Wartungsplan Achse | FCM, Elektr. Anlagen und BM Eh 103/Anbau",unknown,8160_M
6111694,597c5937cf03d2e2,EH_BS02,8160-930,1,"Wartungsplan Achse | FCM, Elektr. Anlagen und BM Eh 103/Anbau",unknown,8160_M
6111695,597c5937cf03d2e2,EH_BS02,8160-930,1,"Wartungsplan Achse | FCM, Elektr. Anlagen und BM Eh 103/Anbau",unknown,8160_M
6111696,597c5937cf03d2e2,EH_BS02,8160-930,1,"Wartungsplan Achse | FCM, Elektr. Anlagen und BM Eh 103/Anbau",unknown,8160_M
6111697,597c5937cf03d2e2,EH_BS02,8160-930,1,"Wartungsplan Achse | FCM, Elektr. Anlagen und BM Eh 103/Anbau",unknown,8160_M
6111698,597c5937cf03d2e2,EH_BS02,8160-930,1,"Wartungsplan Achse | FCM, Elektr. Anlagen und BM Eh 103/Anbau",unknown,8160_M
6111699,597c5937cf03d2e2,EH_BS02,8160-930,1,"Wartungsplan Achse | FCM, Elektr. Anlagen und BM Eh 103/Anbau",unknown,8160_M
6111700,597c5937cf03d2e2,EH_BS02,8160-930,1,"Wartungsplan Achse | FCM, Elektr. Anlagen und BM Eh 103/Anbau",unknown,8160_M
6111701,597c5937cf03d2e2,EH_BS02,8160-930,1,"Wartungsplan Achse | FCM, Elektr. Anlagen und BM Eh 103/Anbau",unknown,8160_M
6111702,597c5937cf03d2e2,EH_BS02,8160-930,1,"Wartungsplan Achse | FCM, Elektr. Anlagen und BM Eh 103/Anbau",unknown,8160_M
6111703,597c5937cf03d2e2,EH_BS02,8160-930,1,"Wartungsplan Achse | FCM, Elektr. Anlagen und BM Eh 103/Anbau",unknown,8160_M
6111704,597c5937cf03d2e2,EH_BS02,8160-930,1,"Wartungsplan Achse | FCM, Elektr. Anlagen und BM Eh 103/Anbau",unknown,8160_M
6111705,597c5937cf03d2e2,EH_BS02,8160-930,1,"Wartungsplan Achse | FCM, Elektr. Anlagen und BM Eh 103/Anbau",unknown,8160_M
6111706,597c5937cf03d2e2,EH_BS02,8160-930,1,"Wartungsplan Achse | FCM, Elektr. Anlagen und BM Eh 103/Anbau",unknown,8160_M
6111707,597c5937cf03d2e2,EH_BS02,8160-930,1,"Wartungsplan Achse | FCM, Elektr. Anlagen und BM Eh 103/Anbau",unknown,8160_M
6111708,597c5937cf03d2e2,EH_BS02,8160-930,1,"Wartungsplan Achse | FCM, Elektr. Anlagen und BM Eh 103/Anbau",unknown,8160_M
6111709,597c5937cf03d2e2,EH_BS02,8160-930,1,"Wartungsplan Achse | FCM, Elektr. Anlagen und BM Eh 103/Anbau",unknown,8160_M
6111710,597c5937cf03d2e2,EH_BS02,8160-930,1,"Wartungsplan Achse | FCM, Elektr. Anlagen und BM Eh 103/Anbau",unknown,8160_M
6111711,597c5937cf03d2e2,EH_BS02,8160-930,1,"Wartungsplan Achse | FCM, Elektr. Anlagen und BM Eh 103/Anbau",unknown,8160_M
6111712,597c5937cf03d2e2,EH_BS02,8160-930,1,"Wartungsplan Achse | FCM, Elektr. Anlagen und BM Eh 103/Anbau",unknown,8160_M
6111713,597c5937cf03d2e2,EH_BS02,8160-930,1,"Wartungsplan Achse | FCM, Elektr. Anlagen und BM Eh 103/Anbau",unknown,8160_M
6111714,597c5937cf03d2e2,EH_BS02,8160-930,1,"Wartungsplan Achse | FCM, Elektr. Anlagen und BM Eh 103/Anbau",unknown,8160_M
6111715,597c5937cf03d2e2,EH_BS02,8160-930,1,"Wartungsplan Achse | FCM, Elektr. Anlagen und BM Eh 103/Anbau",unknown,8160_M
6111716,597c5937cf03d2e2,EH_BS02,8160-930,1,"Wartungsplan Achse | FCM, Elektr. Anlagen und BM Eh 103/Anbau",unknown,8160_M
6111717,597c5937cf03d2e2,EH_BS02,8160-930,1,"Wartungsplan Achse | FCM, Elektr. Anlagen und BM Eh 103/Anbau",unknown,8160_M
6111718,597c5937cf03d2e2,EH_BS02,8160-930,1,"Wartungsplan Achse | FCM, Elektr. Anlagen und BM Eh 103/Anbau",unknown,8160_M
6111719,597c5937cf03d2e2,EH_BS02,8160-930,1,"Wartungsplan Achse | FCM, Elektr. Anlagen und BM Eh 103/Anbau",unknown,8160_M
6111720,597c5937cf03d2e2,EH_BS02,8160-930,1,"Wartungsplan Achse | FCM, Elektr. Anlagen und BM Eh 103/Anbau",unknown,8160_M
6111721,597c5937cf03d2e2,EH_BS02,8160-930,1,"Wartungsplan Achse | FCM, Elektr. Anlagen und BM Eh 103/Anbau",unknown,8160_M
6111722,597c5937cf03d2e2,EH_BS02,8160-930,1,"Wartungsplan Achse | FCM, Elektr. Anlagen und BM Eh 103/Anbau",unknown,8160_M
6111723,597c5937cf03d2e2,EH_BS02,8160-930,1,"Wartungsplan Achse | FCM, Elektr. Anlagen und BM Eh 103/Anbau",unknown,8160_M
6111724,597c5937cf03d2e2,EH_BS02,8160-930,1,"Wartungsplan Achse | FCM, Elektr. Anlagen und BM Eh 103/Anbau",unknown,8160_M
6111725,597c5937cf03d2e2,EH_BS02,8160-930,1,"Wartungsplan Achse | FCM, Elektr. Anlagen und BM Eh 103/Anbau",unknown,8160_M
6111726,597c5937cf03d2e2,EH_BS02,8160-930,1,"Wartungsplan Achse | FCM, Elektr. Anlagen und BM Eh 103/Anbau",unknown,8160_M
6111727,597c5937cf03d2e2,EH_BS02,8160-930,1,"Wartungsplan Achse | FCM, Elektr. Anlagen und BM Eh 103/Anbau",unknown,8160_M
6111728,597c5937cf03d2e2,EH_BS02,8160-930,1,"Wartungsplan Achse | FCM, Elektr. Anlagen und BM Eh 103/Anbau",unknown,8160_M
6111729,597c5937cf03d2e2,EH_BS02,8160-930,1,"Wartungsplan Achse | FCM, Elektr. Anlagen und BM Eh 103/Anbau",unknown,8160_M
6111730,597c5937cf03d2e2,EH_BS02,8160-930,1,"Wartungsplan Achse | FCM, Elektr. Anlagen und BM Eh 103/Anbau",unknown,8160_M
6111731,597c5937cf03d2e2,EH_BS02,8160-930,1,"Wartungsplan Achse | FCM, Elektr. Anlagen und BM Eh 103/Anbau",unknown,8160_M
6111732,597c5937cf03d2e2,EH_BS02,8160-930,1,"Wartungsplan Achse | FCM, Elektr. Anlagen und BM Eh 103/Anbau",unknown,8160_M
6111733,597c5937cf03d2e2,EH_BS02,8160-930,1,"Wartungsplan Achse | FCM, Elektr. Anlagen und BM Eh 103/Anbau",unknown,8160_M
6111734,597c5937cf03d2e2,EH_BS02,8160-930,1,"Wartungsplan Achse | FCM, Elektr. Anlagen und BM Eh 103/Anbau",unknown,8160_M
6111735,597c5937cf03d2e2,EH_BS02,8160-930,1,"Wartungsplan Achse | FCM, Elektr. Anlagen und BM Eh 103/Anbau",unknown,8160_M
6111736,597c5937cf03d2e2,EH_BS02,8160-930,1,"Wartungsplan Achse | FCM, Elektr. Anlagen und BM Eh 103/Anbau",unknown,8160_M
6111737,597c5937cf03d2e2,EH_BS02,8160-930,1,"Wartungsplan Achse | FCM, Elektr. Anlagen und BM Eh 103/Anbau",unknown,8160_M
6111738,597c5937cf03d2e2,EH_BS02,8160-930,1,"Wartungsplan Achse | FCM, Elektr. Anlagen und BM Eh 103/Anbau",unknown,8160_M
6111739,597c5937cf03d2e2,EH_BS02,8160-930,1,"Wartungsplan Achse | FCM, Elektr. Anlagen und BM Eh 103/Anbau",unknown,8160_M
6111740,597c5937cf03d2e2,EH_BS02,8160-930,1,"Wartungsplan Achse | FCM, Elektr. Anlagen und BM Eh 103/Anbau",unknown,8160_M
6111741,597c5937cf03d2e2,EH_BS02,8160-930,1,"Wartungsplan Achse | FCM, Elektr. Anlagen und BM Eh 103/Anbau",unknown,8160_M
6111742,597c5937cf03d2e2,EH_BS02,8160-930,1,"Wartungsplan Achse | FCM, Elektr. Anlagen und BM Eh 103/Anbau",unknown,8160_M
6111743,597c5937cf03d2e2,EH_BS02,8160-930,1,"Wartungsplan Achse | FCM, Elektr. Anlagen und BM Eh 103/Anbau",unknown,8160_M
6111744,597c5937cf03d2e2,EH_BS02,8160-930,1,"Wartungsplan Achse | FCM, Elektr. Anlagen und BM Eh 103/Anbau",unknown,8160_M
6111745,597c5937cf03d2e2,EH_BS02,8160-930,1,"Wartungsplan Achse | FCM, Elektr. Anlagen und BM Eh 103/Anbau",unknown,8160_M
6111746,597c5937cf03d2e2,EH_BS02,8160-930,1,"Wartungsplan Achse | FCM, Elektr. Anlagen und BM Eh 103/Anbau",unknown,8160_M
6111747,597c5937cf03d2e2,EH_BS02,8160-930,1,"Wartungsplan Achse | FCM, Elektr. Anlagen und BM Eh 103/Anbau",unknown,8160_M
6111748,597c5937cf03d2e2,EH_BS02,8160-930,1,"Wartungsplan Achse | FCM, Elektr. Anlagen und BM Eh 103/Anbau",unknown,8160_M
6111749,597c5937cf03d2e2,EH_BS02,8160-930,1,"Wartungsplan Achse | FCM, Elektr. Anlagen und BM Eh 103/Anbau",unknown,8160_M
6111750,597c5937cf03d2e2,EH_BS02,8160-930,1,"Wartungsplan Achse | FCM, Elektr. Anlagen und BM Eh 103/Anbau",unknown,8160_M
6111751,597c5937cf03d2e2,EH_BS02,8160-930,1,"Wartungsplan Achse | FCM, Elektr. Anlagen und BM Eh 103/Anbau",unknown,8160_M
6111752,597c5937cf03d2e2,EH_BS02,8160-930,1,"Wartungsplan Achse | FCM, Elektr. Anlagen und BM Eh 103/Anbau",unknown,8160_M
6111753,597c5937cf03d2e2,EH_BS02,8160-930,1,"Wartungsplan Achse | FCM, Elektr. Anlagen und BM Eh 103/Anbau",unknown,8160_M
6111754,597c5937cf03d2e2,EH_BS02,8160-930,1,"Wartungsplan Achse | FCM, Elektr. Anlagen und BM Eh 103/Anbau",unknown,8160_M
6111755,597c5937cf03d2e2,EH_BS02,8160-930,1,"Wartungsplan Achse | FCM, Elektr. Anlagen und BM Eh 103/Anbau",unknown,8160_M
6111756,597c5937cf03d2e2,EH_BS02,8160-930,1,"Wartungsplan Achse | FCM, Elektr. Anlagen und BM Eh 103/Anbau",unknown,8160_M
6111757,597c5937cf03d2e2,EH_BS02,8160-930,1,"Wartungsplan Achse | FCM, Elektr. Anlagen und BM Eh 103/Anbau",unknown,8160_M
6111758,597c5937cf03d2e2,EH_BS02,8160-930,1,"Wartungsplan Achse | FCM, Elektr. Anlagen und BM Eh 103/Anbau",unknown,8160_M
6111759,597c5937cf03d2e2,EH_BS02,8160-930,1,"Wartungsplan Achse | FCM, Elektr. Anlagen und BM Eh 103/Anbau",unknown,8160_M
6111760,597c5937cf03d2e2,EH_BS02,8160-930,1,"Wartungsplan Achse | FCM, Elektr. Anlagen und BM Eh 103/Anbau",unknown,8160_M
6111761,597c5937cf03d2e2,EH_BS02,8160-930,1,"Wartungsplan Achse | FCM, Elektr. Anlagen und BM Eh 103/Anbau",unknown,8160_M
6111762,597c5937cf03d2e2,EH_BS02,8160-930,1,"Wartungsplan Achse | FCM, Elektr. Anlagen und BM Eh 103/Anbau",unknown,8160_M
6111763,597c5937cf03d2e2,EH_BS02,8160-930,1,"Wartungsplan Achse | FCM, Elektr. Anlagen und BM Eh 103/Anbau",unknown,8160_M
6111764,597c5937cf03d2e2,EH_BS02,8160-930,1,"Wartungsplan Achse | FCM, Elektr. Anlagen und BM Eh 103/Anbau",unknown,8160_M
6111765,597c5937cf03d2e2,EH_BS02,8160-930,1,"Wartungsplan Achse | FCM, Elektr. Anlagen und BM Eh 103/Anbau",unknown,8160_M
6111766,597c5937cf03d2e2,EH_BS02,8160-930,1,"Wartungsplan Achse | FCM, Elektr. Anlagen und BM Eh 103/Anbau",unknown,8160_M
6111767,597c5937cf03d2e2,EH_BS02,8160-930,1,"Wartungsplan Achse | FCM, Elektr. Anlagen und BM Eh 103/Anbau",unknown,8160_M
6111768,597c5937cf03d2e2,EH_BS02,8160-930,1,"Wartungsplan Achse | FCM, Elektr. Anlagen und BM Eh 103/Anbau",unknown,8160_M
6111769,597c5937cf03d2e2,EH_BS02,8160-930,1,"Wartungsplan Achse | FCM, Elektr. Anlagen und BM Eh 103/Anbau",unknown,8160_M
6111770,597c5937cf03d2e2,EH_BS02,8160-930,1,"Wartungsplan Achse | FCM, Elektr. Anlagen und BM Eh 103/Anbau",unknown,8160_M
6111771,597c5937cf03d2e2,EH_BS02,8160-930,1,"Wartungsplan Achse | FCM, Elektr. Anlagen und BM Eh 103/Anbau",unknown,8160_M
6111772,597c5937cf03d2e2,EH_BS02,8160-930,1,"Wartungsplan Achse | FCM, Elektr. Anlagen und BM Eh 103/Anbau",unknown,8160_M
6111773,597c5937cf03d2e2,EH_BS02,8160-930,1,"Wartungsplan Achse | FCM, Elektr. Anlagen und BM Eh 103/Anbau",unknown,8160_M
6111774,597c5937cf03d2e2,EH_BS02,8160-930,1,"Wartungsplan Achse | FCM, Elektr. Anlagen und BM Eh 103/Anbau",unknown,8160_M
6111775,597c5937cf03d2e2,EH_BS02,8160-930,1,"Wartungsplan Achse | FCM, Elektr. Anlagen und BM Eh 103/Anbau",unknown,8160_M
6111776,597c5937cf03d2e2,EH_BS02,8160-930,1,"Wartungsplan Achse | FCM, Elektr. Anlagen und BM Eh 103/Anbau",unknown,8160_M
6111777,597c5937cf03d2e2,EH_BS02,8160-930,1,"Wartungsplan Achse | FCM, Elektr. Anlagen und BM Eh 103/Anbau",unknown,8160_M
6111778,597c5937cf03d2e2,EH_BS02,8160-930,1,"Wartungsplan Achse | FCM, Elektr. Anlagen und BM Eh 103/Anbau",unknown,8160_M
6111779,597c5937cf03d2e2,EH_BS02,8160-930,1,"Wartungsplan Achse | FCM, Elektr. Anlagen und BM Eh 103/Anbau",unknown,8160_M
6111780,597c5937cf03d2e2,EH_BS02,8160-930,1,"Wartungsplan Achse | FCM, Elektr. Anlagen und BM Eh 103/Anbau",unknown,8160_M
6111781,597c5937cf03d2e2,EH_BS02,8160-930,1,"Wartungsplan Achse | FCM, Elektr. Anlagen und BM Eh 103/Anbau",unknown,8160_M
6111782,597c5937cf03d2e2,EH_BS02,8160-930,1,"Wartungsplan Achse | FCM, Elektr. Anlagen und BM Eh 103/Anbau",unknown,8160_M
6111783,597c5937cf03d2e2,EH_BS02,8160-930,1,"Wartungsplan Achse | FCM, Elektr. Anlagen und BM Eh 103/Anbau",unknown,8160_M
6111784,597c5937cf03d2e2,EH_BS02,8160-930,1,"Wartungsplan Achse | FCM, Elektr. Anlagen und BM Eh 103/Anbau",unknown,8160_M
6111785,597c5937cf03d2e2,EH_BS02,8160-930,1,"Wartungsplan Achse | FCM, Elektr. Anlagen und BM Eh 103/Anbau",unknown,8160_M
6111786,597c5937cf03d2e2,EH_BS02,8160-930,1,"Wartungsplan Achse | FCM, Elektr. Anlagen und BM Eh 103/Anbau",unknown,8160_M
6111787,597c5937cf03d2e2,EH_BS02,8160-930,1,"Wartungsplan Achse | FCM, Elektr. Anlagen und BM Eh 103/Anbau",unknown,8160_M
6111788,597c5937cf03d2e2,EH_BS02,8160-930,1,"Wartungsplan Achse | FCM, Elektr. Anlagen und BM Eh 103/Anbau",unknown,8160_M
6111789,597c5937cf03d2e2,EH_BS02,8160-930,1,"Wartungsplan Achse | FCM, Elektr. Anlagen und BM Eh 103/Anbau",unknown,8160_M
6111790,597c5937cf03d2e2,EH_BS02,8160-930,1,"Wartungsplan Achse | FCM, Elektr. Anlagen und BM Eh 103/Anbau",unknown,8160_M
6111791,597c5937cf03d2e2,EH_BS02,8160-930,1,"Wartungsplan Achse | FCM, Elektr. Anlagen und BM Eh 103/Anbau",unknown,8160_M
6111792,597c5937cf03d2e2,EH_BS02,8160-930,1,"Wartungsplan Achse | FCM, Elektr. Anlagen und BM Eh 103/Anbau",unknown,8160_M
6111793,597c5937cf03d2e2,EH_BS02,8160-930,1,"Wartungsplan Achse | FCM, Elektr. Anlagen und BM Eh 103/Anbau",unknown,8160_M
6111794,597c5937cf03d2e2,EH_BS02,8160-930,1,"Wartungsplan Achse | FCM, Elektr. Anlagen und BM Eh 103/Anbau",unknown,8160_M
6111795,597c5937cf03d2e2,EH_BS02,8160-930,1,"Wartungsplan Achse | FCM, Elektr. Anlagen und BM Eh 103/Anbau",unknown,8160_M
6111796,597c5937cf03d2e2,EH_BS02,8160-930,1,"Wartungsplan Achse | FCM, Elektr. Anlagen und BM Eh 103/Anbau",unknown,8160_M
6111797,597c5937cf03d2e2,EH_BS02,8160-930,1,"Wartungsplan Achse | FCM, Elektr. Anlagen und BM Eh 103/Anbau",unknown,8160_M
6111798,597c5937cf03d2e2,EH_BS02,8160-930,1,"Wartungsplan Achse | FCM, Elektr. Anlagen und BM Eh 103/Anbau",unknown,8160_M
6111799,597c5937cf03d2e2,EH_BS02,8160-930,1,"Wartungsplan Achse | FCM, Elektr. Anlagen und BM Eh 103/Anbau",unknown,8160_M
6111800,597c5937cf03d2e2,EH_BS02,8160-930,1,"Wartungsplan Achse | FCM, Elektr. Anlagen und BM Eh 103/Anbau",unknown,8160_M
6111801,597c5937cf03d2e2,EH_BS02,8160-930,1,"Wartungsplan Achse | FCM, Elektr. Anlagen und BM Eh 103/Anbau",unknown,8160_M
6111802,597c5937cf03d2e2,EH_BS02,8160-930,1,"Wartungsplan Achse | FCM, Elektr. Anlagen und BM Eh 103/Anbau",unknown,8160_M
6111803,597c5937cf03d2e2,EH_BS02,8160-930,1,"Wartungsplan Achse | FCM, Elektr. Anlagen und BM Eh 103/Anbau",unknown,8160_M
6111804,597c5937cf03d2e2,EH_BS02,8160-930,1,"Wartungsplan Achse | FCM, Elektr. Anlagen und BM Eh 103/Anbau",unknown,8160_M
6111805,597c5937cf03d2e2,EH_BS02,8160-930,1,"Wartungsplan Achse | FCM, Elektr. Anlagen und BM Eh 103/Anbau",unknown,8160_M
6111806,597c5937cf03d2e2,EH_BS02,8160-930,1,"Wartungsplan Achse | FCM, Elektr. Anlagen und BM Eh 103/Anbau",unknown,8160_M
6111807,597c5937cf03d2e2,EH_BS02,8160-930,1,"Wartungsplan Achse | FCM, Elektr. Anlagen und BM Eh 103/Anbau",unknown,8160_M
6111808,597c5937cf03d2e2,EH_BS02,8160-930,1,"Wartungsplan Achse | FCM, Elektr. Anlagen und BM Eh 103/Anbau",unknown,8160_M
6111809,597c5937cf03d2e2,EH_BS02,8160-930,1,"Wartungsplan Achse | FCM, Elektr. Anlagen und BM Eh 103/Anbau",unknown,8160_M
6111810,597c5937cf03d2e2,EH_BS02,8160-930,1,"Wartungsplan Achse | FCM, Elektr. Anlagen und BM Eh 103/Anbau",unknown,8160_M
6111811,597c5937cf03d2e2,EH_BS02,8160-930,1,"Wartungsplan Achse | FCM, Elektr. Anlagen und BM Eh 103/Anbau",unknown,8160_M
6111812,597c5937cf03d2e2,EH_BS02,8160-930,1,"Wartungsplan Achse | FCM, Elektr. Anlagen und BM Eh 103/Anbau",unknown,8160_M
6111813,597c5937cf03d2e2,EH_BS02,8160-930,1,"Wartungsplan Achse | FCM, Elektr. Anlagen und BM Eh 103/Anbau",unknown,8160_M
6111814,597c5937cf03d2e2,EH_BS02,8160-930,1,"Wartungsplan Achse | FCM, Elektr. Anlagen und BM Eh 103/Anbau",unknown,8160_M
6111815,597c5937cf03d2e2,EH_BS02,8160-930,1,"Wartungsplan Achse | FCM, Elektr. Anlagen und BM Eh 103/Anbau",unknown,8160_M
6111816,597c5937cf03d2e2,EH_BS02,8160-930,1,"Wartungsplan Achse | FCM, Elektr. Anlagen und BM Eh 103/Anbau",unknown,8160_M
6111817,597c5937cf03d2e2,EH_BS02,8160-930,1,"Wartungsplan Achse | FCM, Elektr. Anlagen und BM Eh 103/Anbau",unknown,8160_M
6111818,597c5937cf03d2e2,EH_BS02,8160-930,1,"Wartungsplan Achse | FCM, Elektr. Anlagen und BM Eh 103/Anbau",unknown,8160_M
6111819,597c5937cf03d2e2,EH_BS02,8160-930,1,"Wartungsplan Achse | FCM, Elektr. Anlagen und BM Eh 103/Anbau",unknown,8160_M
6111820,597c5937cf03d2e2,EH_BS02,8160-930,1,"Wartungsplan Achse | FCM, Elektr. Anlagen und BM Eh 103/Anbau",unknown,8160_M
6111821,597c5937cf03d2e2,EH_BS02,8160-930,1,"Wartungsplan Achse | FCM, Elektr. Anlagen und BM Eh 103/Anbau",unknown,8160_M
6111822,597c5937cf03d2e2,EH_BS02,8160-930,1,"Wartungsplan Achse | FCM, Elektr. Anlagen und BM Eh 103/Anbau",unknown,8160_M
6111823,597c5937cf03d2e2,EH_BS02,8160-930,1,"Wartungsplan Achse | FCM, Elektr. Anlagen und BM Eh 103/Anbau",unknown,8160_M
6111824,597c5937cf03d2e2,EH_BS02,8160-930,1,"Wartungsplan Achse | FCM, Elektr. Anlagen und BM Eh 103/Anbau",unknown,8160_M
6111825,597c5937cf03d2e2,EH_BS02,8160-930,1,"Wartungsplan Achse | FCM, Elektr. Anlagen und BM Eh 103/Anbau",unknown,8160_M
6111826,597c5937cf03d2e2,EH_BS02,8160-930,1,"Wartungsplan Achse | FCM, Elektr. Anlagen und BM Eh 103/Anbau",unknown,8160_M
6111827,597c5937cf03d2e2,EH_BS02,8160-930,1,"Wartungsplan Achse | FCM, Elektr. Anlagen und BM Eh 103/Anbau",unknown,8160_M
6111828,597c5937cf03d2e2,EH_BS02,8160-930,1,"Wartungsplan Achse | FCM, Elektr. Anlagen und BM Eh 103/Anbau",unknown,8160_M
6111829,597c5937cf03d2e2,EH_BS02,8160-930,1,"Wartungsplan Achse | FCM, Elektr. Anlagen und BM Eh 103/Anbau",unknown,8160_M
6111830,597c5937cf03d2e2,EH_BS02,8160-930,1,"Wartungsplan Achse | FCM, Elektr. Anlagen und BM Eh 103/Anbau",unknown,8160_M
6111831,597c5937cf03d2e2,EH_BS02,8160-930,1,"Wartungsplan Achse | FCM, Elektr. Anlagen und BM Eh 103/Anbau",unknown,8160_M
6111832,597c5937cf03d2e2,EH_BS02,8160-930,1,"Wartungsplan Achse | FCM, Elektr. Anlagen und BM Eh 103/Anbau",unknown,8160_M
6111833,597c5937cf03d2e2,EH_BS02,8160-930,1,"Wartungsplan Achse | FCM, Elektr. Anlagen und BM Eh 103/Anbau",unknown,8160_M
6111834,597c5937cf03d2e2,EH_BS02,8160-930,1,"Wartungsplan Achse | FCM, Elektr. Anlagen und BM Eh 103/Anbau",unknown,8160_M
6111835,597c5937cf03d2e2,EH_BS02,8160-930,1,"Wartungsplan Achse | FCM, Elektr. Anlagen und BM Eh 103/Anbau",unknown,8160_M
6111836,597c5937cf03d2e2,EH_BS02,8160-930,1,"Wartungsplan Achse | FCM, Elektr. Anlagen und BM Eh 103/Anbau",unknown,8160_M
6111837,597c5937cf03d2e2,EH_BS02,8160-930,1,"Wartungsplan Achse | FCM, Elektr. Anlagen und BM Eh 103/Anbau",unknown,8160_M
6111838,597c5937cf03d2e2,EH_BS02,8160-930,1,"Wartungsplan Achse | FCM, Elektr. Anlagen und BM Eh 103/Anbau",unknown,8160_M
6111839,597c5937cf03d2e2,EH_BS02,8160-930,1,"Wartungsplan Achse | FCM, Elektr. Anlagen und BM Eh 103/Anbau",unknown,8160_M
6111840,597c5937cf03d2e2,EH_BS02,8160-930,1,"Wartungsplan Achse | FCM, Elektr. Anlagen und BM Eh 103/Anbau",unknown,8160_M
6111841,597c5937cf03d2e2,EH_BS02,8160-930,1,"Wartungsplan Achse | FCM, Elektr. Anlagen und BM Eh 103/Anbau",unknown,8160_M
6111842,597c5937cf03d2e2,EH_BS02,8160-930,1,"Wartungsplan Achse | FCM, Elektr. Anlagen und BM Eh 103/Anbau",unknown,8160_M
6111843,597c5937cf03d2e2,EH_BS02,8160-930,1,"Wartungsplan Achse | FCM, Elektr. Anlagen und BM Eh 103/Anbau",unknown,8160_M
6111844,597c5937cf03d2e2,EH_BS02,8160-930,1,"Wartungsplan Achse | FCM, Elektr. Anlagen und BM Eh 103/Anbau",unknown,8160_M
6111845,597c5937cf03d2e2,EH_BS02,8160-930,1,"Wartungsplan Achse | FCM, Elektr. Anlagen und BM Eh 103/Anbau",unknown,8160_M
6103089,0fca5c36202c6dba,EH_BTPM,8160-001,1,8001.2130 Visuelle Inspektion 2W | 9201.2130 Montage Busbar shunt,week,8160_W
6097085,16560f4dff3961c0,EH_BTPM,8160-500,1,MSB Laser Plasm.Oberfl.Aufrau wöch. TPM | MSE Laser Plasm. Oberfl.Aufrauen,unknown,8160_W
6096287,292aafae6255283d,EH_BTPM,8160-500,0,MSB FA8001.1 / wöch. TPM Wartungsplan,unknown,8160_W
6101729,7b21890b2d6d5af8,EH_BTPM,8160-500,1,8100.1100 TPM Wartung 1W | 8100.1100 Palettierer Zellen,week,8160_W
6102736,39c692d9fc891512,EH_BTPM,8160-500,1,8100.1110 TPM Wartung 1W | 8100.1110 Laserstrukturieren,week,8160_W
6102737,3ed43e7117b323da,EH_BTPM,8160-500,1,8001.1110 TPM Visuelle Inspektion 2W | 8100.1110 Laserstrukturieren,week,8160_W
6101736,05fb282ea1ab591b,EH_BTPM,8160-500,1,8100.1140 TPM Wartung 1W | 8100.1140 Disp. Sideplates,week,8160_W
6101737,33b6b828d4485d89,EH_BTPM,8160-500,1,8001.1140 TPM Wartungsplan 4W | 8100.1140 Disp. Sideplates,week,8160_W
6101738,2bc8d4e82180b117,EH_BTPM,8160-500,1,8001.1140 TPM Wartungsplan 52W | 8100.1140 Disp. Sideplates,week,8160_W
6101733,5211c3495a1c749b,EH_BTPM,8160-500,1,8100.1120 TPM Wartung 1W | 8100.1120 Montage Zellstack,week,8160_W
6102647,a5f9637a75a2b5b4,EH_BTPM,8160-500,1,8001.1120 TPM Wartungsplan 4W | 8100.1120 Montage Zellstack,week,8160_W
6101734,2840ced861e3b82d,EH_BTPM,8160-500,1,"8100.1130 TPM Wartung 1W | 8100.1130 Verpressen,L-Schweiß Zellstack",week,8160_W
6101735,7622e936664fc8f1,EH_BTPM,8160-500,1,"8001.1130 TPM Wartungsplan 2W | 8100.1130 Verpressen,L-Schweiß Zellstack",week,8160_W
6102646,9e83d2743963ccfb,EH_BTPM,8160-500,1,"x | 8100.1130 Verpressen,L-Schweiß Zellstack",unknown,8160_W
6101739,42fe885416345783,EH_BTPM,8160-500,1,8100.1150 TPM Wartung 1W | 8100.1150 Montage Wedge-Frame el. Prüf.,week,8160_W
6101740,554961c03259a4d7,EH_BTPM,8160-500,1,8001.1150 TPM Wartungsplan 4W | 8100.1150 Montage Wedge-Frame el. Prüf.,week,8160_W
6096288,1c17eeff06ac6a2b,EH_BTPM,8160-500,0,MSB FA8001.2 / wöch. TPM Wartungsplan,unknown,8160_W
6101752,de18e1efdc56bc5a,EH_BTPM,8160-500,1,9201.2140 TPM Wartung 1W | 9201.2140 Laserschweissen cells,week,8160_W
6103090,70e590428a9e9301,EH_BTPM,8160-500,1,8001.2140 Visuelle Inspektion 2W | 9201.2140 Laserschweissen cells,week,8160_W
6101749,070ea4cc2f047c48,EH_BTPM,8160-500,1,9201.2110 TPM Wartung 1W | 9201.2110 Montage NTC-Zelle6,week,8160_W
6103087,231514118cfcf07d,EH_BTPM,8160-500,1,8001.2110 Visuelle Inspektion 2W | 9201.2110 Montage NTC-Zelle6,week,8160_W
6105007,6f9d7c12e7ec38b0,EH_BTPM,8160-500,1,8001.2110 TPM Wartungsplan 4W | 9201.2110 Montage NTC-Zelle6,week,8160_W
6101750,c882f836695e1d6c,EH_BTPM,8160-500,1,9201.2120 TPM Wartung 1W | 9201.2120 Montage ZKS,week,8160_W
6103088,c4f097094b3cfbaa,EH_BTPM,8160-500,1,8001.2120 Visuelle Inspektion 2W | 9201.2120 Montage ZKS,week,8160_W
6101753,67edbaa4e521e548,EH_BTPM,8160-500,1,9201.2150 TPM Wartung 1W | 9201.2150 Prüfen Schweissungen,week,8160_W
6103091,16a72768af1681eb,EH_BTPM,8160-500,1,8001.2150 Visuelle Inspektion 2W | 9201.2150 Prüfen Schweissungen,week,8160_W
6101754,9a35e0d0dc665204,EH_BTPM,8160-500,1,9201.2160 TPM Wartung 1W | 9201.2160 Montage Y-Kondensatoren,week,8160_W
6103092,27f45505d7b60518,EH_BTPM,8160-500,1,8001.2160 Visuelle Inspektion 2W | 9201.2160 Montage Y-Kondensatoren,week,8160_W
6101755,98ca4f5acc957b91,EH_BTPM,8160-500,1,9201.2170 TPM Wartung 1W | 9201.2170 Montage Plug & Seal,week,8160_W
6103093,48ce5b1c85edf324,EH_BTPM,8160-500,1,8001.2170 Visuelle Inspektion 2W | 9201.2170 Montage Plug & Seal,week,8160_W
6101756,7698097cbee0f8cf,EH_BTPM,8160-500,1,9201.2180 TPM Wartung 1W | 9201.2180 Montage FF / Plug & Seal,week,8160_W
6103094,1b8811f526255ecf,EH_BTPM,8160-500,1,8001.2180 Visuelle Inspektion 2W | 9201.2180 Montage FF / Plug & Seal,week,8160_W
6101751,35e49f7a7c2b5989,EH_BTPM,8160-500,1,9201.2130 TPM Wartung 1W | 9201.2130 Montage Busbar shunt automat.,week,8160_W
6096289,717db266c9d96c0b,EH_BTPM,8160-500,0,MSB FA8001.3 / wöch. TPM Wartungsplan,unknown,8160_W
6101766,a16634abef621bcf,EH_BTPM,8160-500,1,9301.3120 TPM Wartung 1W | 9301.3120 Laserschweissen FPC,week,8160_W
6102960,5647f574799a3cd9,EH_BTPM,8160-500,1,8001.3120 Visuelle Inspektion 2W | 9301.3120 Laserschweissen FPC,week,8160_W
6101771,b830e6c5cb13fa34,EH_BTPM,8160-500,1,9301.3160 TPM Wartung 1W | 9301.3160 Laserschweissen Deckel,week,8160_W
6103125,df7d71eb7de67b80,EH_BTPM,8160-500,1,8001.3160 Visuelle Inspektion 2W | 9301.3160 Laserschweissen Deckel,week,8160_W
6101765,841fb80fd208207a,EH_BTPM,8160-500,1,9301.3115 TPM Wartung 1W | 9301.3115 Montage FPC LC-COM,week,8160_W
6102959,0e956ed78c5e947d,EH_BTPM,8160-500,1,8001.3115 Visuelle Inspektion 2W | 9301.3115 Montage FPC LC-COM,week,8160_W
6101763,2ba252cf76d702b4,EH_BTPM,8160-500,1,9301.3110 TPM Wartung 1W | 9301.3110 Dispensen Deckel,week,8160_W
6101764,552de5fd79f8a69d,EH_BTPM,8160-500,1,8001.3110 TPM Wartungsplan 4W | 9301.3110 Dispensen Deckel,week,8160_W
6102957,0fd3798b9431ac28,EH_BTPM,8160-500,1,8001.3110 Visuelle Inspektion 2W | 9301.3110 Dispensen Deckel,week,8160_W
6101767,c311327488f27c1c,EH_BTPM,8160-500,1,9301.3130 TPM Wartung 1W | 9301.3130 elektr. Test,week,8160_W
6103121,3168466d7cf47c58,EH_BTPM,8160-500,1,8001.3130 Visuelle Inspektion 2W | 9301.3130 elektr. Test,week,8160_W
6101768,af365c7c73e62b8a,EH_BTPM,8160-500,1,9301.3140 TPM Wartung 2W | 9301.3140 Prüfen Schweissungen,week,8160_W
6103122,01aaca27cddba093,EH_BTPM,8160-500,1,8001.3140 Visuelle Inspektion 2W | 9301.3140 Prüfen Schweissungen,week,8160_W
6101769,a93db822c9d9f917,EH_BTPM,8160-500,1,9301.3150 TPM Wartung 1W | 9301.3150 Montage e-housing,week,8160_W
6103123,975466fc6685dadf,EH_BTPM,8160-500,1,8001.3150 Visuelle Inspektion 2W | 9301.3150 Montage e-housing,week,8160_W
6101774,a6719c90a51ea636,EH_BTPM,8160-500,1,9301.3180 TPM Wartung 1W | 9301.3180 Prüfen Deckelschweissung,week,8160_W
6103128,09a61af06d93f828,EH_BTPM,8160-500,1,8001.3180 Visuelle Inspektion 2W | 9301.3180 Prüfen Deckelschweissung,week,8160_W
6101773,d68313747081ac80,EH_BTPM,8160-500,1,9301.3170 TPM Wartung 1W | 9301.3170 Laserschweißen FF DC/DC,week,8160_W
6103127,b50cfad5f9518187,EH_BTPM,8160-500,1,8001.3170 Visuelle Inspektion 2W | 9301.3170 Laserschweißen FF DC/DC,week,8160_W
6101772,73c14225d1f7bd00,EH_BTPM,8160-500,1,9301.3165 TPM Wartung 1W | 9301.3165 Laserschweißen,week,8160_W
6103126,60f8205fed54b6c8,EH_BTPM,8160-500,1,8001.3165 Visuelle Inspektion 2W | 9301.3165 Laserschweißen,week,8160_W
6101770,77a9289fd39dc3af,EH_BTPM,8160-500,1,"9301.3155 TPM Wartung 1W | 9301.3155 Montage e-hous. 2, FF fixieren",week,8160_W
6103124,c8ac4597b0b131bb,EH_BTPM,8160-500,1,"8001.3155 Visuelle Inspektion 2W | 9301.3155 Montage e-hous. 2, FF fixieren",week,8160_W
6096290,a061a65d184d1b9c,EH_BTPM,8160-500,0,MSB FA8001.4 / wöch. TPM Wartungsplan,unknown,8160_W
6101647,a061a65d184d1b9c,EH_BTPM,8160-500,0,MSB FA8001.4 / wöch. TPM Wartungsplan,unknown,8160_W
6101648,a061a65d184d1b9c,EH_BTPM,8160-500,0,MSB FA8001.4 / wöch. TPM Wartungsplan,unknown,8160_W
6101649,a061a65d184d1b9c,EH_BTPM,8160-500,0,MSB FA8001.4 / wöch. TPM Wartungsplan,unknown,8160_W
6101650,a061a65d184d1b9c,EH_BTPM,8160-500,0,MSB FA8001.4 / wöch. TPM Wartungsplan,unknown,8160_W
6101801,a061a65d184d1b9c,EH_BTPM,8160-500,0,MSB FA8001.4 / wöch. TPM Wartungsplan,unknown,8160_W
6101802,a061a65d184d1b9c,EH_BTPM,8160-500,0,MSB FA8001.4 / wöch. TPM Wartungsplan,unknown,8160_W
6101803,a061a65d184d1b9c,EH_BTPM,8160-500,0,MSB FA8001.4 / wöch. TPM Wartungsplan,unknown,8160_W
6101804,a061a65d184d1b9c,EH_BTPM,8160-500,0,MSB FA8001.4 / wöch. TPM Wartungsplan,unknown,8160_W
6101805,a061a65d184d1b9c,EH_BTPM,8160-500,0,MSB FA8001.4 / wöch. TPM Wartungsplan,unknown,8160_W
6101778,fc564ada0d74e390,EH_BTPM,8160-500,1,9401.4110 TPM Wartung 1W | 9401.4110 Dispensen Deckel DAI,week,8160_W
6101779,2f36b98567899267,EH_BTPM,8160-500,1,8001.4110 TPM Wartungsplan 4W | 9401.4110 Dispensen Deckel DAI,week,8160_W
6103216,cd4fd8d3c04aceba,EH_BTPM,8160-500,1,8001.4110 Visuelle Inspektion 2W | 9401.4110 Dispensen Deckel DAI,week,8160_W
6101782,9b1dffdc5bc256b4,EH_BTPM,8160-500,1,9401.4140 TPM Wartung 1W | 9401.4140 Montage Blindstopfen,week,8160_W
6103220,2b105f510a76fc46,EH_BTPM,8160-500,1,8001.4140 Visuelle Inspektion 2W | 9401.4140 Montage Blindstopfen,week,8160_W
6101784,c2884086d1f276f0,EH_BTPM,8160-500,1,9401.4160 TPM Wartung 1W | 9401.4160 Montage Fuseholder,week,8160_W
6101785,c49d1aa36206ad27,EH_BTPM,8160-500,1,8001.4160 TPM Wartungsplan 4W | 9401.4160 Montage Fuseholder,week,8160_W
6103282,b4ba2aeffa98fbd9,EH_BTPM,8160-500,1,8001.4160 Visuelle Inspektion 2W | 9401.4160 Montage Fuseholder,week,8160_W
6101783,939fb46df5a7c065,EH_BTPM,8160-500,1,9401.4150 TPM Wartung 1W | 9401.4150 Vormontage Coolant In-/Outlet,week,8160_W
6103281,aed1f55a707deff6,EH_BTPM,8160-500,1,8001.4150 Visuelle Inspektion 2W | 9401.4150 Vormontage Coolant In-/Outlet,week,8160_W
6101780,9a77443d82362823,EH_BTPM,8160-500,1,9401.4120 TPM Wartung 1W | 9401.4120 Montage + Schrauben Deckel,week,8160_W
6101781,50defb048c7d3463,EH_BTPM,8160-500,1,8001.4120 TPM Wartungsplan 2W | 9401.4120 Montage + Schrauben Deckel,week,8160_W
6103218,69f4b8ecde206c54,EH_BTPM,8160-500,1,8001.4120 Visuelle Inspektion 2W | 9401.4120 Montage + Schrauben Deckel,week,8160_W
6107631,60a74e30896a910a,EH_BTPM,8160-500,1,9401.4000 TPM Nacharbeitsplatz Schraub | 9401.4000 Nach-/Handarbeitsplatz Schraub,unknown,8160_W
6101786,9dda4bc5181b39c7,EH_BTPM,8160-500,1,9401.4170 TPM Wartung 1W | 9401.4175 Automatikstation Montage PBU,week,8160_W
6096291,5b62d28eb87f147e,EH_BTPM,8160-500,0,MSB FA8001.5+8601 wöch. TPM Wartungsplan,unknown,8160_W
6101788,0d77f6f704b03f30,EH_BTPM,8160-500,1,9501.5110 TPM Wartung 1W | 9501.5110 EoLT & SW-Flashen,week,8160_W
6103022,f3275f688f9eb117,EH_BTPM,8160-500,1,8001.5110 Visuelle Inspektion 2W | 9501.5110 EoLT & SW-Flashen,week,8160_W
6101792,70fbdbf15e8bc531,EH_BTPM,8160-500,1,"9501.5160 TPM Wartung 1W | 9501.5160 Etikett., Laserbeschrift., AOI",week,8160_W
6103025,1cbf876bad9b5412,EH_BTPM,8160-500,1,"8001.5160 Visuelle Inspektion 2W | 9501.5160 Etikett., Laserbeschrift., AOI",week,8160_W
6101789,068d99236b9351df,EH_BTPM,8160-500,1,9501.5130 TPM Wartung 1W | 9501.5130 Aushärten Ofen,week,8160_W
6101790,f4ab59883533f4ea,EH_BTPM,8160-500,1,8001.5130 TPM Wartungsplan 4W | 9501.5130 Aushärten Ofen,week,8160_W
6101791,ebf1fa37b2c163a6,EH_BTPM,8160-500,1,9501.5140 TPM Wartung 1W | 9501.5140 Dichtheitsprüfung,week,8160_W
6103024,a5d73a7d384edb74,EH_BTPM,8160-500,1,8001.5140 Visuelle Inspektion 2W | 9501.5140 Dichtheitsprüfung,week,8160_W
6101793,baed0cac72d20ec3,EH_BTPM,8160-500,1,9501.5165 TPM Wartung 1W | 9501.5165 SOC-Aufladestation,week,8160_W
6103026,6302800a152663bf,EH_BTPM,8160-500,1,8001.5165 Visuelle Inspektion 2W | 9501.5165 SOC-Aufladestation,week,8160_W
6096286,0bb58ef706e7dbed,EH_BTPM,8160-500,1,MSB FA8601 wöch. TPM Wartungsplan | 9501.5170 / Linie 8601 Verpacken 13stell,unknown,8160_W
6101794,e9a60a21d124e5d5,EH_BTPM,8160-500,1,8601.1100 TPM Wartung 1W | 8601.1100 Semiautomatisch Verpacken,week,8160_W
6096285,2c0ee856ef3f166c,EH_BTPM,8160-500,0,MSB FA8101 wöch. TPM Wartungsplan,unknown,8160_W
6101747,57772ad504b6642c,EH_BTPM,8160-500,1,9100.1170 TPM Wartung 1W | 9100.1170 Montage Zellstack Zell-Housing,week,8160_W
6101748,f52861b9a0a2862d,EH_BTPM,8160-500,1,8001.1170 TPM Wartungsplan 4W | 9100.1170 Montage Zellstack Zell-Housing,week,8160_W
6102673,02c32b84fb25ebc7,EH_BTPM,8160-500,1,8001.1170 TPM Wartungsplan 6W | 9100.1170 Montage Zellstack Zell-Housing,week,8160_W
6101745,281487ec12dd2ecf,EH_BTPM,8160-500,1,8101.1140 TPM Wartungsplan 4W | 9100.1140 Disp. in C-Housing,week,8160_W
6101746,3b75afed2c63a63e,EH_BTPM,8160-500,1,9100.1140 TPM Wartung 1W | 9100.1140 Disp. in C-Housing,week,8160_W
6103945,421003e056e73181,EH_BTPM,8160-500,1,9100.1100 TPM Wartung 1W | 9100.1100 Atrotech Aufsetzen C-Housing,week,8160_W
6103946,d8b9b6b4754241bb,EH_BTPM,8160-500,1,8101.1100 TPM Wartungsplan 4W | 9100.1100 Atrotech Aufsetzen C-Housing,week,8160_W
6103947,e5d0e36c635ffa8b,EH_BTPM,8160-500,1,8101.1100 TPM Wartungsplan 12W | 9100.1100 Atrotech Aufsetzen C-Housing,week,8160_W
6096284,80282237fc7edda6,EH_BTPM,8160-500,0,MSB FA8201 wöch. TPM Wartungsplan,unknown,8160_W
6096282,e28be6ea845fd63f,EH_BTPM,8160-500,0,FREI,unknown,8160_W
6102576,7db2485dfb540ede,EH_BTPM,8160-500,1,8301.1130.2 TPM Wartung 1W | COS 48V Laserbonder Gen2,week,8160_W
6103511,acd36add68eb8d6c,EH_BTPM,8160-500,1,8301.1130.2 Visuelle Inspektion 2W | COS 48V Laserbonder Gen2,week,8160_W
6101813,0d80b463e29caf08,EH_BTPM,8160-500,1,"8301.1100 TPM Wartung 1W | 8301.1100 Einlegen CF, BCSU, Shunt in WT",week,8160_W
6103414,2680f8c32a152a13,EH_BTPM,8160-500,1,"8301.1100 Visuelle Inspektion 2W | 8301.1100 Einlegen CF, BCSU, Shunt in WT",week,8160_W
6101814,d6485c5c4d1a4404,EH_BTPM,8160-500,1,8301.1110 TPM Wartung 1W | 8301.1110 Verstemmen,week,8160_W
6103415,64e32e870d503a4c,EH_BTPM,8160-500,1,8301.1110 Visuelle Inspektion 2W | 8301.1110 Verstemmen,week,8160_W
6101815,6794573377e5a504,EH_BTPM,8160-500,1,8301.1120 TPM Wartung 1W | 8301.1120 Einlegen Zellverbinder,week,8160_W
6103416,36444dda7d9ff5fe,EH_BTPM,8160-500,1,8301.1120 Visuelle Inspektion 2W | 8301.1120 Einlegen Zellverbinder,week,8160_W
6101817,8b77c59e4455ce68,EH_BTPM,8160-500,1,8301.1140 TPM Wartung 1W | 8301.1140 Prüfen Bonds,week,8160_W
6103418,24a3dabb683e49a3,EH_BTPM,8160-500,1,8301.1140 Visuelle Inspektion 2W | 8301.1140 Prüfen Bonds,week,8160_W
6101818,28afd01aa67b7b04,EH_BTPM,8160-500,1,8301.1150 TPM Wartung 1W | 8301.1150 ZKS ablegen in Blister,week,8160_W
6103419,906113473f20b47c,EH_BTPM,8160-500,1,8301.1150 Visuelle Inspektion 2W | 8301.1150 ZKS ablegen in Blister,week,8160_W
6101819,fada453685dce810,EH_BTPM,8160-500,1,8301 Transfersyst. TPM Wartung 1W | 8301 Transfersystem,week,8160_W
6103420,2f337ce8bd19c079,EH_BTPM,8160-500,1,8301 Transfersyst Visuelle Inspektion 2W | 8301 Transfersystem,week,8160_W
6101816,940b89cbd2d4da23,EH_BTPM,8160-500,1,8301.1130.1 TPM Wartung 1W | 8301.1130.1 F&K DELVOTEC Laserbonder 1,week,8160_W
6103417,7301914ac9d9bd75,EH_BTPM,8160-500,1,8301.1130.1 Visuelle Inspektion 2W | 8301.1130.1 F&K DELVOTEC Laserbonder 1,week,8160_W
6102577,14880ada7a07ab8e,EH_BTPM,8160-500,1,8301.1130.3 TPM Wartung 1W | 8301.1130.3 F&K DELVOTEC Laserbonder 3,week,8160_W
6103512,4d31c99ac7f10bc8,EH_BTPM,8160-500,1,8301.1130.3 Visuelle Inspektion 2W | 8301.1130.3 F&K DELVOTEC Laserbonder 3,week,8160_W
6100155,bca761a52bb6e12c,EH_BTPM,8160-500,0,8401.2 Linie allg. TPM Wartungsplan 1W,week,8160_W
6101709,e28be6ea845fd63f,EH_BTPM,8160-500,0,FREI,unknown,8160_W
6101837,de9f30b068c5fad2,EH_BTPM,8160-500,0,8401.2 ESD Zone TPM Wartung 2W,week,8160_W
6101812,0fd1fa1584acc03b,EH_BTPM,8160-500,1,8401.2170 TPM Wartung 1W | 8401.2170 Dispensen DC-Breaker,week,8160_W
6103852,78e178a58cd35f07,EH_BTPM,8160-500,1,8401.2170 Visuelle Inspektion 2W | 8401.2170 Dispensen DC-Breaker,week,8160_W
6101811,cb9ed9abf7d61045,EH_BTPM,8160-500,1,8401.2160 TPM Wartung 1W | 8401.2160 R-Schweißen Y-Kon.,week,8160_W
6103851,5c82e07a183bdc13,EH_BTPM,8160-500,1,8401.2160 Visuelle Inspektion 2W | 8401.2160 R-Schweißen Y-Kon.,week,8160_W
6101839,e457bec1519a053d,EH_BTPM,8160-500,1,8401.2180 TPM Wartung 1W | 8401.2180 Setzen DC-Breaker,week,8160_W
6103853,7619780bf89f768e,EH_BTPM,8160-500,1,8401.2180 Visuelle Inspektion 2W | 8401.2180 Setzen DC-Breaker,week,8160_W
6101840,0d56b624ae387e1c,EH_BTPM,8160-500,1,8401.2185 TPM Wartung 1W | 8401.2185 Schrauben DC-Brea.,week,8160_W
6103854,acfdf425914c7d80,EH_BTPM,8160-500,1,8401.2185 Visuelle Inspektion 2W | 8401.2185 Schrauben DC-Brea.,week,8160_W
6101841,e8971b0f1921e050,EH_BTPM,8160-500,1,8401.2190 TPM Wartung | 8401.2190 Schweißen Busbars,unknown,8160_W
6103855,ba318777a6721a1d,EH_BTPM,8160-500,1,8401.2190 Visuelle Inspektion 2W | 8401.2190 Schweißen Busbars,week,8160_W
6101842,a6103bd7a9f43b5a,EH_BTPM,8160-500,1,8401.2200 TPM Wartung 1W | 8401.2200 R-Schweißen Flexf.,week,8160_W
6103856,d910793a5b94abe1,EH_BTPM,8160-500,1,8401.2200 Visuelle Inspektion 2W | 8401.2200 R-Schweißen Flexf.,week,8160_W
6101843,f6d7374f834fa266,EH_BTPM,8160-500,1,8401.2210 TPM Wartung 1W | 8401.2210 BVS & Sichtprüfung,week,8160_W
6103857,01d181b59423b41c,EH_BTPM,8160-500,1,8401.2210 Visuelle Inspektion 2W | 8401.2210 BVS & Sichtprüfung,week,8160_W
6101832,28f182b68d241537,EH_BTPM,8160-500,1,8401.1 Transf.syst. TPM Wartung 1W | 8401 Transfersystem,week,8160_W
6101820,dc261f70ecdb9b06,EH_BTPM,8160-500,1,8411.1010 TPM Wartung 1W | 8411.1010 Dichtringmontage,week,8160_W
6101838,3e80da1adbdff219,EH_BTPM,8160-500,1,8401.1010 TPM Wartung 2W | 8411.1010 Dichtringmontage,week,8160_W
6103858,870075fc07082a1d,EH_BTPM,8160-500,1,8411.1010 Visuelle Inspektion 2W | 8411.1010 Dichtringmontage,week,8160_W
6096283,925ca3c4a3cbac1c,EH_BTPM,8160-500,1,8411.1020 TPM Wartung 4W | 8411.1020 Montage Y-Kond.,week,8160_W
6101821,6e9ac75be97ee723,EH_BTPM,8160-500,1,8411.1020 TPM Wartung 1W | 8411.1020 Montage Y-Kond.,week,8160_W
6103859,72844a8d0d68adcd,EH_BTPM,8160-500,1,8411.1020 Visuelle Inspektion 2W | 8411.1020 Montage Y-Kond.,week,8160_W
6101822,be4b5a34fc1f2a73,EH_BTPM,8160-500,1,8401.1100 TPM Wartung 1W | 8401.1100 E-Housing auf WT,week,8160_W
6103842,a67c51ecf76c3419,EH_BTPM,8160-500,1,8401.1100 Visuelle Inspektion 2W | 8401.1100 E-Housing auf WT,week,8160_W
6101826,65ebb14e43341b58,EH_BTPM,8160-500,1,8401.1110.4 TPM Wartung 1W | 8401.1110.4 Dispensen,week,8160_W
6103846,4ded55db8364af66,EH_BTPM,8160-500,1,8401.1100.4 TPM Wartung 2W | 8401.1110.4 Dispensen,week,8160_W
6101827,5d9bc79ad0a00084,EH_BTPM,8160-500,1,8401.1120 TPM Wartung 1W | 8401.1120 Schrauben Busbars,week,8160_W
6103847,e6450b3c060cac13,EH_BTPM,8160-500,1,8401.1120 Visuelle Inspektion 2W | 8401.1120 Schrauben Busbars,week,8160_W
6101828,e2f2b6da55410caa,EH_BTPM,8160-500,1,8401.1125 TPM Wartung 1W | 8401.1125 Schrauben DCDC,week,8160_W
6103848,646247fdb45dd378,EH_BTPM,8160-500,1,8401.1125 Visuelle Inspektion 2W | 8401.1125 Schrauben DCDC,week,8160_W
6101829,8b22e7c7131e607b,EH_BTPM,8160-500,1,8401.1130 TPM Wartung 1W | 8401.1130 Schrauben 12V-Ter.,week,8160_W
6103849,33c83fb4c50c1bf3,EH_BTPM,8160-500,1,8401.1130 Visuelle Inspektion 2W | 8401.1130 Schrauben 12V-Ter.,week,8160_W
6101830,bef71c57acfe8e57,EH_BTPM,8160-500,1,8401.1140 TPM Wartung 1W | 8401.1140 Schrauben 48V-Ter.,week,8160_W
6103850,d3d66fcce1d83de6,EH_BTPM,8160-500,1,8401.1140 Visuelle Inspektion 2W | 8401.1140 Schrauben 48V-Ter.,week,8160_W
6101825,e294e0dae80ab782,EH_BTPM,8160-500,1,8401.1110.3 TPM Wartung 1W | 8401.1110.3 Dispensen,week,8160_W
6101835,c05502bbbeaa2d16,EH_BTPM,8160-500,1,8401.1110.3 TPM Wartungsplan 4W | 8401.1110.3 Dispensen,week,8160_W
6103845,4cbc5f2671d4d570,EH_BTPM,8160-500,1,8401.1100.3 TPM Wartung 2W | 8401.1110.3 Dispensen,week,8160_W
6101824,877df7bb606a6cb6,EH_BTPM,8160-500,1,8401.1110.2 TPM Wartung 1W | 8401.1110.2 Dispensen,week,8160_W
6101834,ac5839b4c8dc54a8,EH_BTPM,8160-500,1,8401.1110.2 TPM Wartungsplan 4W | 8401.1110.2 Dispensen,week,8160_W
6103844,4ec892c8224dc363,EH_BTPM,8160-500,1,8401.1100.2 TPM Wartung 2W | 8401.1110.2 Dispensen,week,8160_W
6101823,d9c0df7c5bb57466,EH_BTPM,8160-500,1,8401.1110.1 TPM Wartung 1W | 8401.1110.1 Dispensen,week,8160_W
6101833,ba994f2ea6c86fa3,EH_BTPM,8160-500,1,8401.1110.1 TPM Wartungsplan 4W | 8401.1110.1 Dispensen,week,8160_W
6103843,ccc0742a0a4bac06,EH_BTPM,8160-500,1,8401.1100.1 TPM Wartung 2W | 8401.1110.1 Dispensen,week,8160_W
6103284,7c97f202e26b48a7,EH_BTPM,8160-500,1,8001.4170 Visuelle Inspektion 2W | 8101.1138 Handmontage PBU,week,8160_W
6111850,da124b6652a9d0a9,EH_BTPM,8160-500,1,8101.1138 TPM Nacharbeitsplatz Schraub | 8101.1138 Handmontage PBU,unknown,8160_W
6101312,104bde59d522f12e,EH_BTPM,8160-500,0,MSB FA8104+FA9104 wöch. TPM Wartungsplan,unknown,8160_W
6104407,3aadcbd9466b1875,EH_BTPM,8160-500,1,8103.1100 TPM Wartung 1W | 8103.1100 De-Palettieren Zellen,week,8160_W
6104409,995d183dc719c668,EH_BTPM,8160-500,1,8103.1120 TPM Wartung 1W | 8103.1120 WT-Bestücken,week,8160_W
6104410,4397c90d99d879a6,EH_BTPM,8160-500,1,"8103.1130 TPM Wartung 1W | 8103.1130 Verpressen Stack, Laserschw.",week,8160_W
6104431,92d424d5dd770680,EH_BTPM,8160-500,1,8103.1140 TPM Wartung 1W | 8103.1140 Dispensen Sideplate,week,8160_W
6104432,2e4a714f9856aee9,EH_BTPM,8160-500,1,"8103.1150 TPM Wartung 1W | 8103.1150 Montieren Wedgeframe, el. Pr.",week,8160_W
6104408,7271c4e0e8a0369a,EH_BTPM,8160-500,1,"8103.1110 TPM Wartung 1W | 8103.1110 El. Prüfung Zelle, Laserstruk.",week,8160_W
6104433,c71a79ce7ad1bac5,EH_BTPM,8160-500,1,"9103.1100 TPM Wartung 1W | 9103.1100 De-Pal. Gehäuse, Pin-Einpress.",week,8160_W
6104434,5ef36f1c95a502e6,EH_BTPM,8160-500,1,"9103.1140 TPM Wartung 1W | 9103.1140 Leckagetest, Disp. C-Housing",week,8160_W
6101731,bca538d076a12c24,EH_BTPM,8160-500,1,9103.1170 TPM Wartung 1W | 9103.1170 Einsetzen Stack in Housing,week,8160_W
6101313,e3cf4bb6465e7f01,EH_BTPM,8160-500,0,MSB FA8103+FA9103 wöch. TPM Wartungsplan,unknown,8160_W
6101610,de2fba83a72e3e9a,EH_BTPM,8160-500,1,8104.1100 TPM Wartung 1W | 8104.1100 De-Palettieren Zellen,week,8160_W
6102831,e4376e065a54ad97,EH_BTPM,8160-500,1,"8104.1110 TPM Wartung 1W | 8104.1110 El. Prüfung Zelle, Laserstr.",week,8160_W
6102833,3314bbfbb13fec2f,EH_BTPM,8160-500,1,"8104.1130 TPM Wartung 1W | 8104.1130 Verpressen Stack, Laserschw.",week,8160_W
6102832,e2b5d6aeefdc6164,EH_BTPM,8160-500,1,8104.1120 TPM Wartung 1W | 8104.1120 WT-Bestücken,week,8160_W
6102834,589a867b65a8a256,EH_BTPM,8160-500,1,8104.1140 TPM Wartung 1W | 8104.1140 Dispensen Sideplate,week,8160_W
6102835,8300f6a04e6cd0ec,EH_BTPM,8160-500,1,"8104.1150 TPM Wartung 1W | 8104.1150 Montieren Wedgeframe, el. Pr.",week,8160_W
6101730,21a71fa71338a02c,EH_BTPM,8160-500,1,"9104.1100 TPM Wartung 1W | 9104.1100 De-Pal. Gehäuse, Pin-Einpress.",week,8160_W
6101742,b6dfef3b8072f1cf,EH_BTPM,8160-500,1,"9104.1100 TPM Wartungsplan 1W | 9104.1100 De-Pal. Gehäuse, Pin-Einpress.",week,8160_W
6101743,fd8ca3ad8a25b969,EH_BTPM,8160-500,1,"9104.1100 TPM Wartungsplan 4W | 9104.1100 De-Pal. Gehäuse, Pin-Einpress.",week,8160_W
6101744,d20baae0e2749450,EH_BTPM,8160-500,1,"9104.1100 TPM Wartungsplan 12W | 9104.1100 De-Pal. Gehäuse, Pin-Einpress.",week,8160_W
6101728,83ebe95ea80bf6ad,EH_BTPM,8160-500,1,"9104.1140 TPM Wartung 1W | 9104.1140 Leckagetest, Disp. C-Housing",week,8160_W
6101732,ed97018cc04b0b03,EH_BTPM,8160-500,1,9104.1170 TPM Wartung 1W | 9104.1170 Einsetzen Stack in Housing,week,8160_W
6101314,e8dfd73bf82a8623,EH_BTPM,8160-500,0,MSB FA9203 wöch. TPM Wartungsplan,unknown,8160_W
6101691,6386963b4da28e38,EH_BTPM,8160-500,1,9203.2110 TPM Wartung 1W | 9203.2110 NTC6+Plug&Seal,week,8160_W
6101692,f277643e0b268038,EH_BTPM,8160-500,1,9203.2120 TPM Wartung 1W | 9203.2120 ZKS,week,8160_W
6101693,316d488e1f48a06b,EH_BTPM,8160-500,1,9203.2125 TPM Wartung 1W | 9203.2125 NTC6-FPC,week,8160_W
6109967,316d488e1f48a06b,EH_BTPM,8160-500,1,9203.2125 TPM Wartung 1W | 9203.2125 NTC6-FPC,week,8160_W
6101694,dee40e117b68a2c3,EH_BTPM,8160-500,1,9203.2130 TPM Wartung 1W | 9203.2130 Manuell busbar,week,8160_W
6101695,e4a9e5b38b2b189d,EH_BTPM,8160-500,1,9203.2140 TPM Wartung 1W | 9203.2140 LBW-Zellverbinder,week,8160_W
6101696,31ca40a3210040c9,EH_BTPM,8160-500,1,9203.2150 TPM Wartung 1W | 9203.2150 Reinigung + AOI + Sichtprüfung,week,8160_W
6101697,d4faece8c6790d66,EH_BTPM,8160-500,1,9203.2185 TPM Wartung 1W | 9203.2185 Jumper FPC,week,8160_W
6101698,4ea433a7dfb06791,EH_BTPM,8160-500,1,9203.2190 TPM Wartung 1W | 9203.2190 DCDC-FPC,week,8160_W
6101699,a317037ac910859d,EH_BTPM,8160-500,1,9203.2195 TPM Wartung 1W | 9203.2195 Puffer + Transfer + Lifte,week,8160_W
6103646,ec97e68637bf2a05,EH_BTPM,8160-500,1,9203.2101.1.110 TPM Wartung 1W | 9203.2101.1.110 Sichtprüfung+NOK/Transf.,week,8160_W
6101315,fe30f6bf1aef5841,EH_BTPM,8160-500,0,MSB FA9303 wöch. TPM Wartungsplan,unknown,8160_W
6104485,2bb104b10f7ab428,EH_BTPM,8160-500,1,9303.3110 TPM Wartung 1W | 9303.3110 Load c-housing BG,week,8160_W
6104486,20c884da1fdaa40c,EH_BTPM,8160-500,1,9303.3111 TPM Wartung 1W | 9303.3111 Load e-housing/Deckel+Reinig.,week,8160_W
6104487,debc829fba19063d,EH_BTPM,8160-500,1,9303.3114.1 TPM Wartung 1W | 9303.3114.1 Dispensen,week,8160_W
6104488,4a31da5ac723c264,EH_BTPM,8160-500,1,9303.3114.2 TPM Wartung 1W | 9303.3114.2 Dispensen,week,8160_W
6101700,494a73db5dcabfa5,EH_BTPM,8160-500,1,9303.3116 TPM Wartung 1W | 9303.3116 AOI Dispensen,week,8160_W
6104490,d34aeb597d130bbf,EH_BTPM,8160-500,1,9303.3118 TPM Wartung 1W | 9303.3118 Assembly FPC R-Welding,week,8160_W
6104491,691db58c9e19ead2,EH_BTPM,8160-500,1,9303.3120 TPM Wartung 1W | 9303.3120 Light-Beam-Welding FPCs,week,8160_W
6104492,69b51f5a3cb28fe2,EH_BTPM,8160-500,1,9303.3140 TPM Wartung | 9303.3140 El. Test CCS + opt. Prüfung,unknown,8160_W
6104493,ae9de22578f7735d,EH_BTPM,8160-500,1,9303.3150 TPM Wartung 1W | 9303.3150.1 Montage E-Hous.+Stecken FFC,week,8160_W
6104494,40b4ca2912a7466e,EH_BTPM,8160-500,1,9303.3151 TPM Wartung 1W | 9303.3150.2 Montage E-Hous.+Stecken FFC,week,8160_W
6104495,137892d5affaec6a,EH_BTPM,8160-500,1,9303.3155 TPM Wartung 1W | 9303.3155 Montage DCDC-FPC + Deckel STLA,week,8160_W
6104496,2e046ffaa62e2042,EH_BTPM,8160-500,1,9303.3160 TPM Wartung 1W | 9303.3160 Laserschweißen Gehäuse,week,8160_W
6104497,fb738f97075e9b70,EH_BTPM,8160-500,1,9303.3170 TPM Wartung 1W | 9303.3170 Laserschweßen FPC DCDC,week,8160_W
6104498,d7245978b5ab4f79,EH_BTPM,8160-500,1,9303.3180 TPM Wartung 1W | 9303.3180 opt. Prüfung Laserschweißung,week,8160_W
6102772,57deb5c03353dbf4,EH_BTPM,8160-500,1,9303.3190 TPM Wartung 1W | 9303.3190 Transfer + Puffer,week,8160_W
6104499,57deb5c03353dbf4,EH_BTPM,8160-500,1,9303.3190 TPM Wartung 1W | 9303.3190 Transfer + Puffer,week,8160_W
6107406,e384d13ef8b2dd21,EH_BTPM,8160-500,1,9303.3000 WT zur Wartung rausstellen 1W | 9303.3 Honeymoon WTs,week,8160_W
6104489,bb5e66f92954fad8,EH_BTPM,8160-500,1,9303.3115 TPM Wartung 1W | 9303.3115 Materialversorgung Dispensen,week,8160_W
6101316,923eaabb7752cfc6,EH_BTPM,8160-500,0,MSB FA9403 wöch. TPM Wartungsplan,unknown,8160_W
6101715,94f47b9224240ed6,EH_BTPM,8160-500,1,9403.4110 TPM Wartung 1W | 9403.4110 Dispensen + AOI für Deckel,week,8160_W
6101721,93038d14e62f4145,EH_BTPM,8160-500,1,9403.4120 TPM Wartung 1W | 9403.4120 Plasma Cleaning assembly Cover,week,8160_W
6101722,de03eb4e47635f77,EH_BTPM,8160-500,1,9403.4130 TPM Wartung 1W | 9403.4130 Assembly+screw coolant in/out,week,8160_W
6101723,dc767733230cfed1,EH_BTPM,8160-500,1,9403.4140 TPM Wartung 1W | 9403.4140 screw el contact & assem. fh.,week,8160_W
6101725,7e144d11cefe08b0,EH_BTPM,8160-500,1,9403.4150 TPM Wartung 1W | 9403.4150 assem. cap el contract & disp.,week,8160_W
6101726,2aa5ec9950b2b8b1,EH_BTPM,8160-500,1,9403.4170 TPM Wartung 1W | 9403.4170 PBU Schrauben,week,8160_W
6101724,babad190fd81d1cc,EH_BTPM,8160-500,1,9403.4145 TPM Wartung 1W | 9403.4145 Transfer + Puffer,week,8160_W
6107590,9904a5eaa229af58,EH_BTPM,8160-500,1,9403 TPM Nacharbeitsplatz Cap-Einpress | 9403 Nach-/Handarbeitsplatz Cap-Einpress,unknown,8160_W
6101317,4069db31cb07e92c,EH_BTPM,8160-500,0,MSB FA9503+8604+8605 wöch. TPM Wart.Pl.,unknown,8160_W
6101701,b457acbe37bf73c2,EH_BTPM,8160-500,1,9503.5110.1.1 TPM Wartung 1W | 9503.5110.1.1 EOL 1,week,8160_W
6101702,8582504b9fc9ed75,EH_BTPM,8160-500,1,9503.5110.2.1 TPM Wartung 1W | 9503.5110.2.1 EOL 2,week,8160_W
6106107,8582504b9fc9ed75,EH_BTPM,8160-500,1,9503.5110.2.1 TPM Wartung 1W | 9503.5110.2.1 EOL 2,week,8160_W
6101703,b1b39a534cbfcb47,EH_BTPM,8160-500,1,9503.5115.1.1 TPM Wartung 1W | 9503.5115.1.1 Flashen 1,week,8160_W
6101704,10070f05cfc4749b,EH_BTPM,8160-500,1,9503.5115.2.1 TPM Wartung 1W | 9503.5115.2.1 Flashen 2,week,8160_W
6101705,5b97add8aded0ac9,EH_BTPM,8160-500,1,9503.5130.1 TPM Wartung 1W | 9503.5130.1 Ofenprozess 1,week,8160_W
6101706,b1364fbdb42922a9,EH_BTPM,8160-500,1,9503.5130.2 TPM Wartung 1W | 9503.5130.2 Ofenprozess 2,week,8160_W
6101707,2d894a7684ece111,EH_BTPM,8160-500,1,9503.5140.1.1 TPM Wartungsplan 1W | 9503.5140.1.1 He-Dichtheitsprüfung 1,week,8160_W
6101836,1a58180c9fa57e1a,EH_BTPM,8160-500,1,9503.5140.1.1 TPM Wartung 1W | 9503.5140.1.1 He-Dichtheitsprüfung 1,week,8160_W
6101708,9271e1ab9a2a9ce9,EH_BTPM,8160-500,1,9503.5140.2.1 TPM Wartung 1W | 9503.5140.2.1 He-Dichtheitsprüfung 2,week,8160_W
6101710,4365224e989a3193,EH_BTPM,8160-500,1,9503.5145.1.1 TPM Wartung 1W | 9503.5145.1.1 SOC,week,8160_W
6101711,86f8409f7c8d1608,EH_BTPM,8160-500,1,9503.5150.1.1 TPM Wartung 1W | 9503.5150.1.1 Label/Laser,week,8160_W
6101712,227f76e41f122993,EH_BTPM,8160-500,1,9503.5160.1.1 TPM Wartung 1W | 9503.5160.1.1 AOI+Sichtprüfung,week,8160_W
6101714,8f82a9bef94fc8b5,EH_BTPM,8160-500,1,9603.1100.1 TPM Wartung 1W | 9603.1100.1 Verpackung automatisiert,week,8160_W
6104078,4724b9d841f471ad,EH_BTPM,8160-500,1,8605.1100 TPM Wartung 1W | 8605.1100 Manuelles Verp. Aftermarket,week,8160_W
6101713,ceab7b1d58969fd9,EH_BTPM,8160-500,1,9503.5165.1.1 TPM Wartung 1W | 9503.5165.1.1 Sichtprüfung,week,8160_W
6102549,e0dd7d17969fff43,EH_BTPM,8160-500,0,MSB FA8303 wöch. TPM Wartungsplan,unknown,8160_W
6100576,370a2d020fb69b33,EH_BTPM,8160-500,1,"8303.1100 TPM Wartungsplan 1W | 8303.1100 Einlegen CF, BCSU, Shunt in WT",week,8160_W
6102545,aac8e63f8bac19bd,EH_BTPM,8160-500,1,"8303.1100 TPM Wartungsplan 2W | 8303.1100 Einlegen CF, BCSU, Shunt in WT",week,8160_W
6103969,c5531ee6fdf3ff67,EH_BTPM,8160-500,1,"8303.1100 TPM Wartung 1W | 8303.1100 Einlegen CF, BCSU, Shunt in WT",week,8160_W
6102479,9373fa98b90e1e58,EH_BTPM,8160-500,1,8303.1110 TPM Wartungsplan 1W | 8303.1110 Verstemmen,week,8160_W
6102546,b327cd6f24b0f7c1,EH_BTPM,8160-500,1,8303.1120 TPM Wartungsplan 2W | 8303.1110 Verstemmen,week,8160_W
6103935,6f4d475f8ab53e18,EH_BTPM,8160-500,1,8303.1110 TPM Wartung 1W | 8303.1110 Verstemmen,week,8160_W
6102480,3cfe9ad650f2c70c,EH_BTPM,8160-500,1,8303.1120 TPM Wartungsplan 1W | 8303.1120 Einlegen Zellverbinder,week,8160_W
6103971,d1f8ca74ba87ef6b,EH_BTPM,8160-500,1,8303.1120 TPM Wartung 1W | 8303.1120 Einlegen Zellverbinder,week,8160_W
6103973,5cd7211325245998,EH_BTPM,8160-500,1,8303.1120 Visuelle Inspektion 2W | 8303.1120 Einlegen Zellverbinder,week,8160_W
6102541,fe4ba331c13019c6,EH_BTPM,8160-500,1,8303.1130 TPM Wartungsplan 1W | 8303.1130 F&K DELVOTEC Laserbonder,week,8160_W
6103974,add64dd022739868,EH_BTPM,8160-500,1,8303.1130 TPM Wartung 1W | 8303.1130 F&K DELVOTEC Laserbonder,week,8160_W
6103975,ec91a25ee991eb27,EH_BTPM,8160-500,1,8303.1130 Visuelle Inspektion 2W | 8303.1130 F&K DELVOTEC Laserbonder,week,8160_W
6102542,93aa3afb95210ce7,EH_BTPM,8160-500,1,8303.1140 TPM Wartungsplan 1W | 8303.1140 Prüfen Bonds,week,8160_W
6102547,1c7df392bcc1b8ff,EH_BTPM,8160-500,1,8303.1140 TPM Wartungsplan 2W | 8303.1140 Prüfen Bonds,week,8160_W
6103976,9f29f946f019f738,EH_BTPM,8160-500,1,8303.1140 TPM Wartung 1W | 8303.1140 Prüfen Bonds,week,8160_W
6103978,a77993e1dd9b037f,EH_BTPM,8160-500,1,8402.1020 TPM Wartung 1W | 8303.1140 Prüfen Bonds,week,8160_W
6102543,2ce355ab10d7f5f1,EH_BTPM,8160-500,1,8303.1150 TPM Wartungsplan 1W | 8303.1150 ZKS ablegen in Blister,week,8160_W
6102548,904fd0853c5657d9,EH_BTPM,8160-500,1,8303.1150 TPM Wartungsplan 2W | 8303.1150 ZKS ablegen in Blister,week,8160_W
6103979,10b79db96c4a4ddf,EH_BTPM,8160-500,1,8303.1150 TPM Wartung 1W | 8303.1150 ZKS ablegen in Blister,week,8160_W
6102544,68a4cdd6af6d682c,EH_BTPM,8160-500,1,8303 Transfersyst. TPM Wartungsplan 1W | 8303 Transfersystem,week,8160_W
6103941,0b1b8286ad03c381,EH_BTPM,8160-500,1,8303 Transfersyst. TPM Wartung 1W | 8303 Transfersystem,week,8160_W
6100862,d8c68c8b7d2d24af,EH_BTPM,8160-500,0,MSB FA8402.1 wöch. TPM Wartungsplan,unknown,8160_W
6100863,6451cb7c138aea1e,EH_BTPM,8160-500,0,MSB FA8402.2 wöch. TPM Wartungsplan,unknown,8160_W
6104040,e69de3777dcd97ca,EH_BTPM,8160-500,0,8402 ESD Zone TPM Wartungsplan 2W,week,8160_W
6104027,0c64c5f01c442b85,EH_BTPM,8160-500,1,8402.1110.1 TPM Wartung 1W | 8402.1110.1 Dispensen,week,8160_W
6104036,59d4a3c520874180,EH_BTPM,8160-500,1,8402.1110.1 TPM Wartungsplan 4W | 8402.1110.1 Dispensen,week,8160_W
6104064,c65dcdacd7bf92ab,EH_BTPM,8160-500,1,8402.1110.1 Visuelle Inspektion 2W | 8402.1110.1 Dispensen,week,8160_W
6104028,58cae6b912808d9f,EH_BTPM,8160-500,1,8402.1110.2 TPM Wartung 1W | 8402.1110.2 Dispensen,week,8160_W
6104037,982d8ed972c89591,EH_BTPM,8160-500,1,8402.1110.2 TPM Wartungsplan 4W | 8402.1110.2 Dispensen,week,8160_W
6104065,978f7028cf012121,EH_BTPM,8160-500,1,8402.1110.2 Visuelle Inspektion 2W | 8402.1110.2 Dispensen,week,8160_W
6104067,414366fa5969163e,EH_BTPM,8160-500,1,8402.1100.4 Visuelle Inspektion 2W | 8402.1110.2 Dispensen,week,8160_W
6104029,b46794259e042be3,EH_BTPM,8160-500,1,8402.1110.3 TPM Wartung 1W | 8402.1110.3 Dispensen,week,8160_W
6104038,23a9148ce733a3a3,EH_BTPM,8160-500,1,8402.1110.3 TPM Wartungsplan 4W | 8402.1110.3 Dispensen,week,8160_W
6104066,3eefd05aa7dc15fd,EH_BTPM,8160-500,1,8402.1110.3 Visuelle Inspektion 2W | 8402.1110.3 Dispensen,week,8160_W
6104031,d471b81f8d15d81c,EH_BTPM,8160-500,1,8402.1120 TPM Wartung 1W | 8402.1120 Schrauben Busbars,week,8160_W
6104068,7f8d754d00574e06,EH_BTPM,8160-500,1,8402.1120 Visuelle Inspektion 2W | 8402.1120 Schrauben Busbars,week,8160_W
6104032,2ff0062cc48ca4f3,EH_BTPM,8160-500,1,8402.1125 Visuelle Inspektion 2W | 8402.1125 Schrauben DCDC,week,8160_W
6104069,b6479087ae5a42ed,EH_BTPM,8160-500,1,8402.1125 TPM Wartung 1W | 8402.1125 Schrauben DCDC,week,8160_W
6104033,60213f5d88b3ee69,EH_BTPM,8160-500,1,8402.1130 TPM Wartung 1W | 8402.1130 Schrauben 12V-Ter.,week,8160_W
6104070,5a462002962e5769,EH_BTPM,8160-500,1,8402.1130 Visuelle Inspektion 2W | 8402.1130 Schrauben 12V-Ter.,week,8160_W
6104034,747bf8f713e8f8e7,EH_BTPM,8160-500,1,8402.1140 TPM Wartung 1W | 8402.1140 Schrauben 48V-Ter.,week,8160_W
6104071,76dd0b7509835ad7,EH_BTPM,8160-500,1,8402.1140 Visuelle Inspektion 2W | 8402.1140 Schrauben 48V-Ter.,week,8160_W
6104022,1e9f3bd3c5376fe4,EH_BTPM,8160-500,1,8402.2160 TPM Wartung 1W | 8402.2160 R-Schweißen Y-Kon.,week,8160_W
6104072,61b7386781fc2b92,EH_BTPM,8160-500,1,8402.2160 Visuelle Inspektion 2W | 8402.2160 R-Schweißen Y-Kon.,week,8160_W
6104023,ee69c9a0cc2c5726,EH_BTPM,8160-500,1,8402.2170 TPM Wartungsplan 1W | 8402.2170 Dispensen DC-Breaker,week,8160_W
6104041,8b917566aef9876c,EH_BTPM,8160-500,1,8402.2170 TPM Wartungsplan 4W | 8402.2170 Dispensen DC-Breaker,week,8160_W
6104073,006e115c89fcfb75,EH_BTPM,8160-500,1,8402.2170 TPM Wartung 1W | 8402.2170 Dispensen DC-Breaker,week,8160_W
6104042,efc383ed65a51663,EH_BTPM,8160-500,1,8402.2180 TPM Wartung 1W | 8402.2180 Setzen DC-Breaker,week,8160_W
6104074,df86f138dafe75df,EH_BTPM,8160-500,1,8402.2180 Visuelle Inspektion 2W | 8402.2180 Setzen DC-Breaker,week,8160_W
6104043,a2130c5734ec7b41,EH_BTPM,8160-500,1,8402.2185 TPM Wartung 1W | 8402.2185 Schrauben DC-Brea.,week,8160_W
6104075,dc9ffc93ed1d800f,EH_BTPM,8160-500,1,8402.2185 Visuelle Inspektion 2W | 8402.2185 Schrauben DC-Brea.,week,8160_W
6104044,51c9618e3488280f,EH_BTPM,8160-500,1,8402.2190 TPM Wartung 1W | 8402.2190 Schweißen Busbars,week,8160_W
6104076,0305c40ec1d0b15e,EH_BTPM,8160-500,1,8402.2190 Visuelle Inspektion 2W | 8402.2190 Schweißen Busbars,week,8160_W
6104046,74d169a1905e662b,EH_BTPM,8160-500,1,8402.2210 TPM Wartung 1W | 8402.2210 BVS & Sichtprüfung,week,8160_W
6104035,9041d83177c65bce,EH_BTPM,8160-500,1,8402 Transf.syst. TPM Wartung 1W | 8402 Transfersystem,week,8160_W
6103970,30846320ef32fffa,EH_BTPM,8160-500,1,8402.1100 TPM Wartung 1W | 8402.1100 Packaging & load housing,week,8160_W
6103981,dd7688b7973e1514,EH_BTPM,8160-500,1,8402.1010 TPM Wartung 1W | 8402.1010 Dichtringmontage,week,8160_W
6106284,3d782d58b3e265d1,EH_BTPM,8160-500,1,8402.1020 TPM Wartung | 8402.1020 Montage Y-Kond.,unknown,8160_W
6109262,1eb6bff4bfa1fe1c,EH_CHSS,8160-100,1,Wartungsplan Röntgen 1-3 1M | MSC Roentgenanlage VISCOM X 8050-16,month,8160_M
6109264,c7b3c1ea1f9f0d71,EH_CHSS,8160-100,1,Wartungsplan Röntgen 1-3 3M | MSC Roentgenanlage VISCOM X 8050-16,quarter,8160_M
6109266,2176eba32245bfaa,EH_CHSS,8160-100,1,Wartungsplan Röntgen 1-3 12M | MSC Roentgenanlage VISCOM X 8050-16,month,8160_M
6109263,9244f56150c4cc03,EH_CHSS,8160-100,1,Wartungsplan Röntgen 1-3 1M | MSC Roentgenanlage VISCOM X 8050-16 IL,month,8160_M
6109265,a1fdbb5237362e75,EH_CHSS,8160-100,1,Wartungsplan Röntgen 1-3 3M | MSC Roentgenanlage VISCOM X 8050-16 IL,quarter,8160_M
6109267,ec63ac0acdb06f1c,EH_CHSS,8160-100,1,Wartungsplan Röntgen 1-3 12M | MSC Roentgenanlage VISCOM X 8050-16 IL,month,8160_M
6056796,f9db4ffb402ccaa0,EH_CHSS,8160-100,1,Wartungsplan Röntgen 1-3 1M | MST Roentgenanlage VISCOM X 8011-SA,month,8160_M
6056797,ed853d14b8d1c22d,EH_CHSS,8160-100,1,Wartungsplan Röntgenanlage 1M | MST Roentgenanlage VISCOM X 8011-SA,month,8160_M
6056799,6041eddbe748b80c,EH_CHSS,8160-100,1,Wartungsplan Röntgen 1-3 3M | MST Roentgenanlage VISCOM X 8011-SA,quarter,8160_M
6056800,7e0c549ad13c124d,EH_CHSS,8160-100,1,Wartungsplan Röntgenanlage 3M | MST Roentgenanlage VISCOM X 8011-SA,quarter,8160_M
6056822,604e541d1aee5a0a,EH_CHSS,8160-100,1,Wartungsplan Röntgen 1-3 12M | MST Roentgenanlage VISCOM X 8011-SA,month,8160_M
6056823,a69bafb95db95391,EH_CHSS,8160-100,1,Wartungsplan Röntgenanlage 12M | MST Roentgenanlage VISCOM X 8011-SA,month,8160_M
6054923,74cb00c60a4eb5ee,EH_CHSS,8160-110,0,TPM Wartungsplan Röntgenteam 26W,week,UBK_W1
6062831,426182a6adea49c6,EH_CHSS,8160-110,1,Wartung XYZ-TEC Pulltester 1W | XYZTEC Pulltester (Zugmaschine),week,8160_W
6065943,cabfc041190dea5b,EH_CHSS,8160-110,1,TPM Schliffplatz SBL modular G5 | Schliffbildplatz Fertigung SBLmodularG5,unknown,8160_W
6051945,19f86ee5cd05ff70,EH_CHSS,8160-451,1,Wartungsplan Röntgenanlage 3W | EMP 7280_2 Roentgenanlage AXI Matrix,week,8160_W
6063625,bc22687cfcf3b9c5,EH_CHSS,8160-451,1,Wartungsplan Röntgenanlage 12W | EMP 7280_2 Roentgenanlage AXI Matrix,week,8160_W
6056798,061434ad932b6663,EH_CHSS,8160-920,1,Wartungsplan Röntgenanlage 1M | COS Roentgenanlage VISCOM X 8011-16,month,8160_M
6056821,0e364e33b54dfdd9,EH_CHSS,8160-920,1,Wartungsplan Röntgenanlage 3M | COS Roentgenanlage VISCOM X 8011-16,quarter,8160_M
6056824,369ae717c49fc150,EH_CHSS,8160-920,1,Wartungsplan Röntgenanlage 12M | COS Roentgenanlage VISCOM X 8011-16,month,8160_M
6073791,b49e608892b7a23a,EH_CKOT,8160-110,1,Wartung Prüfstand Q30 4W | Q30 Prüfstand,week,UBK_W1
6075754,624c62c6c0034b15,EH_CKOT,8160-110,1,1103Kapa Magnetisieren/ Prüfen | 1103K Magnetisieren und Prüfen,unknown,UBK_W1
6081115,3124c90915ef1a6b,EH_CKOT,8160-110,0,Backup Programme Linie 14x1,unknown,UBK_W1
6098710,3124c90915ef1a6b,EH_CKOT,8160-110,0,Backup Programme Linie 14x1,unknown,UBK_W1
6060727,d50bea51d0cb1925,EH_CTPM,8160-001,1,Wartungsplan Schliffplatz MSC 1W | SCHLIFFPLATZ,week,8160_W
6067840,44411ef97af1c0aa,EH_CTPM,8160-001,1,TPM Linie 1216 Modul 2 | 1216 Modul 2.1 MWG-Fertigung DF11,unknown,8160_W
6067911,733ba2b84647d611,EH_CTPM,8160-001,1,TPM Linie 1216 Modul 3 | 1216 Modul 3 DF-Fertigung,unknown,8160_W
6072426,2fc80cd3850e83c3,EH_CTPM,8160-001,1,TPM Linie 1216 Modul 5 | 1216 Modul 5 Steckerfertigung,unknown,8160_W
6057576,3ef190c800b96353,EH_CTPM,8160-001,1,Wartungsplan Röntgenanlage MSS 3M | MSS Roentgenanlage VISCOM X 8010-16,quarter,8160_M
6057984,f8bb868c2f7aef04,EH_CTPM,8160-001,1,Wartungsplan Röntgenanlage MSS 12M | MSS Roentgenanlage VISCOM X 8010-16,month,8160_M
6072328,347a13b677704939,EH_CTPM,8160-001,1,Linie 1217 Schraubarbeitsplatz | Schraub.platz für DF30D-PSA 364 inaktiv,unknown,UBK_W1
6067842,ee4609e6a229dd68,EH_CTPM,8160-002,1,1216 Rundteller-SGM68 DF11-Stecker | SGM68 1200T400-150,unknown,8160_W
6075752,9eaec1eb816cafb6,EH_CTPM,8160-002,1,1103Kapa Fräsen | 1103K Fräsen,unknown,UBK_W1
6075760,e8668fbf7a594e02,EH_CTPM,8160-004,1,1103Kapa SGM52 | 1103K SPRITZMASCHINE M52,unknown,UBK_W1
6082361,784b17aa09a21fde,EH_CTPM,8160-100,1,TPM Wartungsplan 1214 Granulattrockner | Farrag Trocknr 14 CARD 110M 3957-01-4517,month,8160_W
6036121,80898eca5558b2d2,EH_CTPM,8160-100,0,TPM Wartungsplan Röntgenteam,unknown,UBK_W1
6057578,a72ae58588dc21a7,EH_CTPM,8160-100,0,monatlicher TPM WP COS Team Mühlbach,month,8160_M
6054106,1df1cc310403ca34,EH_CTPM,8160-100,1,TPM Wartungsplan Röntgenteam | MST Roentgenanlage VISCOM X 8011-SA,unknown,UBK_W1
6036061,5d03c7e1666a56be,EH_CTPM,8160-110,0,wöchentl. TPM-Wartungsplan L1501 Vollaut,unknown,UBK_W1
6083769,18f91dd4ecf267ee,EH_CTPM,8160-110,0,wöchentl. TPM - WP Bodenblech Linie 1,unknown,UBK_W1
6092210,82be8f733a6228e0,EH_CTPM,8160-110,0,TPM-Wartungsplan L1501 Vollauto,unknown,UBK_W1
6059365,c5be50dc391b2ee0,EH_CTPM,8160-110,0,wöchentl. TPM-Wartungsplan L1503 Halbaut,unknown,8160_W
6093942,cdd79d652aa8835f,EH_CTPM,8160-110,0,TPM-Wartungsplan HFM8 Rahmenmodul,unknown,UBK_W1
6086122,e8499f0b134b545d,EH_CTPM,8160-110,1,TPM L1502 BB-Kombi-Linie 2 (OPRA) | HFM6/7/8 Bodenblech Kombi-Linie 2,unknown,UBK_W1
6086189,459cdab22bad8705,EH_CTPM,8160-110,1,TPM-Wartungsplan L1502 Kombi | HFM6/7/8 Bodenblech Kombi-Linie 2,unknown,UBK_W1
6093898,431986f2409c13f5,EH_CTPM,8160-110,1,TPM-Wartungsplan Temperanlage HFM7/HFM8 | L1520 Temperanlage HFM7/HFM8,unknown,UBK_W1
6110922,f0cf74e2cdcffebf,EH_CTPM,8160-110,0,TPM-Wartungsplan L1503 BB L3,unknown,UBK_W1
6075753,51befecd7dfcfde9,EH_CTPM,8160-110,1,1103Kapa Magnetisieren/ Prüfen | 1103K Magnetisieren und Prüfen,unknown,UBK_W1
6018637,581c4dd3d715dfa7,EH_CTPM,8160-110,0,wöchentlicher TPM Wartungsplan 1104,week,UBK_W1
6013811,64f071e49f2edc39,EH_CTPM,8160-110,0,wöchentlicher TPM Wartungsplan 1203,week,UBK_W1
6013801,9b3643367bce22df,EH_CTPM,8160-110,0,wöchentlicher TPM Wartungsplan 1202,week,UBK_W1
6013671,fa2e1ca1ac6237b0,EH_CTPM,8160-110,0,großer TPM Wartungsplan 1204,unknown,UBK_W1
6028040,7ae165a04d97aac3,EH_CTPM,8160-110,0,kleiner TPM - Wartungsplan 1204,unknown,UBK_W1
6013670,fb08015e84fdd7a4,EH_CTPM,8160-110,0,TPM Wartungsplan Linie ges.,unknown,UBK_W1
6028050,1917b24a0ba4e4bd,EH_CTPM,8160-110,0,kleiner TPM - Wartungsplan 1205,unknown,UBK_W1
6013670,ae3c90bad0f2e4da,EH_CTPM,8160-110,1,TPM Wartungsplan Arburg | 1205 SPRITZMASCHINE M49 1200T 400-150,day,UBK_W1
6013670,804affb246a1ea04,EH_CTPM,8160-110,1,TPM Wartungsplan ML | 1205 MONTAGELINIE Ruhlamat,unknown,UBK_W1
6013670,7a1fc74f5de1681c,EH_CTPM,8160-110,1,TPM Wartungsplan Prüfen & Verpacken | 1205 A62 ENDPRÜFSTAND GDG DF11/L2,unknown,UBK_W1
6013316,6526aa1a9d322f9c,EH_CTPM,8160-110,0,TPM Wartungsplan Linie 1206 ges.,unknown,UBK_W1
6028051,72a9fb3ea2b69aa8,EH_CTPM,8160-110,0,kleiner TPM - Wartungsplan 1206,unknown,UBK_W1
6013316,29926a803b7feb62,EH_CTPM,8160-110,1,TPM Wartungsplan ML | 1206 MONTAGELINIE RUHLAMAT DF 11/L3,unknown,UBK_W1
6013242,ad0c05f39433dd58,EH_CTPM,8160-110,0,großer TPM Wartungsplan 1207,unknown,UBK_W1
6028052,67be2729b17a4bc0,EH_CTPM,8160-110,0,kleiner TPM - Wartungsplan 1207,unknown,UBK_W1
6009380,50d7b04dd56f5e11,EH_CTPM,8160-110,0,TPM Wartungsplan 1208 (14-tägig),unknown,UBK_W1
6027150,945d863929438d50,EH_CTPM,8160-110,0,kleiner TPM - Wartungsplan 1208,unknown,UBK_W1
6093253,50d7b04dd56f5e11,EH_CTPM,8160-110,0,TPM Wartungsplan 1208 (14-tägig),unknown,UBK_W1
6013243,2e4a0d30142a8b90,EH_CTPM,8160-110,0,wöchentlicher TPM Wartungsplan 1209,week,UBK_W1
6024642,72082b7cfbaccbc9,EH_CTPM,8160-110,0,TPM - Wartungsplan Schliffplatz 8W,week,UBK_W1
6033030,de26b9416c30aec2,EH_CTPM,8160-110,0,kleiner TPM - Wartungsplan 1209,unknown,UBK_W1
6013315,654b7175161f3696,EH_CTPM,8160-110,0,wöchentlicher TPM Wartungsplan 1210,week,UBK_W1
6024643,63ece65ba8875ca3,EH_CTPM,8160-110,0,TPM - Wartungsplan Schliffplatz 6W,week,UBK_W1
6014739,4f3beee913be3dbb,EH_CTPM,8160-110,0,wöchentlicher TPM Wartungsplan 1211R,week,UBK_W1
6024644,63ece65ba8875ca3,EH_CTPM,8160-110,0,TPM - Wartungsplan Schliffplatz 6W,week,UBK_W1
6092355,4f3beee913be3dbb,EH_CTPM,8160-110,0,wöchentlicher TPM Wartungsplan 1211R,week,UBK_W1
6019453,85610d627e1750a8,EH_CTPM,8160-110,0,wöchentlicher TPM Wartungsplan 1212,week,UBK_W1
6024645,72082b7cfbaccbc9,EH_CTPM,8160-110,0,TPM - Wartungsplan Schliffplatz 8W,week,UBK_W1
6060731,f81594701a3757b8,EH_CTPM,8160-110,1,TPM Wartungsplan 1212 Transportsystem | 1212 Transportsystem,unknown,8160_W
6060732,5639c22b2b6302ae,EH_CTPM,8160-110,1,TPM Wartungsplan 1212 Ablängen | 1212 St.1.03 Ablängen / Aufrauhen,unknown,8160_W
6060733,46f732f5c847781a,EH_CTPM,8160-110,1,TPM Wartungsplan 1212 Crimpen | 1212 St.1.05 Crimpen,unknown,8160_W
6060734,45fa405719df1f6e,EH_CTPM,8160-110,1,TPM Wartungsplan 1212 Kamera 1 | 1212 St.1.07 Kamera 1 Kontrolle Crimp,unknown,8160_W
6060735,163abc126139b22c,EH_CTPM,8160-110,1,TPM Wartungsplan 1212 NIO-Köpfe abschn. | 1212 St.1.08 niO-Teile abschneiden,unknown,8160_W
6060736,a455000d693076d6,EH_CTPM,8160-110,1,TPM Wartungsplan 1212 SGM 1 | 1212 SGM M79 Halter spritzen,unknown,8160_W
6060739,217341025941edec,EH_CTPM,8160-110,1,TPM Wartungsplan 1212 Kamera 2 | 1212 St.2.12 Kamera 2 Kontrolle Halter,unknown,8160_W
6060741,022beaac54a08de7,EH_CTPM,8160-110,1,TPM Wartungsplan 1212 IC-Zuführung | 1212 St.2.13.1 IC-Zuführung,unknown,8160_W
6060742,37924886ac8cf99c,EH_CTPM,8160-110,1,TPM Wartungsplan 1212 IC-Biegen | 1212 St.2.13.2 IC-Biegen,unknown,8160_W
6060743,2caed5f16068e1ca,EH_CTPM,8160-110,1,TPM Wartungsplan 1212 IC-Transport | 1212 St.2.13.3 IC-Transport,unknown,8160_W
6060744,2adf73cb35d60e67,EH_CTPM,8160-110,1,TPM Wartungsplan 1212 IC-Einlegen/Verst. | 1212 St.2.14 IC-Einlegen / Verstemmen,unknown,8160_W
6060745,a6316e06dc5de585,EH_CTPM,8160-110,1,TPM Wartungsplan 1212 Schweißen | 1212 St.2.15 IC-Schweißen,unknown,8160_W
6061041,a8402d970072bf57,EH_CTPM,8160-110,1,TPM Wartungsplan 1212 Drehen 1 (Halter) | 1212 St.2.16 Drehen 1,unknown,8160_W
6060748,7f4c58e1f373264e,EH_CTPM,8160-110,1,TPM Wartungsplan 1212 Buchsenhandling | 1212 St.3.17 Buchsen Handl. / Zuführung,unknown,8160_W
6060738,691a0cb2346a8d7c,EH_CTPM,8160-110,1,TPM Wartungsplan 1212 SGM 3 | 1212 SGM M80 Umspritzen 2 3.19,unknown,8160_W
6060747,90ddcd17eb950d1e,EH_CTPM,8160-110,1,"TPM Wartungsplan 1212 SGM 3, Umsetzer | 1212 SGM M80 Umspritzen 2 3.19",unknown,8160_W
6060737,f5afc9c3114d1255,EH_CTPM,8160-110,1,TPM Wartungsplan 1212 SGM 2 | 1212 SGM M81 Umspritzen 1 3.18,unknown,8160_W
6060746,db66f76adb896763,EH_CTPM,8160-110,1,"TPM Wartungsplan 1212 SGM 2, Umsetzer | 1212 SGM M81 Umspritzen 1 3.18",unknown,8160_W
6060750,ce9e7037374a2caa,EH_CTPM,8160-110,1,TPM Wartungsplan 1212 Anguss abschneiden | 1212 St.4.20 Anguss abschneiden,unknown,8160_W
6060740,25061c0e9fa49cc2,EH_CTPM,8160-110,1,TPM Wartungsplan 1212 Kamera 3 | 1212 St.4.21.1 Kamera 3,unknown,8160_W
6061060,ebb1435b2e578a0c,EH_CTPM,8160-110,1,TPM Wartungsplan 1212 Kühlstrecke | 1212 St.4.22 DF-Köpfe kühlen,unknown,8160_W
6061059,f5b58b05ee139c23,EH_CTPM,8160-110,1,TPM Wartungsplan 1212 Drehen 3 | 1212 St.6.25 Drehen 3,unknown,8160_W
6061101,076df8fa46eb65db,EH_CTPM,8160-110,1,TPM Wartungsplan 1212 Schraubenmontage | 1212 St.6.26 Schraube montieren,unknown,8160_W
6061105,aa1109887ffd9638,EH_CTPM,8160-110,1,TPM Wartungsplan 1212 Einlegehandling U2 | 1212 Einlegehandling Umspritzen 2,unknown,8160_W
6061103,55a5d8492ae2963b,EH_CTPM,8160-110,1,TPM Wartungsplan 1212 Einlegehandling U1 | 1212 Einlegehandling Umspritzen 1,unknown,8160_W
6061108,c4abf73a73e90ae4,EH_CTPM,8160-110,1,TPM Wartungsplan 1212 Prüfen | 1212 St.5.23 Prüfen 1,unknown,8160_W
6061107,fa6ee68d423ef13e,EH_CTPM,8160-110,1,TPM Wartungsplan 1212 Prüfen/ Heißpräger | 1212 St.5.24 Prüfen 2,unknown,8160_W
6062103,ea6d957f2dd5a7f7,EH_CTPM,8160-110,1,TPM Wartungsplan 1212 Gutteilentnahme | 1212 St.6.27 Guteilentnahme,unknown,8160_W
6064872,1e004f9ae36b50d9,EH_CTPM,8160-110,1,TPM Wartungsplan 1212 Verpackplatz | 1212 Verpackplatz und Sichtprüfung,unknown,8160_W
6061042,81b0fbce190320d0,EH_CTPM,8160-110,1,TPM Wartungsplan 1212 Podest | 1212 höhenverstellbares Podest Anlage,unknown,8160_W
6071544,81b0fbce190320d0,EH_CTPM,8160-110,1,TPM Wartungsplan 1212 Podest | 1212 höhenverstellbares Podest Anlage,unknown,8160_W
6061058,2cc6638c071e0e81,EH_CTPM,8160-110,1,TPM Wartungsplan 1212 Drehen 2 | 1212 St.4.21.2 Drehen 2,unknown,8160_W
6061102,e024f96b71c1e5ef,EH_CTPM,8160-110,1,TPM Wartungsplan 1212 Linie gesamt | 1212 Linie gesamt,unknown,8160_W
6061104,b7c0b5f16283d82b,EH_CTPM,8160-110,1,TPM Wartungsplan 1212 Wkz.wechselwagen 1 | Wkz.wechselwagen 1 L1212 (115),unknown,8160_W
6061106,a78bd7d18b2052e5,EH_CTPM,8160-110,1,TPM-Wartungsplan 1212 Wkz.wechselwagen 2 | Wkz.wechselwagen 2 L1212 (114),unknown,8160_W
6023671,3adb776b4c92b596,EH_CTPM,8160-110,0,Teile sammeln zur Wkz.-wartung 1304 1J,year,UBK_W1
6023810,1f54719d70cc0c24,EH_CTPM,8160-110,0,6-wöchentlicher TPM Wartungsplan 1304,week,UBK_W1
6028567,0925514dcedd9193,EH_CTPM,8160-110,0,wöchentlicher TPM Wartungsplan 1213,week,UBK_W1
6033034,72082b7cfbaccbc9,EH_CTPM,8160-110,0,TPM - Wartungsplan Schliffplatz 8W,week,UBK_W1
6019517,6726ed5462182c6c,EH_CTPM,8160-110,0,1214 TPM (IH+ mit IW48 ohne SVO),unknown,UBK_W1
6033033,72082b7cfbaccbc9,EH_CTPM,8160-110,0,TPM - Wartungsplan Schliffplatz 8W,week,UBK_W1
6036613,6267b6efe067d0fd,EH_CTPM,8160-110,0,wöchentlicher TPM Wartungsplan 1214,week,UBK_W1
6092354,95a26c0288e31f93,EH_CTPM,8160-110,0,TPM-Wartungsplan L1214,unknown,UBK_W1
6061072,343760c5c1d8362f,EH_CTPM,8160-110,1,TPM Wartungsplan 1214 Drehen 4 | 1214 St.930 Drehen 4,unknown,8160_W
6061066,1f597a1ad65319a8,EH_CTPM,8160-110,1,TPM Wartungsplan 1214 Drehen 2 | 1214 St.724 Drehen 2,unknown,8160_W
6063020,33ce72cc7cfb9c97,EH_CTPM,8160-110,1,TPM Wartungsplan 1214 Kappe montieren | 1214 St.931 Kappe montieren,unknown,8160_W
6060751,30dead2862117777,EH_CTPM,8160-110,1,TPM Wartungsplan 1214 Transportsystem | 1214 Transportsystem,unknown,8160_W
6060753,e801c2b66c0e29a2,EH_CTPM,8160-110,1,TPM Wartungsplan 1214 Ablängen | 1214 St.203 Ablängen,unknown,8160_W
6060754,c6420de7ca486b3b,EH_CTPM,8160-110,1,TPM Wartungsplan 1214 Crimpen | 1214 St.205 Crimpen,unknown,8160_W
6060755,5bbe2a66daf3b44c,EH_CTPM,8160-110,1,TPM Wartungsplan 1214 Kamera 1 | 1214 St.207 Kamera 1 Kontrolle Crimp,unknown,8160_W
6060756,cea3988db80b9c95,EH_CTPM,8160-110,1,TPM Wartungsplan 1214 NIO-Abschneiden | 1214 St.208 niO-Teile abschneiden,unknown,8160_W
6060757,e379dff01a757471,EH_CTPM,8160-110,1,TPM Wartungsplan 1214 SGM 1 | 1214 St.310 SGM M96 Halter spritzen,unknown,8160_W
6060758,dd5a529d76e77979,EH_CTPM,8160-110,1,TPM Wartungsplan 1214 Kamera 2 | 1214 St.412 Kamera 2 Kontrolle Halter,unknown,8160_W
6060759,6b0c8960446e3ad1,EH_CTPM,8160-110,1,TPM Wartungsplan 1214 IC-Zuführung | 1214 St.413 IC-Zuführung,unknown,8160_W
6060760,f9c017788585a1d5,EH_CTPM,8160-110,1,TPM Wartungsplan 1214 IC-Biegen | 1214 St.413 IC-Biegen,unknown,8160_W
6060761,bff8e5df22e59d69,EH_CTPM,8160-110,1,TPM Wartungsplan 1214 IC-Transport | 1214 St.413 IC-Transport,unknown,8160_W
6060762,6bb4ccae1a0ee977,EH_CTPM,8160-110,1,TPM Wartungsplan 1214 IC-Einlegen/Verst. | 1214 St.414 IC-Einlegen / Verstemmen,unknown,8160_W
6060763,82ac76ef3fda6113,EH_CTPM,8160-110,1,TPM Wartungsplan 1214 Schweißen | 1214 St.416 IC-Schweißen,unknown,8160_W
6060764,80ed9b890e5bf836,EH_CTPM,8160-110,1,TPM Wartungsplan 1214 Drehen 1 (Halter) | 1214 St.418 Halter Drehen 1,unknown,8160_W
6060769,43e48880acc9191b,EH_CTPM,8160-110,1,TPM Wartungsplan 1214 Buchsenhandling | 1214 St.520 Buchsen Handl. / Zuführung,unknown,8160_W
6060766,53d4d6dcbfb9946c,EH_CTPM,8160-110,1,TPM Wartungsplan 1214 SGM 2 | 1214 St.519 SGM Umspritzen Ha. 1 M95,unknown,8160_W
6061035,afb1cfb2afbdf7f6,EH_CTPM,8160-110,1,"TPM Wartungsplan 1214 SGM 2, Umsetzer | 1214 St.519 SGM Umspritzen Ha. 1 M95",unknown,8160_W
6060767,5dae5f58d2f27da6,EH_CTPM,8160-110,1,TPM Wartungsplan 1214 Einlegehandling U1 | 1214 Einlegehandling Umspritzen 1,unknown,8160_W
6061036,b5f839fbf534e33c,EH_CTPM,8160-110,1,"TPM Wartungsplan 1214 SGM 3, Umsetzer | 1214 St.621 SGM Umspritzen Ha. 2 M94",unknown,8160_W
6061061,b1e7d591be37a55e,EH_CTPM,8160-110,1,TPM Wartungsplan 1214 SGM 3 | 1214 St.621 SGM Umspritzen Ha. 2 M94,unknown,8160_W
6061062,005a8cf1476fb204,EH_CTPM,8160-110,1,TPM Wartungsplan 1214 Einlegehandling U2 | 1214 Einlegehandling Umspritzen 2,unknown,8160_W
6061064,41ca46c1f7cb8939,EH_CTPM,8160-110,1,TPM Wartungsplan 1214 Anguss abschneiden | 1214 St.722 Anguss abschneiden,unknown,8160_W
6061065,94be351d9b13e7fd,EH_CTPM,8160-110,1,TPM Wartungsplan 1214 Kamera 3 | 1214 St.723 Kamera 3,unknown,8160_W
6061067,4dd6e496e0754af1,EH_CTPM,8160-110,1,TPM Wartungsplan 1214 Kühlstrecke | 1214 St.725 DF-Köpfe kühlen,unknown,8160_W
6061068,f2883604f2fb9e17,EH_CTPM,8160-110,1,TPM Wartungsplan 1214 Prüfen | 1214 St.823 Prüfen 1,unknown,8160_W
6061069,710c154b4ddddf4d,EH_CTPM,8160-110,1,TPM Wartungsplan 1214 Prüfen/ Heißpräger | 1214 St.824 Prüfen 2,unknown,8160_W
6061070,b41163641458dee2,EH_CTPM,8160-110,1,TPM Wartungsplan 1214 Drehen 3 | 1214 St.928 Drehen 3,unknown,8160_W
6061071,52bcac9bc10d6c63,EH_CTPM,8160-110,1,TPM Wartungsplan 1214 Nieten | 1214 St.929 Nieten,unknown,8160_W
6062090,c6417bb2717dea54,EH_CTPM,8160-110,1,TPM Wartungsplan 1214 Gutteilentnahme | 1214 St.10.32 Gutteilentnahme,unknown,8160_W
6064873,c291f829dcb53fd6,EH_CTPM,8160-110,1,TPM Wartungsplan 1214 Verpackplatz | 1214 Verpackplatz und Sichtprüfung,unknown,8160_W
6060752,adcb44ce586cf8b7,EH_CTPM,8160-110,1,TPM Wartungsplan 1214 Podest | 1214 höhenverstellbares Podest Anlage,unknown,8160_W
6060765,e9ef8c9fc1628a6d,EH_CTPM,8160-110,1,TPM Wartungsplan Wkz.Vorheizstation | 1214 Vorheizstation,unknown,8160_W
6060730,9d2adb954069bc09,EH_CTPM,8160-110,1,TPM Wartungsplan 1214 Linie gesamt | 1214 Linie gesamt,unknown,8160_W
6032809,9d7a1d8908972bb9,EH_CTPM,8160-110,0,wöchentlicher TPM Wartungsplan 1215,week,UBK_W1
6033035,63ece65ba8875ca3,EH_CTPM,8160-110,0,TPM - Wartungsplan Schliffplatz 6W,week,UBK_W1
6092352,3cefe58548ea3b6b,EH_CTPM,8160-110,0,TPM Wartungsplan 1215,unknown,UBK_W1
6024646,63ece65ba8875ca3,EH_CTPM,8160-110,0,TPM - Wartungsplan Schliffplatz 6W,week,UBK_W1
6030234,405bff2330ea0253,EH_CTPM,8160-110,0,wöchentl. TPM-Wartungsplan L1250 KEK,unknown,UBK_W1
6092353,2cd83a409e9c55ca,EH_CTPM,8160-110,0,TPM-Wartungsplan L1250 KEK,unknown,UBK_W1
6059612,3fdde62106440f7c,EH_CTPM,8160-110,0,wöchentlicher TPM-Wartungsplan 1216,week,8160_W
6067849,44b0c88aa5305b7f,EH_CTPM,8160-110,1,1216 M1 VisionSensor | 16M1 VisionSensor,unknown,8160_W
6067850,d5b851ccca3acd1e,EH_CTPM,8160-110,1,1216 M1 Einfahren Carrier in SGW | 16M1 Einfahren Carrier in SGW,unknown,8160_W
6067901,fc2c66531ccf2f9c,EH_CTPM,8160-110,1,1216 M1 SGM122 Halter spritzen | 16M1 SGM122 Halter spritzen Düse 4mm,unknown,8160_W
6067843,73cb503e9c6ee07d,EH_CTPM,8160-110,1,TPM Linie 1216 Modul 1 | 1216 Modul 1 Halterfertigung,unknown,8160_W
6069196,0ee90a6eeb716b33,EH_CTPM,8160-110,1,TPM Linie 1216 Modul 4 | 1216 Modul 4 Prüfstand,unknown,8160_W
6066564,9b601dabf333540f,EH_CTPM,8160-110,1,TPM RS-T1 Not-Halt-Prüfung | RS-T1 Schlussprüfstand YEY3 E2,unknown,8160_W
6066574,15d042f600c5931d,EH_CTPM,8160-110,1,TPM RS-T1 Schlechtteilablage | RS-T1 Schlussprüfstand YEY3 E2,unknown,8160_W
6066808,66a7ea3837ea2088,EH_CTPM,8160-110,1,TPM RS-T1 Schlussprüfstand | RS-T1 Schlussprüfstand YEY3 E2,unknown,8160_W
6064772,88be57f1ed4b6a0c,EH_CTPM,8160-110,1,TPM RS-T1 SGM 54 | RS-T1 SGM 54 Gehäuse spritzen,unknown,8160_W
6066806,fd563f0c281252b1,EH_CTPM,8160-110,1,TPM RS-T1 Not-Halt-Prüfung | RS-T1 SGM 54 Gehäuse spritzen,unknown,8160_W
6066563,620052285533b966,EH_CTPM,8160-110,1,TPM RS-T1 Not-Halt-Prüfung | RS-T1 Laserschweißen Deckel,unknown,8160_W
6066575,200898c2ba2ec274,EH_CTPM,8160-110,1,TPM RS-T1 Schlechtteilablage | RS-T1 Laserschweißen Deckel,unknown,8160_W
6066807,c11a92b6e98c0e6a,EH_CTPM,8160-110,1,TPM RS-T1 Laserschweißen Deckel | RS-T1 Laserschweißen Deckel,unknown,8160_W
6065779,e7c9e50bfb7751c4,EH_CTPM,8160-110,1,TPM RS-T1 Montage Leiterplatte | RS-T1 Montage Leiterplatte,unknown,8160_W
6066562,82418d75484b4552,EH_CTPM,8160-110,1,TPM RS-T1 Not-Halt-Prüfung | RS-T1 Montage Leiterplatte,unknown,8160_W
6066576,31f53b7b44db6709,EH_CTPM,8160-110,1,TPM RS-T1 Schlechtteilablage | RS-T1 Montage Leiterplatte,unknown,8160_W
6066592,a4d3f8edc1d24962,EH_CTPM,8160-110,1,TPM RS-T1 höhenverstellb. Arbeitstisch | RS-T1 Montage Leiterplatte,unknown,8160_W
6065804,459eafa5d352dac0,EH_CTPM,8160-110,1,TPM RS-T1 Wickeln | RS-T1 Wickelmaschine,unknown,8160_W
6066547,2c1079acea87f2e6,EH_CTPM,8160-110,1,TPM RS-T1 Not-Halt-Prüfung | RS-T1 Wickelmaschine,unknown,8160_W
6065775,fea1a1fbd19fc761,EH_CTPM,8160-110,1,TPM RS-T1 US-Verstemmen | RS-T1 Stromschiene US-Verstemmen,unknown,8160_W
6066545,4282ac7f6cb039e2,EH_CTPM,8160-110,1,TPM RS-T1 Not-Halt-Prüfung | RS-T1 Stromschiene US-Verstemmen,unknown,8160_W
6071653,4000e923f9417663,EH_CTPM,8160-110,1,TPM RS-T1 Messwertgeberfertigung | RS-T1 Messwertgeberfertigung,unknown,8160_W
6065778,f1f1b9c1f915d74c,EH_CTPM,8160-110,1,TPM RS-T1 TK-Schweißen | RS-T1 Thermokompressionsschweißen,unknown,8160_W
6066580,014e6a763c236085,EH_CTPM,8160-110,1,TPM RS-T1 Schlechtteilablage | RS-T1 Thermokompressionsschweißen,unknown,8160_W
6066595,a73f6c403ebad099,EH_CTPM,8160-110,1,TPM RS-T1 höhenverstellb. Arbeitstisch | RS-T1 Thermokompressionsschweißen,unknown,8160_W
6066805,d21ee7fff98fe3e5,EH_CTPM,8160-110,1,TPM RS-T1 Not-Halt-Prüfung | RS-T1 Thermokompressionsschweißen,unknown,8160_W
6065780,a7701428f2b26ed9,EH_CTPM,8160-110,1,"TPM RS-T1 Magn.mont.,Warmv.,MWGprüfen | RS-T1 Joch+Magn.mont.,Warmverst.,MWGprüf",unknown,8160_W
6066579,b12c666aa11dd78c,EH_CTPM,8160-110,1,"TPM RS-T1 Schlechtteilablage | RS-T1 Joch+Magn.mont.,Warmverst.,MWGprüf",unknown,8160_W
6066594,fddd5680d553e6e1,EH_CTPM,8160-110,1,"TPM RS-T1 höhenverstellb. Arbeitstisch | RS-T1 Joch+Magn.mont.,Warmverst.,MWGprüf",unknown,8160_W
6066804,be5c25165fb52036,EH_CTPM,8160-110,1,"TPM RS-T1 Not-Halt-Prüfung | RS-T1 Joch+Magn.mont.,Warmverst.,MWGprüf",unknown,8160_W
6071652,1e94e689605fdb95,EH_CTPM,8160-110,1,TPM RS-T1 Endmontage | RS-T1 Endmontage,unknown,8160_W
6066578,4496ac66a4fc3fa9,EH_CTPM,8160-110,1,TPM RS-T1 Schlechtteilablage | RS-T1 Gel dosieren + MWG montieren,unknown,8160_W
6066803,f4990a109eafb59b,EH_CTPM,8160-110,1,TPM RS-T1 Not-Halt-Prüfung | RS-T1 Gel dosieren + MWG montieren,unknown,8160_W
6066810,b45662eece76f4bf,EH_CTPM,8160-110,1,"TPM RS-T1 Gel dosieren, MWG montieren | RS-T1 Gel dosieren + MWG montieren",unknown,8160_W
6065777,979f2a0d93125982,EH_CTPM,8160-110,1,TPM RS-T1 Masseblechmontage | RS-T1 Montage Masseblech,unknown,8160_W
6066577,2d93c16bf1630e83,EH_CTPM,8160-110,1,TPM RS-T1 Schlechtteilablage | RS-T1 Montage Masseblech,unknown,8160_W
6066593,b29581799e169a42,EH_CTPM,8160-110,1,TPM RS-T1 höhenverstellb. Arbeitstisch | RS-T1 Montage Masseblech,unknown,8160_W
6066800,ab98a2d825519753,EH_CTPM,8160-110,1,TPM RS-T1 Ofen | RS-T1 Ofen,unknown,8160_W
6066549,f7243280fe7d3167,EH_CTPM,8160-110,1,TPM RS-T1 Not-Halt-Prüfung | RS-T1 Laserbeschr.+Verpacken mit Zähler,unknown,8160_W
6066573,804f0940f4e6a540,EH_CTPM,8160-110,1,TPM RS-T1 Schlechtteilablage | RS-T1 Laserbeschr.+Verpacken mit Zähler,unknown,8160_W
6066591,668456d7ab125e7e,EH_CTPM,8160-110,1,TPM RS-T1 höhenverstellb. Arbeitstisch | RS-T1 Laserbeschr.+Verpacken mit Zähler,unknown,8160_W
6066809,c3de2f0b891324b4,EH_CTPM,8160-110,1,TPM RS-T1 Laserbeschr.+Verpacken | RS-T1 Laserbeschr.+Verpacken mit Zähler,unknown,8160_W
6066799,1b8a677c0c13ece0,EH_CTPM,8160-110,1,TPM RS-T1 Stickstofflagerschrank | RS-T1 Stickstofflagerschrank,unknown,8160_W
6071654,1b8a677c0c13ece0,EH_CTPM,8160-110,1,TPM RS-T1 Stickstofflagerschrank | RS-T1 Stickstofflagerschrank,unknown,8160_W
6065282,e9094c541362e1ef,EH_CTPM,8160-110,1,TPM RS-T1 Wickeldornpaletten | RS-T1 Wickeldornpaletten,unknown,8160_W
6065283,8caecf3df1d6a3b2,EH_CTPM,8160-110,1,TPM RS-T1 Kartuschenpaletten | RS-T1 Kartuschenpaletten,unknown,8160_W
6067941,a2bd595258e686ab,EH_CTPM,8160-110,1,TPM RS-T1 SGM132 | RS-T1 SGM 132 Spulenkörper spritzen,unknown,8160_W
6075373,801cfbbf084b6b11,EH_CTPM,8160-110,1,TPM Linie 1217 Modul 1 | 1217 Modul 1 Halterfertigung,unknown,8160_W
6072378,dc7b05596e9cd10e,EH_CTPM,8160-110,1,TPM Linie 1217 Modul 2 | 1217 Modul 2 MWG-Fertigung,unknown,8160_W
6075481,ec36d7ecf2d3fe2f,EH_CTPM,8160-110,1,TPM Linie 1217 Modul 3 | 1217 Modul 3 DF-Fertigung,unknown,8160_W
6075462,50a9f5591f35c718,EH_CTPM,8160-110,1,TPM Linie 1217 Modul 4 | 1217 Modul 4 Prüfstand,unknown,8160_W
6075463,799304a718e202c1,EH_CTPM,8160-110,1,TPM Linie 1217 Modul 5 | 1217 Modul 5 Steckerfertigung,unknown,8160_W
6079131,ee1aa49343ea2c93,EH_CTPM,8160-110,1,"TPM L1218, M1 | 1218 Modul 1 Halterfertigung",unknown,8160_W
6080631,d41f7a21b6382c9d,EH_CTPM,8160-110,1,"TPM L1218, M2 | 1218 Modul 2 MWG-Fertigung",unknown,8160_W
6080632,28dac42b1817e1e7,EH_CTPM,8160-110,1,"TPM L1218, M3 | 1218 Modul 3 DF-Fertigung",unknown,8160_W
6080633,ad04440bfae7d599,EH_CTPM,8160-110,1,"TPM L1218, M4 | 1218 Modul 4 Prüfstand",unknown,8160_W
6080634,f77df44397f70209,EH_CTPM,8160-110,1,"TPM L1218, M5 | 1218 Modul 5 Steckerfertigung",unknown,8160_W
6064773,b1cd3a7ed5c70dd4,EH_CTPM,8160-110,1,RS-T1 SGM 65 | SGM65 SELECTA 320S 350 - 60,unknown,8160_W
6082697,c472380f2fdbab97,EH_CTPM,8160-110,1,TPM L1401 M1 Halterfertigung | 1401 Modul 1 Halterfertigung,unknown,8160_W
6103735,c472380f2fdbab97,EH_CTPM,8160-110,1,TPM L1401 M1 Halterfertigung | 1401 Modul 1 Halterfertigung,unknown,8160_W
6081764,24a3ef7a278f32e7,EH_CTPM,8160-110,1,TPM L1401 M2 MWG-Fertigung | 1401 Modul 2 MWG-Fertigung,unknown,8160_W
6085151,d6d829fe2c240075,EH_CTPM,8160-110,1,TPM L1401 M3.1 Sensorfert. A | 1401 Modul 3.1 Sensorfertigung A,unknown,8160_W
6085153,5853f1504343e260,EH_CTPM,8160-110,1,TPM L1401 M3.2 Sensorfert. B | 1401 Modul 3.2 Sensorfertigung B,unknown,8160_W
6084745,105c9b4c9f65170d,EH_CTPM,8160-110,1,TPM L1401 M4.2 Endmont./Prüfen Automatik | 1401 Modul 4.2 Automatikprüfstand A,unknown,8160_W
6090461,e0bf4524f91cd7ce,EH_CTPM,8160-110,1,"TPM L1411 M4.4 Abeitstisch,Beschr.,O-Rin | 1411 Abeitstisch,Beschr.,ORing,Kontrolle",unknown,8160_W
6097538,5fedd83cdbf09a55,EH_CTPM,8160-110,1,TPM L1411 M1.2 Halterfertigung | 1411 Modul 1.2 Halterfertigung,unknown,8160_W
6097181,2e6868be10a2a8db,EH_CTPM,8160-110,1,TPM L1411 M2.2 MWG-Fertigung | 1411 Modul 2.2 MWG-Fertigung,unknown,8160_W
6097739,75b6c06a5b134d56,EH_CTPM,8160-110,1,TPM L1411 M2.5 NTC-Montage | 1411 Modul 2.5 NTC-Montage,unknown,8160_W
6097030,2e494456422bbeb6,EH_CTPM,8160-110,1,TPM L1411 M3.3 Sensorfert. C | 1411 Modul 3.3 Sensorfertigung C,unknown,8160_W
6097531,2e9bb5d132ff6f42,EH_CTPM,8160-110,1,TPM L1411 M4.3 Endmont./Prüfen Automatik | 1411 Modul 4.3 Automatikprüfstand B,unknown,8160_W
6102651,99128a10b013a1b8,EH_CTPM,8160-110,1,TPM L1411 M4.4 POS-Sensor | 1411 Modul 4.4 POS-Sensor,unknown,8160_W
6023812,f426a0415c69e671,EH_CTPM,8160-110,0,4-wöchentlicher TPM Wartungsplan 1302,week,UBK_W1
6035501,d2478db7c4c3bcab,EH_CTPM,8160-110,0,wöchentlicher TPM Wartungsplan Kapaerw.,week,UBK_W1
6092351,91badf1bc131608c,EH_CTPM,8160-110,0,TPM Wartungsplan 1203K,unknown,UBK_W1
6069301,72d20170ff02c5e6,EH_CTPM,8160-110,1,TPM O-Ring-Automat PSA-K0 | 1203K O-Ring-Automat PSA-K0 OA281-250,unknown,8160_W
6103914,e2bb28b10347bc51,EH_CTPM,8160-111,1,TPM L1710 M1 Fa. Eberhard | 1710 NVSw Modul 1 (Fa. Eberhard),unknown,8160_W
6103915,6648bdb26c7718ac,EH_CTPM,8160-111,1,TPM L1710 M2 Fa. Hoyer | 1710 NVSw Modul 2 (Fa. Hoyer),unknown,8160_W
6023811,d327881091b58f42,EH_CTPM,8160-120,0,wöchentlicher TPM Wartungsplan 1303,week,UBK_W1
6020080,48d375cf0b268a48,EH_CTPM,8160-120,0,wöchentlicher TPM Wartungsplan 1103,week,UBK_W1
6092209,7f7092fedb370c90,EH_CTPM,8160-120,0,TPM Wartungsplan 1103,unknown,UBK_W1
6024320,b167d17ab9f1d9fc,EH_CTPM,8160-120,0,wöchentlicher TPM Wartungsplan 1101,week,UBK_W1
6013810,0f8592f4a4318500,EH_CTPM,8160-120,0,wöchentlicher TPM Wartungsplan 1201,week,UBK_W1
6059578,9969fd1741c593ae,EH_CTPM,8160-171,0,wöchentlicher TPM Wartungsplan GCS-KM,week,8160_W
6013316,559ddddc4c2e4640,EH_CTPM,8160-499,1,TPM Wartungsplan Arburg | 1206 SPRITZMASCHINE M50 1200TS400-150,unknown,UBK_W1
6013316,f38d5f5958a06353,EH_CTPM,8160-499,1,TPM Wartungsplan Prüfen & Verpacken | 1206 A52 ENDPRÜFSTAND GDG DF 11/L3,unknown,UBK_W1
6054107,e17c3bbc05221fc9,EH_CTPM,8160-920,1,TPM Wartungsplan Röntgenteam | COS Roentgenanlage VISCOM X 8011-16,unknown,UBK_W1
6055241,0487be84091c95b9,EH_CTPM,8160-920,1,vierteljährl. TPM Wartungsplan Röntgent. | COS Roentgenanlage VISCOM X 8011-16,quarter,UBK_W1
6055242,e17c3bbc05221fc9,EH_CTPM,8160-920,1,TPM Wartungsplan Röntgenteam | COS Roentgenanlage VISCOM X 8011-16,unknown,UBK_W1
6067935,d95b7e3dc30560f2,EH_GEDL,8160-001,1,"Schaltschrank / Filterwechsel Ofen 3M | HFM7, M1, 200+210 Ofen+Beschickung",quarter,8160_W
6050144,9741d2c234fd223c,EH_GEDL,8160-110,0,Elektrik: Wartung Schleppketten 3M,quarter,8160_W
6050558,9741d2c234fd223c,EH_GEDL,8160-110,0,Elektrik: Wartung Schleppketten 3M,quarter,8160_W
6070680,7a445e4d2090d6a5,EH_GEDL,8160-230,0,Staubsaugerwartung Fuchs 1W,week,UBK_W1
6064715,4465b7db9fca50d7,EH_GS01,8160-001,1,Wartungsplan Vakuumpumpe VTLF 500 6M | E122 Vakuumpumpen VTLF 500,half_year,8160_M
6064717,1ab22b8e27703940,EH_GS01,8160-001,1,Wartungsplan Vakuumpumpe VTLF 500 1J | E122 Vakuumpumpen VTLF 500,year,8160_M
6064719,fbe00e32e865783b,EH_GS01,8160-001,1,Wartungsplan Vakuumpumpe VTLF 500 1M | E122 Vakuumpumpen VTLF 500,month,8160_M
6060728,ceb8f2b1660e1eb3,EH_GS01,8160-930,1,Wartungsplan Kaltwasserfilteranlage 1W | E122WF01 Wasserfilteranlage (Bollfilter),week,8160_W
6062268,bdb01cfc2df996e2,EH_GS01,8160-930,1,Wartungsplan Kaltwasserfilteranlage 1M | E122WF01 Wasserfilteranlage (Bollfilter),month,8160_M
6069395,95f408cc0f98b7a2,EH_GS01,8160-930,1,Wartungsplan Kaltwasserfilteranlage 1M | E122WK Medientrennung,month,8160_M
6069397,6a9246cd9a57373d,EH_GS01,8160-930,1,Wartungsplan Kaltwasserfilteranlage 1W | E122WK Medientrennung,week,8160_W
6069396,6fc3750e95c5e53f,EH_GS01,8160-930,1,Wartungsplan Kaltwasserfilteranlage 1M | E123WK Medientrennung,month,8160_M
6069398,6e19442ed4c7efe9,EH_GS01,8160-930,1,Wartungsplan Kaltwasserfilteranlage 1W | E123WK Medientrennung,week,8160_W
6064241,e2e2e1c2e4110ee3,EH_GS01,8160-930,1,"Wartungsplan für Drehkolbengebläse 1W | DREHKOLBENGEBLÄSE GM50L, 35S, 60S",week,8160_W
6064242,c488ad37c820249f,EH_GS01,8160-930,1,"Wartungsplan für Drehkolbengebläse 6M | DREHKOLBENGEBLÄSE GM50L, 35S, 60S",half_year,8160_M
6064243,a1da6a58395122a9,EH_GS01,8160-930,1,"Wartungsplan für Drehkolbengebläse 1J | DREHKOLBENGEBLÄSE GM50L, 35S, 60S",year,8160_M
6064244,d2ec3eb40991e18f,EH_GS01,8160-930,1,"Wartungsplan für Drehkolbengebläse 1M | DREHKOLBENGEBLÄSE GM50L, 35S, 60S",month,8160_M
6069671,0fe44bc697bf755b,EH_GS01,8160-930,1,"Wartungsplan für Drehkolbengebläse 3M | DREHKOLBENGEBLÄSE GM50L, 35S, 60S",quarter,8160_M
6059538,1e0c68f9f90922ca,EH_GS01,8160-930,1,Wartungsplan für Klimaanlagen 1W | Klimaanlagen EH122 TG,week,8160_W
6061734,61608c948dca4cdc,EH_GS01,8160-930,1,monatliche Wartung Klimaanlagen 1M | Klimaanlagen EH122 TG,month,8160_M
6062264,1cf115a4dde03238,EH_GS01,8160-930,1,Wartungsplan für Dampfbefeuchter 1W | Klimaanlagen EH122 TG,week,8160_W
6062265,e44246a632703270,EH_GS01,8160-930,1,Wartung Dampfbefeuchter 6M | Klimaanlagen EH122 TG,half_year,8160_M
6062266,29aac3123638c8d7,EH_GS01,8160-930,1,Wartung Klimaanlagen 1J | Klimaanlagen EH122 TG,year,8160_M
6062267,a06008301456fa46,EH_GS01,8160-930,1,monatliche Wartung Dampfbefeuchter 1M | Klimaanlagen EH122 TG,month,8160_M
6064684,19733ddeecba1098,EH_GS01,8160-930,1,Wartung Dampfbefeuchter 1J | Klimaanlagen EH122 TG,year,8160_M
6067201,5069fa4f76d43e1f,EH_GS01,8160-930,1,Wartung Klimaanlagen 6M | Klimaanlagen EH122 TG,half_year,8160_M
6059424,a5d11ab81560c065,EH_GS01,8160-930,1,Wartung Lüftungsanlagen EH122 TG 1W | Lüftungsanlagen EH122 TG,week,8160_W
6059926,a27272b894763c49,EH_GS01,8160-930,1,monatliche Wartung Lüftunganlagen 1M | Lüftungsanlagen EH122 TG,month,8160_M
6064685,f7d63ef2506db627,EH_GS01,8160-930,1,Wartung Lüftungsanlagen 6M | Lüftungsanlagen EH122 TG,half_year,8160_M
6069472,84089e22c43a703a,EH_GS01,8160-930,1,monatliche Wartung Abluftanlagen 1M | Nebenanlagen - Prozessfortluft EH122 TG,month,8160_M
6069473,c6bfd2c36efdabb4,EH_GS01,8160-930,1,Wartung Abluftanlagen 1J | Nebenanlagen - Prozessfortluft EH122 TG,year,8160_M
6069474,4c465ef672d9d539,EH_GS01,8160-930,1,Wartung Abluftanlagen 6M | Nebenanlagen - Prozessfortluft EH122 TG,half_year,8160_M
6069475,bf00ed27249e5db9,EH_GS01,8160-930,1,Wartung Abluftanlagen 1W | Nebenanlagen - Prozessfortluft EH122 TG,week,8160_W
6064581,a1036bf055bc5c36,EH_GS01,8160-930,1,Wartungsplan Drehschieber-Vakuumpumpe 1W | E122VV01 Vakuumanlage RA0165D/RA0160D,week,8160_W
6064583,a0f90e307442e19d,EH_GS01,8160-930,1,Wartungsplan Drehschieber-Vakuumpumpe 1J | E122VV01 Vakuumanlage RA0165D/RA0160D,year,8160_M
6064584,661b721af68229bd,EH_GS01,8160-930,1,Wartungsplan Drehschieber-Vakuumpumpe 1M | E122VV01 Vakuumanlage RA0165D/RA0160D,month,8160_M
6069451,a1036bf055bc5c36,EH_GS01,8160-930,1,Wartungsplan Drehschieber-Vakuumpumpe 1W | E122VV01 Vakuumanlage RA0165D/RA0160D,week,8160_W
6069452,6b0bd446963d96cc,EH_GS01,8160-930,1,Wartungsplan Drehschieber-Vakuumpumpe 6M | E122VV01 Vakuumanlage RA0165D/RA0160D,half_year,8160_M
6069453,a0f90e307442e19d,EH_GS01,8160-930,1,Wartungsplan Drehschieber-Vakuumpumpe 1J | E122VV01 Vakuumanlage RA0165D/RA0160D,year,8160_M
6069454,661b721af68229bd,EH_GS01,8160-930,1,Wartungsplan Drehschieber-Vakuumpumpe 1M | E122VV01 Vakuumanlage RA0165D/RA0160D,month,8160_M
6064714,83620f2ff0a2e2ab,EH_GS01,8160-930,1,Wartungsplan Drehschieber-Vakuumpumpe 1W | E122 Vakuumpumpe VTLF 500 ZWD Schüttels.,week,8160_W
6064716,dfca64216e4d4466,EH_GS01,8160-930,1,Wartungsplan Vakuumpumpe VTLF 500 6M | E122 Vakuumpumpe VTLF 500 ZWD Schüttels.,half_year,8160_M
6064718,a5aa8fffbb212ad1,EH_GS01,8160-930,1,Wartungsplan Vakuumpumpe VTLF 500 1J | E122 Vakuumpumpe VTLF 500 ZWD Schüttels.,year,8160_M
6064720,0b955b9e9242fef9,EH_GS01,8160-930,1,Wartungsplan Vakuumpumpe VTLF 500 1M | E122 Vakuumpumpe VTLF 500 ZWD Schüttels.,month,8160_M
6051835,50effdc55e9d7055,EH_GTPM,8160-920,0,monatlicher TPM WP COS Team Dörfler,month,8160_W
6056063,50effdc55e9d7055,EH_GTPM,8160-920,0,monatlicher TPM WP COS Team Dörfler,month,8160_M
6092249,50effdc55e9d7055,EH_GTPM,8160-920,0,monatlicher TPM WP COS Team Dörfler,month,8160_M
6023917,0d40119445892f23,EH_GTPM,8160-920,0,TPM Wartungsplan HTV-T 4W,week,UBK_W1
6051681,c547dd47b7ec1128,EH_GTPM,8160-920,0,monatlicher TPM WP COS Team Mühlbach,month,8160_W
6056062,c547dd47b7ec1128,EH_GTPM,8160-920,0,monatlicher TPM WP COS Team Mühlbach,month,8160_M
6057579,953bfb9596e92c6b,EH_GTPM,8160-920,0,test,unknown,8160_M
6092647,c547dd47b7ec1128,EH_GTPM,8160-920,0,monatlicher TPM WP COS Team Mühlbach,month,8160_M
6051836,8c9787b4a3c746e1,EH_GTPM,8160-920,0,monatlicher TPM WP COS Team Jaeger,month,8160_W
6056064,8c9787b4a3c746e1,EH_GTPM,8160-920,0,monatlicher TPM WP COS Team Jaeger,month,8160_M
6092233,c547dd47b7ec1128,EH_GTPM,8160-920,0,monatlicher TPM WP COS Team Mühlbach,month,8160_M
6112698,02d727dcb3d7ed4d,EH_LS01,8160-970,0,Abschmierung FFZ (Still Stapler) 2M,month,8160_M
6067846,f856b739b452b122,EH_LS01,8160-970,1,Wartung Umreifungsmaschine 2/4W | Umreifungsmaschine Ergo Pack LOG 2.2,week,8160_W
6075613,af063f10bb9cedcf,EH_LS01,8160-970,1,Wartung Umreifungsmaschine 2/4W | Umreifungsmaschine Ergo Pack 2 LOG 2.2,week,8160_W
6093157,d44d666844888bc4,EH_LS01,8160-970,1,Wartung Umreifungsmaschine 2/4W | Umreifungsmaschine Ergo Pack 103 2021,week,8160_W
6067847,63d5a72b28d19ffd,EH_LS01,8160-970,1,Wartung Umreifungsmaschine 2/4W | Umreifungsmasch. Ergo Pack 1 LOG2.3 H123,week,8160_W
6067848,d329f4ed31b566b3,EH_LS01,8160-970,1,Wartung Umreifungsmaschine 2/4W | Umreifungsmasch. Ergo Pack 2 LOG2.3 H123,week,8160_W
6071547,b8a0a36d3db8a8b5,EH_LS01,8160-970,0,Wartung Klebestreifengeber 1W,week,8160_W
6076990,4ee8bf274ac31149,EH_LS01,8160-970,1,Wartung intern 4W | A-Mate Gerät L.E.A,week,UBK_W1
6103283,2a8140a93c3d9adc,EH_LS01,8160-970,1,Jahreswartung Hartwall 1J | A-Mate Gerät L.E.A,year,8160_W
6077008,ad354696ab85e17d,EH_LS01,8160-970,1,Wartung intern 4W | A-Mate Gerät M.I.L.O.,week,UBK_W1
6104021,a5ef7bc997ae3b6b,EH_LS01,8160-970,1,Jahreswartung Hartwall 1J | A-Mate Gerät M.I.L.O.,year,8160_W
6101775,0521c12c20827a20,EH_LS01,8160-970,1,Wartung Umreifungsmaschine 2/4W | Ergo Pack autom. Umreifer 726X H108,week,8160_W
6101777,0521c12c20827a20,EH_LS01,8160-970,1,Wartung Umreifungsmaschine 2/4W | Ergo Pack autom. Umreifer 726X H108,week,8160_W
6101787,87a5a3a39089e758,EH_LS01,8160-970,1,Wartung Umreifungsmaschine 2/4W | Ergo Pack 745X m. Zubehör H108,week,8160_W
6108523,5cf4ce58e017cb84,EH_LS01,8160-970,1,Wartung intern 4W | A-Mate Gerät T.O.N.I.,week,UBK_W1
6108525,5afdec91039eaa3f,EH_LS01,8160-970,1,Jahreswartung Hartwall 1J | A-Mate Gerät T.O.N.I.,year,8160_W
6108524,54538d2213c33821,EH_LS01,8160-970,1,Wartung intern 4W | A-Mate Gerät R.O.M.Y.,week,UBK_W1
6108526,3a88ce48a5afa1ef,EH_LS01,8160-970,1,Jahreswartung Hartwall 1J | A-Mate Gerät R.O.M.Y.,year,8160_W
6024961,a72d2ec713e27640,EH_LTPM,8160-970,0,wöchentl. TPM - Wartungsplan Lager,unknown,UBK_W1
6092074,d73ea043d0fe1a48,EH_LTPM,8160-970,0,Zusatzwartung TPM Lager 1J,year,UBK_W1
6027770,32114cc6e04c30a0,EH_LTPM,8160-970,0,Zusatzwartungsplan Nr.1 für Fa. Hörmann,unknown,UBK_W1
6027771,c5c9cf9c49903958,EH_LTPM,8160-970,0,Zusatzwartungsplan Nr.2 für Fa. Hörmann,unknown,UBK_W1
6027772,5d212e36f3f1c288,EH_LTPM,8160-970,0,Zusatzwartungsplan Nr.3 für Fa. Hörmann,unknown,UBK_W1
6027773,19c9c1bb102094b2,EH_LTPM,8160-970,0,Zusatzwartungsplan Nr.4 für Fa. Hörmann,unknown,UBK_W1
6027774,24ad31390bc747e7,EH_LTPM,8160-970,0,Zusatzwartungsplan Nr.5 für Fa. Hörmann,unknown,UBK_W1
6027775,e70a7a53447d48c6,EH_LTPM,8160-970,0,Zusatzwartungsplan Nr.6 für Fa. Hörmann,unknown,UBK_W1
6027776,c360da7f047fe94e,EH_LTPM,8160-970,0,Zusatzwartungsplan Nr.7 für Fa. Hörmann,unknown,UBK_W1
6027777,24357ff99cd8a6e6,EH_LTPM,8160-970,0,Zusatzwartungsplan Nr.8 für Fa. Hörmann,unknown,UBK_W1
6027778,e9bb7d2116fb1752,EH_LTPM,8160-970,0,Zusatzwartungsplan Nr.9 für Fa. Hörmann,unknown,UBK_W1
6027779,420e3574a052b508,EH_LTPM,8160-970,0,Zusatzwartungsplan Nr.10 für Fa. Hörmann,unknown,UBK_W1
6027780,958910edda2745a4,EH_LTPM,8160-970,0,Zusatzwartungsplan Nr.11 für Fa. Hörmann,unknown,UBK_W1
6027781,13c55c32e1485800,EH_LTPM,8160-970,0,Zusatzwartungsplan Nr.12 für Fa. Hörmann,unknown,UBK_W1
6027782,45f4f6e5ba7000a5,EH_LTPM,8160-970,0,Zusatzwartungsplan Nr.13 für Fa. Hörmann,unknown,UBK_W1
6027783,c3252eb397c1fd3e,EH_LTPM,8160-970,0,Zusatzwartungsplan Nr.14 für Fa. Hörmann,unknown,UBK_W1
6027784,11606de09cef1903,EH_LTPM,8160-970,0,Zusatzwartungsplan Nr.15 für Fa. Hörmann,unknown,UBK_W1
6027785,59cf2eeb582caf22,EH_LTPM,8160-970,0,Zusatzwartungsplan Nr.16 für Fa. Hörmann,unknown,UBK_W1
6027786,71f9960e9885b523,EH_LTPM,8160-970,0,Zusatzwartungsplan Nr.17 für Fa. Hörmann,unknown,UBK_W1
6027787,f71641be1d9ce33c,EH_LTPM,8160-970,0,Zusatzwartungsplan Nr.18 für Fa. Hörmann,unknown,UBK_W1
6027788,3ea13554cf4a1fa8,EH_LTPM,8160-970,0,Zusatzwartungsplan Nr.19 für Fa. Hörmann,unknown,UBK_W1
6027789,995e7aca444e66c6,EH_LTPM,8160-970,0,Zusatzwartungsplan Nr.20 für Fa. Hörmann,unknown,UBK_W1
6031810,54699ad0a5d46d78,EH_LTPM,8160-970,0,Zusatzwartungsplan Nr.21 für Fa. Hörmann,unknown,UBK_W1
6031811,a9c55a0ad69b8844,EH_LTPM,8160-970,0,Zusatzwartungsplan Nr.22 für Fa. Hörmann,unknown,UBK_W1
6031812,c1a4950b98de33a2,EH_LTPM,8160-970,0,Zusatzwartungsplan Nr.23 für Fa. Hörmann,unknown,UBK_W1
6031813,94372789336698a3,EH_LTPM,8160-970,0,Zusatzwartungsplan Nr.24 für Fa. Hörmann,unknown,UBK_W1
6032135,ba1d62e6e4eafa56,EH_LTPM,8160-970,0,wöchentl. TPM - Wartungsplan Packpool,unknown,UBK_W1
6085171,ba1d62e6e4eafa56,EH_LTPM,8160-970,0,wöchentl. TPM - Wartungsplan Packpool,unknown,UBK_W1
6092075,d9526bdc765907e6,EH_LTPM,8160-970,0,Zusatzwartung TPM Packpool 1J,year,UBK_W1
6105367,b578d03aa62d70b2,EH_LTPM,8160-970,0,wöch. TPM - Wartungsplan Warenausgang,unknown,8160_W
6077014,cd9d6dad9ad703c8,EH_LZ68,8160-001,1,Kontrolle Refillomat und Abfuelldosen 6M | Spray Abfuellstation Wuerth,half_year,UBK_W1
6052013,4b2198a82f051664,EH_NOHL,8160-110,1,WT-Wartung Linie 1104 26W | 1104 SCHWEISSAUTOMAT,week,UBK_W1
6040622,6f7b83e52708a37f,EH_NOHL,8160-110,1,WT-Wartung Linie 1104 52W | 1104 MARSILLI-WICKELSTRECKE,week,UBK_W1
6063505,af63da117b0cee3f,EH_NOHL,8160-230,1,"Mechanik Aufnahmen Gehäuseschweißen 4W | RDS4/KV4 L1,SCHWEIßEN STECKER",week,8160_W
6063504,6a24e58c6590250e,EH_NOHL,8160-230,1,Mechanik Aufnahmen Gehäuseschweißen 8W | RDS4/KV4 L2 Schweißen Gehäuse,week,8160_W
6063506,75a2bdba5dacd23d,EH_NOHL,8160-230,1,Mechanik Aufnahmen Gehäuseschweißen 3W | RDS4/KV4 L4 Schweißen Gehäuse,week,8160_W
6093208,c5060eb9c3cc40cc,EH_NOHL,8160-280,0,Prüfung Magazine SMD zur Reparatur 1W,week,UBK_W1
6065050,181633e4992a216f,EH_NOHL,8160-330,0,WT Wartung IPH 1J,year,8160_W
6061031,1fd59487cb49915b,EH_NOHL,8160-330,0,WT Wartung (kleine WT) HFM8 Modul 1,unknown,8160_M
6065441,c42c7f318d1ac3ab,EH_NOHL,8160-330,0,WT Wartung (große WT) HFM8 Modul 1 6M,half_year,8160_M
6061032,a438b64ea551efb5,EH_NOHL,8160-330,0,WT Wartung (kleine WT) HFM7 Modul 2,unknown,8160_M
6065442,efe881ef3cb6a5fd,EH_NOHL,8160-330,0,WT Wartung (große WT) HFM7 Modul 2 6M,half_year,8160_M
6061033,dc0f062db3497775,EH_NOHL,8160-330,0,WT Wartung (kleine WT) HFM7 Modul 3,unknown,8160_M
6065443,daef0d0106367f69,EH_NOHL,8160-330,0,WT Wartung (große WT) HFM7 Modul 3 6M,half_year,8160_M
6061034,60be36508f0183e7,EH_NOHL,8160-330,0,WT Wartung (kleine WT) HFM7 Modul 4,unknown,8160_M
6065444,b3bfc435bcab0ded,EH_NOHL,8160-330,0,WT Wartung (große WT) HFM7 Modul 4 6M,half_year,8160_M
6085803,7367b3bcf1d16ebf,EH_NOHL,8160-330,0,WT Wartung (kleine WT) HFM7 Modul 5,unknown,8160_M
6085805,7b4fdd17f3f0eaa1,EH_NOHL,8160-330,0,WT Wartung (große WT) HFM7 Modul 5 6M,half_year,8160_M
6047443,80f11e9da87f5ffc,EH_NOHL,8160-350,0,WT-Wartung Linie DSS3 L1 182T,day,UBK_W1
6047442,2b14dfb6f8fa4b0b,EH_NOHL,8160-350,0,WT-Wartung Linie DSS3 L2 182T,day,UBK_W1
6047441,c4b6b928793fc43d,EH_NOHL,8160-350,0,WT-Wartung Linie DSS3 L3 182T,day,UBK_W1
6050122,fe1664864cb807fc,EH_NOHL,8160-350,0,WT-Wartung Linie DSS3 L4 182T,day,UBK_W1
6050123,46a4c7e21073631a,EH_NOHL,8160-350,0,WT-Wartung Linie DSS3 L5 182T,day,UBK_W1
6050124,a42a04bee662a6e4,EH_NOHL,8160-350,0,WT-Wartung Linie DSS3 L6 182T,day,UBK_W1
6069486,23bf87b47ab525cb,EH_NOHL,8160-350,0,WT-Wartung Linie DSS3 L7 182T,day,UBK_W1
6100371,ef3997896b4768d9,EH_NOHL,8160-380,1,WT Wartung PFM Leiterplatte 1J | PFM: Werkstückträger Leiterplatte,year,8160_W
6013744,17fa9353e091f184,EH_SLEAD,8160-320,0,wöchtl.TPM Wartungsplan HFM5 Linie 3,unknown,UBK_W1
6092254,17fa9353e091f184,EH_SLEAD,8160-320,0,wöchtl.TPM Wartungsplan HFM5 Linie 3,unknown,UBK_W1
6019452,4d9d5e19983fbc56,EH_SLEAD,8160-320,0,wöchtl. Wartungsplan HFM5 Kompl4,unknown,UBK_W1
6030034,ddcbf384c93d1016,EH_SLEAD,8160-320,0,wöchtl. Wartungsplan HFM5 Kompl KS,unknown,UBK_W1
6077011,bd0f9997b49b0626,EH_SS01,8160-230,1,Elektrik 1J | RDS4 Verpress / Verstemmstation,year,UBK_W1
6094764,6e25b39b3e3e3f0c,EH_SS01,8160-230,1,Elektrik 4W | MPS1 L1 St.220 EM HT- Abgleich,week,8160_W
6098291,0f466ab382f9cc7e,EH_SS01,8160-230,1,Elektrik 4W | MPS1 L2 St.220 HT-Abgleich Kennlinie,week,8160_W
6069201,b85d7726d99f0537,EH_SS01,8160-230,1,Elektrik 4W | MPS1 L3 St.205-215 Abgleichtestsystem,week,8160_W
6107731,b85d7726d99f0537,EH_SS01,8160-230,1,Elektrik 4W | MPS1 L3 St.205-215 Abgleichtestsystem,week,8160_W
6080080,a958748b17d20a2b,EH_SS01,8160-260,1,Elektrik 6M | Hybrid L3 Siplace SX,half_year,8160_W
6080131,52ae029b4af6edc0,EH_SS01,8160-260,1,Elektrik 3M | Hybrid L3 Siplace SX,quarter,8160_W
6103866,cd19ac7f84db7b13,EH_SS01,8160-280,1,"Elektrik 6M | LP4, 2113 ASM-SX1 V3 Siplace Folie",half_year,8160_W
6103867,7ebe5d5315afdf61,EH_SS01,8160-280,1,"Elektrik 3M | LP4, 2113 ASM-SX1 V3 Siplace Folie",quarter,8160_W
6103837,6fa814e5e1872058,EH_SS01,8160-280,1,"Elektrik 6M | LP4, 2140 ASM-SX2 V3 Siplace 1",half_year,8160_W
6103838,9ceda398b2f1cd3a,EH_SS01,8160-280,1,"Elektrik 3M | LP4, 2140 ASM-SX2 V3 Siplace 1",quarter,8160_W
6103931,543ee75789651fb3,EH_SS01,8160-280,1,"Elektrik 6M | LP4, 2140 ASM-SX2 V3 Siplace 2",half_year,8160_W
6103932,e3c6cfb289bef06d,EH_SS01,8160-280,1,"Elektrik 3M | LP4, 2140 ASM-SX2 V3 Siplace 2",quarter,8160_W
6103955,04acdcd8a2f9c72c,EH_SS01,8160-280,1,"Elektrik 6M | LP4, 2140 ASM-SX2 V3 Siplace 3",half_year,8160_W
6103956,81da3d6b7cd2d906,EH_SS01,8160-280,1,"Elektrik 3M | LP4, 2140 ASM-SX2 V3 Siplace 3",quarter,8160_W
6103959,89d185a79bfeda7d,EH_SS01,8160-280,1,"Elektrik 6M | LP4, 2140 ASM-SX2 V3 Siplace 4",half_year,8160_W
6103960,83ba78e58d2bb887,EH_SS01,8160-280,1,"Elektrik 3M | LP4, 2140 ASM-SX2 V3 Siplace 4",quarter,8160_W
6079888,876c22755b4ccbf5,EH_SS01,8160-280,1,"Elektrik 6M | LP6, 2140 ASM-SX2 V2 Siplace 5",half_year,8160_W
6079890,fb6e79b057ad424e,EH_SS01,8160-280,1,"Elektrik 3M | LP6, 2140 ASM-SX2 V2 Siplace 5",quarter,8160_W
6079889,2cf2c37cc82df6d3,EH_SS01,8160-280,1,"Elektrik 6M | LP6, 2140 ASM-SX2 V2 Siplace 4",half_year,8160_W
6079911,aed35bd6cdeb9ccf,EH_SS01,8160-280,1,"Elektrik 3M | LP6, 2140 ASM-SX2 V2 Siplace 4",quarter,8160_W
6095064,9552de8ff7b5ee12,EH_SS01,8160-280,1,"Elektrik 6M | LP6, 2140 ASM-SX2 V3 Siplace 2",half_year,8160_W
6095065,5588be63024f65b2,EH_SS01,8160-280,1,"Elektrik 3M | LP6, 2140 ASM-SX2 V3 Siplace 2",quarter,8160_W
6095068,ebf8f48940a2e0f4,EH_SS01,8160-280,1,"Elektrik 6M | LP6, 2140 ASM-SX2 V3 Siplace 3",half_year,8160_W
6095069,3fdb394218c0ae76,EH_SS01,8160-280,1,"Elektrik 3M | LP6, 2140 ASM-SX2 V3 Siplace 3",quarter,8160_W
6105076,8b740b806788e9b4,EH_SS01,8160-280,1,"Elektrik 6M | LP6, Siplace Bestückautomat -1",half_year,8160_W
6105077,d446ee7f32b4d18c,EH_SS01,8160-280,1,"Elektrik 3M | LP6, Siplace Bestückautomat -1",quarter,8160_W
6066561,b06f7fbe9dc77862,EH_SS01,8160-280,1,Elektrik 1J | SMD L7 Siplace 2 SX2,year,8160_W
6067832,8c62631f77619904,EH_SS01,8160-280,1,Elektrik 3M | SMD L7 Siplace 3 SX2,quarter,8160_W
6067833,c18e172a84865609,EH_SS01,8160-280,1,Elektrik 6M | SMD L7 Siplace 3 SX2,half_year,8160_W
6083822,64f59f512045df8c,EH_SS01,8160-280,1,"Elektrik 3M | LP7, 2140 ASM-SX2 V2 Siplace 1",quarter,8160_W
6083823,ffd07822ba5323ec,EH_SS01,8160-280,1,"Elektrik 6M | LP7, 2140 ASM-SX2 V2 Siplace 1",half_year,8160_W
6091587,f48ec7077044a11a,EH_SS01,8160-330,1,"Filter Sauger wechseln 1J | HFM8, M1 St.1220 Fuchs Sauger",year,8160_W
6108147,f48ec7077044a11a,EH_SS01,8160-330,1,"Filter Sauger wechseln 1J | HFM8, M1 St.1220 Fuchs Sauger",year,8160_W
6058302,36c45336fea83a97,EH_SS01,8160-330,1,Wartung Plasmaanlage 1M | HFM8 M4 St. 1.1 Niederdruckplasma,month,UBK_W1
6064263,bc3a107c68b39b79,EH_SS01,8160-330,1,Elektrik Plasmaanlage 6M | HFM8 M4 St. 1.1 Niederdruckplasma,half_year,UBK_W1
6092925,b31b6423d659ee39,EH_SS01,8160-330,1,"Filter Sauger wechseln 1J | HFM8 M5, St.1215 Absaugung Fuchs",year,8160_W
6108156,b31b6423d659ee39,EH_SS01,8160-330,1,"Filter Sauger wechseln 1J | HFM8 M5, St.1215 Absaugung Fuchs",year,8160_W
6067913,1d61b8e6cb3a6e61,EH_SS01,8160-350,1,"Filter Sauger wechseln 6M | DSS3, L4, 40, Laserbeschriften Deckel",half_year,8160_W
6067914,baff75dc79f69859,EH_SS01,8160-350,1,"Filter Sauger wechseln 6M | DSS3, L5, 40, Laserbeschriften Deckel",half_year,8160_W
6067915,6e7c8001789d335f,EH_SS01,8160-350,1,"Filter Sauger wechseln 6M | DSS3, L6, 40, 1467 Filtergerät Fuchs",half_year,8160_W
6089730,2616df45514fa233,EH_SS01,8160-380,1,Elektrik Plasmaanlage 6M | PFM: 150: Plasmaaktivierung,half_year,UBK_W1
6067916,3f4340df0006f3c6,EH_SS02,8160-001,1,Austausch Wasser Laser 6M | RDS4/KV4 L4 Schweißen Sensorelement,half_year,8160_W
6062133,a28f17aece3a2493,EH_SS02,8160-230,1,Wartungsplan Infotech Vergelen 1M/3M | HPS L1-6 Versuchsanalyse Gel Dispenser,multiple,UBK_W1
6067835,972fdfb7765030fa,EH_SS02,8160-230,1,"Schmierung Testsystem 2M | RDS4/KV4 L1,KENNLINIENABGL. TESTSYSTEM",month,8160_W
6108101,ae5d3bec5f7c2c54,EH_SS02,8160-230,1,Wartung Hormec Mischer 2W | RDS4/KV4 L2 Vergelen ASIC 1,week,8160_W
6108102,3b655ac08dd0e87c,EH_SS02,8160-230,1,Wartung Hormec Mischer 2W | RDS4/KV4 L2 Vergelen ASIC 2,week,8160_W
6067836,6f73b59b22320abf,EH_SS02,8160-230,1,Schmierung Testsystem 8W | RDS4/KV4 L2 HT/RT Abgleich Testsystem,week,8160_W
6107993,df1045e4870bb6cc,EH_SS02,8160-230,1,Wartung Hormec Mischer 2W | RDS4/KV4 L4 Vergelen ASIC,week,8160_W
6108106,df1045e4870bb6cc,EH_SS02,8160-230,1,Wartung Hormec Mischer 2W | RDS4/KV4 L4 Vergelen ASIC,week,8160_W
6108107,df1045e4870bb6cc,EH_SS02,8160-230,1,Wartung Hormec Mischer 2W | RDS4/KV4 L4 Vergelen ASIC,week,8160_W
6108108,df1045e4870bb6cc,EH_SS02,8160-230,1,Wartung Hormec Mischer 2W | RDS4/KV4 L4 Vergelen ASIC,week,8160_W
6067838,0519ef37daee0323,EH_SS02,8160-230,1,Schmierung Testsystem 8W | RDS4/KV4 L4 HT/RT Abgleich Testsystem,week,8160_W
6083770,210339bd11d4b469,EH_SS02,8160-230,1,wöchentliche Wartung Druck Controller 1W | RDS4/KV4 L4 HT/RT Abgleich Testsystem,week,UBK_W1
6081591,8a350d66289d85d3,EH_SS02,8160-230,1,Mechanik Schmierung KML/LHP Achsen 12W | RDS4/KV4 L4 LHP3 Schweißstation,week,8160_W
6097213,cedc966f4ada89f5,EH_SS02,8160-230,1,Reinigung Schlauch Absaugung 1W | RDS4/KV4 L4 LHP3 Schweißstation,week,UBK_W1
6099214,cedc966f4ada89f5,EH_SS02,8160-230,1,Reinigung Schlauch Absaugung 1W | RDS4/KV4 L4 LHP3 Schweißstation,week,UBK_W1
6091757,b1edbc918253ec99,EH_SS02,8160-230,1,Mechanik Microcentric-Aufnahmen 1W | HPS L4 2210 Montage Sensorelement,week,8160_W
6089473,7e883c9a06f67204,EH_SS02,8160-230,1,wöchentliche Wartung Druck Controller 1W | RDS4/KV4 L4 Loccion Druckcontroller,week,UBK_W1
6094494,400c770e9815abd0,EH_SS02,8160-230,1,Wartung Klebepadspender K1 1J | HPS L4 Klebepadspender K3,year,UBK_M1
6083792,7c549de8aea9dee4,EH_SS02,8160-230,1,Entfernen der Schweißstäube Absaugung 4W | HPS L4 2220 Heften / Schw. / Nahtinsp.,week,8160_W
6081595,9f6e3836941e6161,EH_SS02,8160-230,1,Entfernen der Schweißstäube Absaugung 4W | HPS L4 2230 Montage SK & Druckstutzen,week,UBK_W1
6095045,ad1180107c7d38a6,EH_SS02,8160-230,1,Gehäuseschweißen SK 4W | HPS L4 2230 Montage SK & Druckstutzen,week,8160_W
6081596,b2d1d77cea6abd33,EH_SS02,8160-230,1,Entfernen der Schweißstäube Absaugung 4W | HPS L4 2240 Nahtinspektion,week,UBK_W1
6094492,e56c17877a16b876,EH_SS02,8160-230,1,Wartung Klebepadspender K1 1J | HPS L4 Klebepadspender K1,year,UBK_M1
6094493,f17329cd3e60dce8,EH_SS02,8160-230,1,Wartung Klebepadspender K1 1J | HPS L4 Klebepadspender K2,year,UBK_M1
6077012,6fd6c941336c548c,EH_SS02,8160-230,1,Mechanik 6M | RDS4 Verpress / Verstemmstation,half_year,UBK_W1
6077013,70065663e7a3272d,EH_SS02,8160-230,1,Mechanik 1J | RDS4 Verpress / Verstemmstation,year,UBK_W1
6086351,d4be0ffbc705513d,EH_SS02,8160-230,1,Mech.Schmierung R+K Achse 1J | RDS4 Verpress / Verstemmstation,year,UBK_W1
6067837,02ad27b3360f91ed,EH_SS02,8160-230,1,Schmierung Testsystem 8W | RDS4/KV4 L3 HT/RT Abgleich Testsystem,week,8160_W
6108000,16844eca518383c1,EH_SS02,8160-230,1,Wartung Hormec Mischer 2W | RDS4/KV4 L3 Vergelen ASIC,week,8160_W
6094496,efe7df47d6f899e7,EH_SS02,8160-230,1,Wartung Klebepadspender K1 1J | HPS L3 Klebepadspender K1,year,UBK_M1
6094497,5788d446b994b182,EH_SS02,8160-230,1,Wartung Klebepadspender K1 1J | HPS L3 Klebepadspender I1,year,UBK_M1
6094498,d0b5cd0a77ba6380,EH_SS02,8160-230,1,Wartung Klebepadspender K1 1J | HPS L3 Klebepadspender I2,year,UBK_M1
6104390,cb80df25d64dd495,EH_SS02,8160-230,1,wöchentliche Wartung Druck Controller 1W | HPS L5 Loccioni Druckcontroller,week,UBK_W1
6091759,5b5e4a9efcdf7faf,EH_SS02,8160-230,1,Mechanik Microcentric-Aufnahmen 4W | HPS L5 2210 Laser Schweißen SE,week,8160_W
6083791,e6ee1d10b2bdaccb,EH_SS02,8160-230,1,Entfernen der Schweißstäube Absaugung 4W | HPS L5 2220 Schweißnahtkontrolle,week,8160_W
6077003,cb80df25d64dd495,EH_SS02,8160-230,1,wöchentliche Wartung Druck Controller 1W | HPS L5 Loccioni Druckcontroller,week,UBK_W1
6089472,cb80df25d64dd495,EH_SS02,8160-230,1,wöchentliche Wartung Druck Controller 1W | HPS L5 Loccioni Druckcontroller,week,UBK_W1
6013812,98a6df752d5dde3c,EH_SS02,8160-230,1,Reinigung Schlauch Absaugung 1W | HPS L5 LHP 1 / Schweißen Seckskant,week,UBK_W1
6067834,13de6789a421fbc4,EH_SS02,8160-230,1,Mechanik Schmierung KML/LHP Achsen 12W | HPS L5 LHP 1 / Schweißen Seckskant,week,8160_W
6071545,dafc917e95f57fd8,EH_SS02,8160-230,1,Entfernen der Schweißstäube Absaugung 4W | HPS L5 LHP 1 / Schweißen Seckskant,week,8160_W
6106971,e85bb42561d7523e,EH_SS02,8160-230,1,Prüfung der Antriebseinheiten 6M | HPS L5 LHP 1 / Schweißen Seckskant,half_year,8160_W
6094389,bdc976099124cbb2,EH_SS02,8160-230,1,Wartung Klebepadspender K1 1J | HPS L5 Klebepadspender K1,year,UBK_M1
6094491,0612869e8bfd05d4,EH_SS02,8160-230,1,Wartung Klebepadspender K1 1J | HPS L5 Klebepadspender K3,year,UBK_M1
6071546,1535cba6ffa1c170,EH_SS02,8160-230,1,Entfernen der Schweißstäube Absaugung 4W | HPS L5 2240 Schweißnahtkontrolle,week,8160_W
6069194,09b5b44aacf5f134,EH_SS02,8160-230,1,Wartung Hormec Mischer 2W | HPS L5 2050 Vergelen SE / dynam. NTC,week,8160_W
6107992,09b5b44aacf5f134,EH_SS02,8160-230,1,Wartung Hormec Mischer 2W | HPS L5 2050 Vergelen SE / dynam. NTC,week,8160_W
6067839,3f509f6f59db1743,EH_SS02,8160-230,1,Schmierung Testsystem 8W | HPS L5 2080 Testsystem MAE,week,8160_W
6106650,2279b1f3aa670633,EH_SS02,8160-230,1,Instandsetzung Spannvorrichtung 3W | Trennmaschine Labotom 5,week,8160_W
6094390,17eee9bf689206f4,EH_SS02,8160-230,1,Wartung Klebepadspender K1 1J | HPS L5 Klebepadspender K2,year,UBK_M1
6106681,b0eeb3ab2fa530bd,EH_SS02,8160-230,1,Instandsetzung Spannvorrichtung 3W | Secotom_60 Präzisionstrennmaschine,week,8160_W
6071896,91e6d801e3a98cf7,EH_SS02,8160-230,1,Mechanik Schmierung KML/LHP Achsen 12W | HPS L6 LHP 2 Schweißkomplex,week,8160_W
6097212,ca08305d206d8bf9,EH_SS02,8160-230,1,Reinigung Schlauch Absaugung 1W | HPS L6 LHP 2 Schweißkomplex,week,UBK_W1
6091758,9e43769877455022,EH_SS02,8160-230,1,Mechanik Microcentric-Aufnahmen 4W | HPS L6 St.2210 SE + GWS schweissen,week,8160_W
6076988,8f367f2eb5ad4913,EH_SS02,8160-230,1,Entfernen der Schweißstäube Absaugung 4W | HPS L6 St.2230 SK zuführen & schweissen,week,UBK_W1
6076989,b58ea714c1a06604,EH_SS02,8160-230,1,Entfernen der Schweißstäube Absaugung 4W | HPS L6 St.2240 Nahtinspektion & Bürsten,week,UBK_W1
6094495,78b5bc12fbb5595e,EH_SS02,8160-230,1,Wartung Klebepadspender K1 1J | HPS L6 Klebepadspender K1,year,UBK_M1
6077004,8da173a5e80829f4,EH_SS02,8160-230,1,wöchentliche Wartung Druck Controller 1W | HPS L6 Loccioni Druckcontroller,week,UBK_W1
6083228,025cb58066b241ff,EH_SS02,8160-230,1,Wartung Hormec Mischer 2W | HPS L6 Vergelen SE,week,8160_W
6107991,025cb58066b241ff,EH_SS02,8160-230,1,Wartung Hormec Mischer 2W | HPS L6 Vergelen SE,week,8160_W
6086252,74caca2bf34e9a30,EH_SS02,8160-230,1,Wartung Bohrautomat 2W | HPS L6 Bohrautomat RPS,week,UBK_W1
6103033,74caca2bf34e9a30,EH_SS02,8160-230,1,Wartung Bohrautomat 2W | HPS L6 Bohrautomat RPS,week,UBK_W1
6094752,2f2b4bdee6cdf935,EH_SS02,8160-230,1,Wartungsplan Vergelen 1M/3M | MPS1 L1 St.180 EM vergelen Chip,multiple,UBK_W1
6108105,7ca01b5670bc9115,EH_SS02,8160-230,1,Wartung Hormec Mischer 1W | MPS1 L1 St.180 EM vergelen Chip,week,8160_W
6094763,7a627f84d5ba7e3e,EH_SS02,8160-230,1,Filterreinigung Kühlwasser 3W | MPS1 L1 St.220 EM HT- Abgleich,week,8160_W
6094722,6d0467ba2367e41e,EH_SS02,8160-230,1,Mechanik Montage Dichtscheibe 2M | MPS1 L1 St.260 EM Dichtelemente-Montage,month,8160_W
6107712,ce4595f0679fc92c,EH_SS02,8160-230,1,Filterreinigung Kühlwasser 3W | MPS1 L2 St.112 Automatische NTC Montage,week,8160_W
6098303,2fbbe2060bed2ebf,EH_SS02,8160-230,1,Wartungsplan Infotech Vergelen 1M/3M | MPS1 L2 St.180 Vergelen,multiple,UBK_W1
6098292,cfdfe95c984cb464,EH_SS02,8160-230,1,Filterreinigung Kühlwasser 3W | MPS1 L2 St.220 HT-Abgleich Kennlinie,week,8160_W
6098320,87f869d2c3f37079,EH_SS02,8160-230,1,Mechanik Montage Dichtscheibe 2M | MPS1 L2 St.260 Montage Dichtelement,month,8160_W
6106007,81d8eafe13ce1a26,EH_SS02,8160-230,1,Filterreinigung Kühlwasser 3W | MPS1 L2 St.113.1 Härten 1 NTC,week,8160_W
6106008,0166ba4d61956577,EH_SS02,8160-230,1,Filterreinigung Kühlwasser 3W | MPS1 L2 St.113.2 Härten 2 NTC,week,8160_W
6065507,279bce21b1b565d6,EH_SS02,8160-230,1,Mechanik Luftaufbereiter 6M / 1J | MPS1 L3 St.100 Schweißen Einschraubstutz,multiple,8160_W
6107026,02fda1a56e6dfb0d,EH_SS02,8160-230,1,Mechanik Microcentric-Aufnahmen 1W | MPS1 L3 St.100 Schweißen Einschraubstutz,week,8160_W
6067918,fe30515cea6ef9d7,EH_SS02,8160-230,1,Filterreinigung Kühlwasser 3W | MPS1 L3 St.205-215 Abgleichtestsystem,week,8160_W
6065551,edc11932e6de24f2,EH_SS02,8160-230,1,Wartungsplan Infotech Vergelen 1M/3M | MPS1 L3 St.180.1 Vergelen 1,multiple,UBK_W1
6065552,3502468c4cd8f891,EH_SS02,8160-230,1,Wartungsplan Infotech Vergelen 1M/3M | MPS1 L3 St.180.2 Vergelen 2,multiple,UBK_W1
6067919,9d235bb224d9e855,EH_SS02,8160-230,1,Schmierung 3M | MPS1 L3 St.260 Montage Dichtelemente,quarter,8160_W
6067931,0b9dcd43b9563680,EH_SS02,8160-230,1,Mechanik Montage Dichtscheibe 2M | MPS1 L3 Dichtscheibe Verstemmen,month,8160_W
6106006,add1d1dd2fb5b038,EH_SS02,8160-230,1,Filterreinigung Kühlwasser 3W | MPS1 L3 Kühlaggregat Technotrans Laser,week,8160_W
6048645,f365ca172ffe94d5,EH_SS02,8160-231,0,Mechanik 1M,month,8160_W
6055275,5ed88384a8f6864f,EH_SS02,8160-231,1,Mechanik Luftaufbereiter 6M / 1J | DSM L1 VM Schweißen Sensormodul 1A,multiple,8160_W
6048931,326cd3465abd7f58,EH_SS02,8160-231,1,Wartungsplan Infotech Vergelen 1M/3M | DSM L1 St.1050 Vergeler 1,multiple,UBK_W1
6108103,746a1b1ba0ea8444,EH_SS02,8160-231,1,Wartung Hormec Mischer 2W | DSM L1 St.1050 Vergeler 1,week,8160_W
6108104,85710bfc4559b4d4,EH_SS02,8160-231,1,Wartung Hormec Mischer 2W | DSM L1 St.1050 Vergeler 2,week,8160_W
6103644,bc5cb589bc388287,EH_SS02,8160-280,0,Federfeeder entmagnetisieren 1W,week,8160_W
6103962,439734ddf04c34f8,EH_SS02,8160-280,1,"Saugdüsen ausbauen und reinigen 4W | LP4, 2165 Folienentstücker Ruhlamat",week,8160_W
6110075,439734ddf04c34f8,EH_SS02,8160-280,1,"Saugdüsen ausbauen und reinigen 4W | LP4, 2165 Folienentstücker Ruhlamat",week,8160_W
6108834,c0a9e579c908d345,EH_SS02,8160-280,1,"Ofenwartung 1M | LP4, 2160 Reflowofen VPX+ nitro 2450",month,8160_W
6110106,bc5cb589bc388287,EH_SS02,8160-280,0,Federfeeder entmagnetisieren 1W,week,8160_W
6108835,570506cc6f416afe,EH_SS02,8160-280,1,"Ofenwartung 1M | LP5, Rehm Lötofen",month,8160_W
6082673,bc5cb589bc388287,EH_SS02,8160-280,0,Federfeeder entmagnetisieren 1W,week,8160_W
6108837,0507db6f3c48549b,EH_SS02,8160-280,1,"Ofenwartung 1M | LP6, Reflowlötanlage VXPnitro2450",month,8160_W
6107019,c105ea9f01824711,EH_SS02,8160-280,1,"Mechanik Allgemein | LP6, PK bestücken",unknown,8160_W
6106419,c105ea9f01824711,EH_SS02,8160-280,1,"Mechanik Allgemein | LP6, PK bestücken",unknown,8160_W
6107020,c105ea9f01824711,EH_SS02,8160-280,1,"Mechanik Allgemein | LP6, PK bestücken",unknown,8160_W
6106418,c105ea9f01824711,EH_SS02,8160-280,1,"Mechanik Allgemein | LP6, PK bestücken",unknown,8160_W
6109179,03c53187bb8223cf,EH_SS02,8160-280,1,"Saugdüsen ausbauen und reinigen 4W | LP6, Entstücker Grohmann",week,8160_W
6067930,bc5cb589bc388287,EH_SS02,8160-280,0,Federfeeder entmagnetisieren 1W,week,8160_W
6108836,1c825ce1ba068416,EH_SS02,8160-280,1,Ofenwartung 1M | SMD L7 Reflow-Ofen,month,8160_W
6067939,732d20ade3f321c7,EH_SS02,8160-280,1,Saugdüsen ausbauen und reinigen 4W | SMD L7 Folienentstücker,week,8160_W
6090272,e895fb3d40cd33cc,EH_SS02,8160-330,1,"Prüfung Kesselwagen 3M | HFM8, M1 St.1120 AOI, Montage & Verguss",quarter,8160_W
6090057,50dfb7f028680c9c,EH_SS02,8160-330,1,"Mech. Schmierung Achssystem 3M | HFM8, M1 St.1140 Montage E-Modul",quarter,UBK_W1
6091057,cb975edf5f810253,EH_SS02,8160-330,1,"Wartungsplan Bestücker 3M | HFM8, M1 St.1140 Montage E-Modul",quarter,UBK_W1
6091058,cb975edf5f810253,EH_SS02,8160-330,1,"Wartungsplan Bestücker 3M | HFM8, M1 St.1140 Montage E-Modul",quarter,UBK_W1
6091059,cb975edf5f810253,EH_SS02,8160-330,1,"Wartungsplan Bestücker 3M | HFM8, M1 St.1140 Montage E-Modul",quarter,UBK_W1
6091060,cb975edf5f810253,EH_SS02,8160-330,1,"Wartungsplan Bestücker 3M | HFM8, M1 St.1140 Montage E-Modul",quarter,UBK_W1
6091061,cb975edf5f810253,EH_SS02,8160-330,1,"Wartungsplan Bestücker 3M | HFM8, M1 St.1140 Montage E-Modul",quarter,UBK_W1
6106171,a12d5bd2badf71e6,EH_SS02,8160-330,1,"Prüfung Führung E-Modul einsetzen | HFM8, M1 St.1140 Montage E-Modul",unknown,UBK_W1
6107109,8e6dec67099eebd4,EH_SS02,8160-330,1,"Kalibrierung Fügekraft E-Modul | HFM8, M1 St.1140 Montage E-Modul",unknown,UBK_W1
6090056,39c2de3a1902876b,EH_SS02,8160-330,1,"Wartungsplan Infotech Bestücker 3M | HFM8, M1 St.1145 Kleben, Montage Deckel",quarter,UBK_W1
6090082,06d49e06789eaa59,EH_SS02,8160-330,1,"Wartungsplan Infotech Bestücker 1M/3M | HFM8, M1 St.1145 Kleben, Montage Deckel",multiple,UBK_W1
6090058,002341a1260d00d6,EH_SS02,8160-330,1,"Wartungsplan Infotech Bestücker 3M | HFM8, M1 St.1180 Kleberauftrag Deckel",quarter,UBK_W1
6090072,3c5e3f80ed25dc83,EH_SS02,8160-330,1,"Wartungsplan Infotech Bestücker 1M/3M | HFM8, M1 St.1180 Kleberauftrag Deckel",multiple,UBK_W1
6090073,b053e2e3e9553adf,EH_SS02,8160-330,1,"Wartungsplan Infotech Bestücker 1M/3M | HFM8, M1 St.1190 Vergelen/ AOI/ Montage",multiple,UBK_W1
6090271,e5a62b7d59ce8bef,EH_SS02,8160-330,1,"Prüfung Kesselwagen 3M | HFM8, M1 St.1190 Vergelen/ AOI/ Montage",quarter,8160_W
6054741,3ef844d2233d703b,EH_SS02,8160-330,1,"Prüfung Kesselwagen 3M | HFM6/7, M2, 190 Vergel./Mont./Prüf./Deck",quarter,8160_W
6074653,0865baeeb643d686,EH_SS02,8160-330,1,Prüfung Kesselwagen 3M | HFM7 M3 St. 115+120 Montage&Verguß NTC,quarter,8160_W
6076310,69911a306aa4d04c,EH_SS02,8160-330,1,Prüfung Kesselwagen 3M | HFM7 M3 St. 180 Vergelen,quarter,8160_W
6079863,325d086d6cbbe750,EH_SS02,8160-330,1,Prüfung Kesselwagen 3M | HFM8 M4 St.115+120 Montage&Verguß NTC,quarter,8160_W
6057637,5257cac3e7a709b6,EH_SS02,8160-330,1,Wartungsplan Infotech Bestücker 1M/3M | HFM8 M4 St.130 Dispensen Gerätegehäuse,multiple,UBK_W1
6059419,5257cac3e7a709b6,EH_SS02,8160-330,1,Wartungsplan Infotech Bestücker 1M/3M | HFM8 M4 St.130 Dispensen Gerätegehäuse,multiple,UBK_W1
6057636,da861b84a38d9750,EH_SS02,8160-330,1,Wartungsplan Infotech Bestücker 1M/3M | HFM8 M4 St.180 Kleber auftragen Deckel,multiple,UBK_W1
6089669,5414b8f9fa1c39fc,EH_SS02,8160-330,1,Prüfung Kesselwagen 3M | HFM8 M4 St.190 Verg./Prüf./Mont. Deckel,quarter,8160_W
6059418,eb193ca346383eb5,EH_SS02,8160-330,1,Wartungsplan Infotech Bestücker 1M/3M | HFM8 M4 St.145 Montage HFM8 Bypassdeckel,multiple,UBK_W1
6059661,95f660236c3ae654,EH_SS02,8160-330,1,Wartung Plasmaanlage 1M | HFM8 M4 St. 1.1 Niederdruckplasma,month,UBK_W1
6090059,51be0fd9aa729474,EH_SS02,8160-330,1,"Mech. Schmierung Achssystem 3M | HFM8 M5, St.0010 Auflegen BB, Nd-Plasma",quarter,UBK_W1
6089959,73fbd061e94bd656,EH_SS02,8160-330,1,"Prüfung Kesselwagen 3M | HFM8 M5, St. 1120 AOI GG, Mont.&Verguss",quarter,8160_W
6091075,fc40b14558f5ae93,EH_SS02,8160-330,1,"Wartungsplan Infotech Bestücker 1M/3M | HFM8 M5, St. 1130 Dispensen Gehäuse AOI",multiple,UBK_W1
6091077,fc40b14558f5ae93,EH_SS02,8160-330,1,"Wartungsplan Infotech Bestücker 1M/3M | HFM8 M5, St. 1130 Dispensen Gehäuse AOI",multiple,UBK_W1
6079843,e60224eab51fbf62,EH_SS02,8160-330,1,"Mech. Schmierung Achssystem 3M | HFM8 M5, St. 1140 Montage E-Modul",quarter,UBK_W1
6079845,1c6fec6872d0fb33,EH_SS02,8160-330,1,"Wartungsplan Bestücker 3M | HFM8 M5, St. 1140 Montage E-Modul",quarter,UBK_W1
6079842,2e7f3dd7e2ebcf9e,EH_SS02,8160-330,1,"Wartungsplan Infotech Bestücker 3M | HFM8 M5, St. 1145 Kleben, Montage Bypa",quarter,UBK_W1
6079869,903ddb62a0dde7c5,EH_SS02,8160-330,1,"Wartungsplan Infotech Bestücker 1M/3M | HFM8 M5, St. 1145 Kleben, Montage Bypa",multiple,UBK_W1
6091076,903ddb62a0dde7c5,EH_SS02,8160-330,1,"Wartungsplan Infotech Bestücker 1M/3M | HFM8 M5, St. 1145 Kleben, Montage Bypa",multiple,UBK_W1
6079844,122a2a5573c46184,EH_SS02,8160-330,1,"Wartungsplan Infotech Bestücker 3M | HFM8 M5, St. 1180 Kleberauftrag Deckel",quarter,UBK_W1
6079858,eaef00387468d7d1,EH_SS02,8160-330,1,"Wartungsplan Infotech Bestücker 1M/3M | HFM8 M5, St. 1180 Kleberauftrag Deckel",multiple,UBK_W1
6091074,eaef00387468d7d1,EH_SS02,8160-330,1,"Wartungsplan Infotech Bestücker 1M/3M | HFM8 M5, St. 1180 Kleberauftrag Deckel",multiple,UBK_W1
6079859,17647cc5f8e8c045,EH_SS02,8160-330,1,"Wartungsplan Infotech Bestücker 1M/3M | HFM8 M5, St. 1190 Vergelen/ AOI/ Monta",multiple,UBK_W1
6089960,643f487e2adc1acb,EH_SS02,8160-330,1,"Prüfung Kesselwagen 3M | HFM8 M5, St. 1190 Vergelen/ AOI/ Monta",quarter,8160_W
6100447,0bea47499b8fded0,EH_SS02,8160-330,1,"Mechanik Allgemein 12M | HFM7, KLA, 300-500 Luftmassenprüfstand",month,8160_W
6100466,768a8478574883d7,EH_SS02,8160-330,1,"Mechanik Allgemein 12M | HFM6, KLB, 300-500 Luftmassenprüfstand",month,8160_W
6100467,ee037ce23bf4bd32,EH_SS02,8160-330,1,"Mechanik Allgemein 12M | HFM7, KLC, 300-500 Luftmassenprüfstand",month,8160_W
6100468,edfbd94198843a70,EH_SS02,8160-330,1,"Mechanik Allgemein 12M | HFM7, KLD, 300-500 Luftmassenprüfstand",month,8160_W
6100484,3869ec14a65b86b4,EH_SS02,8160-330,1,"Mechanik Allgemein 12M | HFM7/8, KLE, 300-500 Luftmassenprüfstand",month,8160_W
6100485,45a9fc617377f33b,EH_SS02,8160-330,1,"Mechanik Allgemein 12M | HFM7, KLF, 300 - 500 Luftmassenprüfstand",month,8160_W
6089670,1560ec4ec674cbbb,EH_SS02,8160-331,0,Prüfung WT Messfühler & Leiterplatte 1M,month,8160_M
6046893,7b9efbff4556d863,EH_SS02,8160-350,1,"Wartungsplan Infotech Bestücker 1M/3M | DSS3, L4, 10, 1320 Montage Kondensatoren",multiple,UBK_W1
6046892,435aa47e9872ff75,EH_SS02,8160-350,1,"Wartungsplan Infotech Bestücker 1M/3M | DSS3, L5, 10, 1320 Montage Kondensatoren",multiple,UBK_W1
6048472,98851d94498c7201,EH_SS02,8160-350,1,"Wartungsplan Infotech Bestücker 1M/3M | DSS3, L6, 10, 1320 Montage Kondensatoren",multiple,UBK_W1
6069512,ff6a8d3aaed0504d,EH_SS02,8160-350,1,"Wartungsplan Infotech Bestücker 1M/3M | DSS3, L7, 1320 Montage Kondensator",multiple,UBK_W1
6092083,0f5a9a8c80aa2b8d,EH_SS02,8160-350,1,"Filter Sauger wechseln 6M | DSS3, L7, 1455 Filtergerät ULT-LAS200",half_year,8160_W
6093974,4b372976af9e0458,EH_SS02,8160-351,1,Mechanik Allgemein 3M | PS4L2 Palettierer,quarter,8160_W
6058591,2e0610eed9badeb7,EH_SS02,8160-380,1,"Pneumatik 1M | GCS, 4200 Steckervergussstation neu",month,8160_M
6059433,d7f6dee000e69e7c,EH_SS02,8160-380,1,"Pneumatik 1M | GCS, 4200 Steckervergussstation alt",month,8160_M
6065995,f514653d6d625eaf,EH_STPM,8160-001,1,TPM - Wartung Dünndrahtbonden DSM L2 | DSM L2 St.1040 Bonder 1,unknown,8160_W
6065997,8141c278704dc2d4,EH_STPM,8160-001,1,TPM - Wartung Dünndrahtbonden DSM L2 | DSM L2 St.1040 Bonder 2,unknown,8160_W
6060722,172ec5172dd9f3c0,EH_STPM,8160-001,1,"TPM - Wartung Aushärten RDS4L1 | RDS4/KV4 L1,AUSHÄRTEN KLEBER",unknown,8160_W
6027196,16d67c6962fdd5ad,EH_STPM,8160-001,1,"Vierwöchentl. TPM WP SMD L4 (Siplace 4) | LP4, BESTÜCKER SIPLACE 4",unknown,UBK_W1
6060725,a6553e0a3401e22f,EH_STPM,8160-001,1,TPM - Wartung Bonden 1 RDS4L2 | RDS4/KV4 L2 Bonden 1,unknown,8160_W
6060726,ebfc1c5b97f393c0,EH_STPM,8160-001,1,TPM - Wartung Bonden 2 RDS4L2 | RDS4/KV4 L2 Bonden 2,unknown,8160_W
6025472,030e4dd61ed5a7ec,EH_STPM,8160-001,1,"Vierwöchentl. TPM WP SMD L4 (Siplace 2) | LP4, BESTÜCKER SIPLACE 2",unknown,UBK_W1
6017481,734b731c867c04c9,EH_STPM,8160-001,1,"Vierwöchentl. TPM WP SMD L4 (Siplace 3) | LP4, BESTÜCKER SIPLACE 3",unknown,UBK_W1
6059796,0d734755576d7691,EH_STPM,8160-001,1,"TPM - Wartung Fräsen RDS4L1 | RDS4/KV4 L2, FRÄSEN LP",unknown,8160_W
6059794,680f49745ac90266,EH_STPM,8160-001,1,"TPM - Wartung Montage NTC RDS4L1 | RDS4/KV4 L1,Montage NTC",unknown,8160_W
6059633,cbbca5c82f8dedc3,EH_STPM,8160-001,1,"TPM - Wartung Laserlöten RDS4L1 | RDS4/KV4 L1,Laserlöten NTC",unknown,8160_W
6060724,a78fb0abd17efc98,EH_STPM,8160-001,1,"TPM - Wartung dyn. NTC Messung RDS4L1 | RDS4/KV4 L1,Dyn. NTC-Messung",unknown,8160_W
6062148,837292d51c541c71,EH_STPM,8160-001,1,TPM - Wartung RT1 RDS4L4 | RDS4/KV4 L4 Schweißen Sensorelement,unknown,8160_W
6062149,353d6d729324e782,EH_STPM,8160-001,1,TPM - Wartung RT2 RDS4L4 | RDS4/KV4 L4 Schweißen Sechskant,unknown,8160_W
6062150,4370532260ce7bda,EH_STPM,8160-001,1,TPM - Wartung Montage LP RDS4L4 | RDS4/KV4 L4 Montage LP,unknown,8160_W
6031180,1ca621bcad420fea,EH_STPM,8160-001,1,"Vierwöchentl. TPM WP SMD L4 (Siplace 1) | LP4, BESTÜCKER SIPLACE 1 HS 60",unknown,UBK_W1
6064228,4eb2a3d6ab924cfd,EH_STPM,8160-001,1,TPM - Wartung PS4 St.200 | PS4L1 S200 Ofen 1,unknown,8160_W
6051002,a3d88f55213519ec,EH_STPM,8160-001,1,wöchentl. TPM Wartung Schleiflabore RDS4 | Schleifmaschine Labo Pol 25,unknown,UBK_W1
6092288,a3d88f55213519ec,EH_STPM,8160-001,1,wöchentl. TPM Wartung Schleiflabore RDS4 | Schleifmaschine Labo Pol 25,unknown,UBK_W1
6068571,772542d2efdf229a,EH_STPM,8160-001,1,TPM Wartung DSH Ofen SMP420 | SMP 420 DSH Ofen,unknown,8160_W
6074656,4b14b9c5f7f2ba6b,EH_STPM,8160-001,1,TPM Wartung Transportwagen 1 | HPS L6 Transportwagen (VM-EM) 1,unknown,8160_W
6075727,625b8fd817a4899f,EH_STPM,8160-001,1,TPM Wartung Transportwagen 4 | HPS L6 Transportwagen (VM-EM) 4,unknown,8160_W
6075728,8bf2674e05878250,EH_STPM,8160-001,1,TPM Wartung Transportwagen 5 | HPS L6 Transportwagen (VM-EM) 5,unknown,8160_W
6060729,9c35c271bfba71df,EH_STPM,8160-002,1,TPM - Wartung Fräsen RDS4L2 | RDS4/KV4 L2 Fräsen Leiterplatte,unknown,8160_W
6062212,f0b066b71d367e7d,EH_STPM,8160-002,1,TPM - Wartung Bonden 1 RDS4L4 | RDS4/KV4 L4 Bonden 1,unknown,8160_W
6062213,7e5b0a7ecae0c110,EH_STPM,8160-002,1,TPM - Wartung Bonden 2 RDS4L4 | RDS4/KV4 L4 Bonden 2,unknown,8160_W
6090704,20f0cb3976ca108d,EH_STPM,8160-002,1,TPM Wartung CO2-Reinigungsanlage HPS 1W | CO2 Reinigungsanlage HPS,week,8160_W
6018713,08a78ad811021027,EH_STPM,8160-220,0,DS3 wöchentlicher TPM Wartungsplan,week,UBK_W1
6014787,105086a06bf4d3c8,EH_STPM,8160-230,0,wöchentl. TPM Wartungsplan RDS4L1,unknown,UBK_W1
6059776,157973aee7ed7c58,EH_STPM,8160-230,1,"TPM - Wartung Bestücken WT RDS4L1 | RDS4/KV4 L1,BESTÜCKEN WT",unknown,8160_W
6059777,390fc1015deee260,EH_STPM,8160-230,1,"TPM - Wartung Q1 Kleberstempeln RDS4L1 | RDS4/KV4 L1,STEMPELN KLEBER",unknown,8160_W
6059775,25f04f616c9a41b6,EH_STPM,8160-230,1,TPM - Wartung Montage LP RDS4L1 | RDS4/KV4 L1 MONTAGE LP,unknown,8160_W
6059792,dbc4887654f9ebe8,EH_STPM,8160-230,1,"TPM - Wartung Bonden 1 RDS4L1 | RDS4/KV4 L1,BONDEN 1",unknown,8160_W
6061579,dbc4887654f9ebe8,EH_STPM,8160-230,1,"TPM - Wartung Bonden 1 RDS4L1 | RDS4/KV4 L1,BONDEN 1",unknown,8160_W
6059793,2e912f4a7eadd22f,EH_STPM,8160-230,1,"TPM - Wartung Bonden 2 RDS4L1 | RDS4/KV4 L1,BONDEN 2",unknown,8160_W
6059641,92b6a6fd0543fd9d,EH_STPM,8160-230,1,"TPM - Wartung Heften RDS4L1 | RDS4/KV4 L1,HEFTEN STECKERGEHÄUSE",unknown,8160_W
6059774,cf8f7d63c52cf0bc,EH_STPM,8160-230,1,"TPM - Wartung RT3 RDS4L1 | RDS4/KV4 L1,SCHWEIßEN STECKER",unknown,8160_W
6059632,8ed1721321b3967c,EH_STPM,8160-230,1,"TPM - Wartung Testsystem RDS4L1 | RDS4/KV4 L1,KENNLINIENABGL. TESTSYSTEM",unknown,8160_W
6059722,82e18a71991cd163,EH_STPM,8160-230,1,"TPM - Wartung Dichtheitsst. RDS4L1 | RDS4/KV4 L1,DICHTHEITSSTATION",unknown,8160_W
6060720,5ca9a6c6483f295a,EH_STPM,8160-230,1,TPM - Wartung Laserbeschriften RDS4L1 | RDS4/KV4 L1 Laser Gehäuse Beschriften,unknown,8160_W
6059771,0c732fe7c6416cd2,EH_STPM,8160-230,1,"TPM - Wartung gesamte Linie / Bandsystem | RDS4/KV4 L1,BANDSYSTEM",unknown,8160_W
6059366,35b725cfb650933c,EH_STPM,8160-230,1,"TPM - Wartung Vergelen RDS4L1 | RDS4/KV4 L1,VERGELEN ASIC",unknown,8160_W
6059367,ed3806ac22546740,EH_STPM,8160-230,1,"TPM - Wartung Grobleckkontrolle RDS4L1 | RDS4/KV4 L1,Grobleckkontrolle Dichtheit",unknown,8160_W
6059791,00b8e941d14bedd0,EH_STPM,8160-230,1,"TPM - Wartung Ausblasen RDS4L1 | RDS4/KV4 L1,AUSBLASSTATION",unknown,8160_W
6059772,83103a6aa49f00cc,EH_STPM,8160-230,1,TPM - Wartung RT1 RDS4L1 | RDS4/KV4 L1 Schweißen Sensorelement,unknown,8160_W
6059773,c03eb3dbb058767a,EH_STPM,8160-230,1,TPM - Wartung RT2 RDS4L1 | RDS4/KV4 L1 Schweißen Sechskant,unknown,8160_W
6059721,feb56e7a9c9a5f73,EH_STPM,8160-230,1,"TPM - Wartung Dispensen Q3 Kleber | RDS4/KV4 L1,Dispensen Q3-Kleber PTS",unknown,8160_W
6017420,107e1c6f5d764f8c,EH_STPM,8160-230,0,TPM-Wartungsplan RDS4 L2 1-4 4W,week,UBK_W1
6024350,dcfd342eec1113a5,EH_STPM,8160-230,0,TPM-Wartungsplan RDS4 L2 2-4 4W,week,UBK_W1
6024351,7c4121cc750dd3f9,EH_STPM,8160-230,0,TPM-Wartungsplan RDS4 L2 3-4 4/12W,week,UBK_W1
6024352,b3490bbb8fe80f3d,EH_STPM,8160-230,0,TPM-Wartungsplan RDS4 L2 4-4 4/8W,week,UBK_W1
6046716,46f86c6fe0b4bf2a,EH_STPM,8160-230,0,wöchentl. TPM Wartungsplan RDS4L2,unknown,8160_W
6092289,46f86c6fe0b4bf2a,EH_STPM,8160-230,0,wöchentl. TPM Wartungsplan RDS4L2,unknown,8160_W
6060713,308a0cb7e3b0d291,EH_STPM,8160-230,1,TPM - Wartung DMC Beschriftung RDS4L1 | RDS4/KV4 L2 Laser DMC Beschriften,unknown,8160_W
6060718,4b02324d15673d38,EH_STPM,8160-230,1,TPM - Wartung RT1 RDS4L2 | RDS4/KV4 L2 Schweißen Sensorelement,unknown,8160_W
6060719,6353fa9fd63c3e76,EH_STPM,8160-230,1,TPM - Wartung RT2 RDS4L2 | RDS4/KV4 L2 Schweißen Sechskant,unknown,8160_W
6060723,91620f9cab398deb,EH_STPM,8160-230,1,TPM - Wartung Stempeln Kleber RDS4L2 | RDS4/KV4 L2 Stempeln Kleber,unknown,8160_W
6060721,bc31b19344aca2b4,EH_STPM,8160-230,1,TPM - Wartung Montage LP RDS4L2 | RDS4/KV4 L2 Montage LP/Hybrid,unknown,8160_W
6060711,9721e461e095a9ce,EH_STPM,8160-230,1,TPM - Wartung Vergelen RDS4L2 | RDS4/KV4 L2 Vergelen ASIC,unknown,8160_W
6060714,0f2bac7845065ade,EH_STPM,8160-230,1,TPM - Wartung Heften RDS4L2 | RDS4/KV4 L2 Montage/Heften Gehäuse,unknown,8160_W
6060712,1d846d7d36c4d7e0,EH_STPM,8160-230,1,TPM - Wartung Testsystem RDS4L2 | RDS4/KV4 L2 HT/RT Abgleich Testsystem,unknown,8160_W
6060717,bda9be3405d399c1,EH_STPM,8160-230,1,TPM - Wartung gesamte Linie / Bandsystem | RDS4/KV4 L2 Bandsystem,unknown,8160_W
6060716,f1660faf5aa9f6b9,EH_STPM,8160-230,1,TPM - Wartung Dichtheitsst. RDS4L2 | RDS4/KV4 L2 Grobleckkontrolle Dichtheit,unknown,8160_W
6059795,352a53e0ec63d629,EH_STPM,8160-230,1,TPM - Wartung Heißverstemmen RDS4L1 | RDS4/KV4 L2 Heißverstemmen,unknown,8160_W
6032710,19820d4ad19046ac,EH_STPM,8160-230,1,TPM Wartung RDS4 Kabelschwanz | RDS4/KV4 L2 Kabelschwanzfertigung,unknown,UBK_W1
6025072,13ee567e718d4b9c,EH_STPM,8160-230,0,TPM-Wartungsplan RDS4 L3 1-4 4W,week,UBK_W1
6025073,1a1b0d2af7a8ecb3,EH_STPM,8160-230,0,TPM-Wartungsplan RDS4 L3 2-4 4W,week,UBK_W1
6025074,90a0b71e1d18114f,EH_STPM,8160-230,0,TPM-Wartungsplan RDS4 L3 3-4 4/12W,week,UBK_W1
6025075,589f0127568d46af,EH_STPM,8160-230,0,TPM-Wartungsplan RDS4 L3 4-4 4/8W,week,UBK_W1
6046714,9faef3f48c282b20,EH_STPM,8160-230,0,wöchentl. TPM Wartungsplan RDS4L4,unknown,8160_W
6092649,9faef3f48c282b20,EH_STPM,8160-230,0,wöchentl. TPM Wartungsplan RDS4L4,unknown,8160_W
6062145,039d0f6036c87361,EH_STPM,8160-230,1,TPM - Wartung Stempeln Kleber RDS4L4 | RDS4/KV4 L4 Stempeln Kleber,unknown,8160_W
6062211,039d0f6036c87361,EH_STPM,8160-230,1,TPM - Wartung Stempeln Kleber RDS4L4 | RDS4/KV4 L4 Stempeln Kleber,unknown,8160_W
6062214,5bb8428a93b1c9db,EH_STPM,8160-230,1,TPM - Wartung Fräsen RDS4L4 | RDS4/KV4 L4 Fräsen Leiterplatte,unknown,8160_W
6107583,9bd88a50a7a563de,EH_STPM,8160-230,1,TPM - Wartung Sichtprüfen Bonden 1W | RDS4/KV4 L4 Sichtprüfplatz Bonden,week,UBK_W1
6062142,7504b79f8bbecf73,EH_STPM,8160-230,1,TPM - Wartung Vergelen RDS4L4 | RDS4/KV4 L4 Vergelen ASIC,unknown,8160_W
6062144,81ce0a3b3ba14d75,EH_STPM,8160-230,1,TPM - Wartung Heften RDS4L4 | RDS4/KV4 L4 Montage Heften Gehäuse,unknown,8160_W
6062146,ec52e393f15714d1,EH_STPM,8160-230,1,TPM - Wartung Dichtheitsst. RDS4L4 | RDS4/KV4 L4 Grobleckkontrolle Dichtheit,unknown,8160_W
6062143,6d7bcdd9091fc269,EH_STPM,8160-230,1,TPM - Wartung Testsystem RDS4L4 | RDS4/KV4 L4 HT/RT Abgleich Testsystem,unknown,8160_W
6062147,e4d66db5ff4d4f4a,EH_STPM,8160-230,1,TPM - Wartung ges. Linie / Bandsystem L4 | RDS4/KV4 L4 Bandsystem,unknown,8160_W
6081589,736a25dfe5839c7a,EH_STPM,8160-230,1,TPM - Wartung LHP3 HPSL6 | RDS4/KV4 L4 LHP3 Schweißstation,unknown,8160_W
6081592,8cc2e73f3d78bdb2,EH_STPM,8160-230,1,TPM - Wartung RT1 HPSL6 | RDS4/KV4 L4 LHP3 Schweißstation,unknown,8160_W
6096641,8afc0eeabdf3add6,EH_STPM,8160-230,1,TPM - Wartung RT1 HPSL4 | RDS4/KV4 L4 LHP3 Schweißstation,unknown,8160_W
6083718,6c9d2dbc2daf9101,EH_STPM,8160-230,1,TPM - Wartung Klebepad 1W | RDS4/KV4 L4 2015 Spenden Klebepad,week,UBK_W1
6083779,5365f9fa36515bfb,EH_STPM,8160-230,1,TPM - Wartung Montage LP HPSL5 | RDS4/KV4 L4 2020 Montage LP,unknown,8160_W
6046715,cf18087f05e99b13,EH_STPM,8160-230,0,wöchentl. TPM Wartungsplan RDS4L3,unknown,8160_W
6085811,cf18087f05e99b13,EH_STPM,8160-230,0,wöchentl. TPM Wartungsplan RDS4L3,unknown,UBK_W1
6092253,cf18087f05e99b13,EH_STPM,8160-230,0,wöchentl. TPM Wartungsplan RDS4L3,unknown,UBK_W1
6093159,c62fc163eee5e95b,EH_STPM,8160-230,0,TPM Wartungsplan Verpressen/Verstemmen,unknown,UBK_W1
6092648,0129b9ee2775b83a,EH_STPM,8160-230,0,wöchentliche TPM - Wartung Linie HPSL5,week,8160_W
6100687,479f19690b7e7811,EH_STPM,8160-230,1,Reinigung Schleiflabor 1 HPS | Schleiflabor 1,unknown,8160_W
6067662,c77db91276ecee08,EH_STPM,8160-230,1,TPM - Wartung LHP1 Schweissen SE HPSL5 | HPS L5 LHP 1 / Schweißen Sensor,unknown,8160_W
6067663,799ac56cd05e6433,EH_STPM,8160-230,1,TPM - Wartung LHP1 Schweissen SK HPSL5 | HPS L5 LHP 1 / Schweißen Seckskant,unknown,8160_W
6067664,84edc376692d0a10,EH_STPM,8160-230,1,TPM - Wartung Montage LP HPSL5 | HPS L5 2020 Montage LP,unknown,8160_W
6067668,58053bfca53bcc5d,EH_STPM,8160-230,1,TPM - Wartung Fräsen HPSL5 | HPS L5 Asys Fräse Nutzentrenner,unknown,8160_W
6067666,1aed7d99cb7fbba4,EH_STPM,8160-230,1,TPM - Wartung Bonden 1 HPSL5 | HPS L5 Bonden 1,unknown,8160_W
6067667,b5451f9a1a672917,EH_STPM,8160-230,1,TPM - Wartung Bonden 2 HPSL5 | HPS L5 Bonden 2,unknown,8160_W
6067596,a8388439526d16d0,EH_STPM,8160-230,1,TPM - Wartung Vergelen HPSL5 | HPS L5 2050 Vergelen SE / dynam. NTC,unknown,8160_W
6083719,4c51dba38776141a,EH_STPM,8160-230,1,TPM - Wartung Klebepad 1W | HPS L5 2015 Klebepadspenden Zelle,week,UBK_W1
6067600,d66fe1de4130704f,EH_STPM,8160-230,1,TPM - Wartung Dichtheitsst. HPSL5 | HPS L5 2070 Grobleckage / DMC,unknown,8160_W
6067597,ca5f3702bb2b610a,EH_STPM,8160-230,1,TPM - Wartung Testsystem HPSL5 | HPS L5 2080 Testsystem MAE,unknown,8160_W
6067661,e53797b07bc568b0,EH_STPM,8160-230,1,TPM - Wartung Linie / Bandsystem HPSL5 | HPS L5 Bandsystem / MES,unknown,8160_W
6060715,88caca9893731e11,EH_STPM,8160-230,1,TPM - Wartung Stempeln Kleber RDS4L2 | HPS L5 2017 Montage NTC,unknown,8160_W
6067845,2f7fd94f634ead59,EH_STPM,8160-230,1,TPM Wartung Löten NTC 1W | HPS L5 2055 Laserlöten NTC,week,8160_W
6067940,e079a7294a4ea8df,EH_STPM,8160-230,1,TPM Wartung Sichtprfg. Löten NTC 4W | HPS L5 2055 Sichtprüfen Laserlöten,week,8160_W
6100543,540f99403cdfd313,EH_STPM,8160-230,1,TPM - Wartung Sichtprüfen Bonden 1W | HPS L5 2045 Sichtprüfen Bonden,week,UBK_W1
6092691,6cc2ac0b40ba6a39,EH_STPM,8160-230,0,wöchentl. TPM-Wartungsplan HPSL6,unknown,UBK_W1
6093460,9a194d20a9d1ceea,EH_STPM,8160-230,0,wöchentliche TPM - Wartung Linie HPSL6,week,8160_W
6071897,98cdd6afb6575179,EH_STPM,8160-230,1,TPM - Wartung LHP2 HPSL6 | HPS L6 LHP 2 Schweißkomplex,unknown,8160_W
6071898,f91b5b7a4fa5148a,EH_STPM,8160-230,1,TPM - Wartung RT1 HPSL6 | HPS L6 LHP 2 Schweißkomplex,unknown,8160_W
6074704,a79da9488ae676ef,EH_STPM,8160-230,1,TPM - Wartung Bonden 1 HPSL6 | HPS L6 Bonden 1,unknown,8160_W
6074710,b0ab72f96256df36,EH_STPM,8160-230,1,TPM - Wartung Bonden 2 HPSL6 | HPS L6 Bonden 2,unknown,8160_W
6075834,60c336300dbc6ae4,EH_STPM,8160-230,1,TPM - Wartung Testsystem HPSL6 | HPS L6 2080 Testsystem MAE,unknown,8160_W
6074696,f37e26a4e6900c28,EH_STPM,8160-230,1,TPM - Wartung Fräsen HPSL6 | HPS L6 Asys Fräse Nutzentrenner,unknown,8160_W
6077002,f870d5d7b1be9e20,EH_STPM,8160-230,1,TPM - Wartung Schweißen St. 2220 1W | HPS L6 2220 Station Schweißen,week,UBK_W1
6077001,2872b7063d54f984,EH_STPM,8160-230,1,TPM - Wartung Montage St. 2240 1W | HPS L6 2240 Montage,week,UBK_W1
6079094,676add41e25a1f47,EH_STPM,8160-230,1,TPM - Wartung Aufsetzen DA 1W | HPS L6 2010 Aufsetzen Druckaufnehmer,week,UBK_W1
6077010,c01469102d8853c2,EH_STPM,8160-230,1,TPM - Wartung Klebepad 1W | HPS L6 2015 Klebepadspenden Zelle,week,UBK_W1
6075842,92296fa230a18390,EH_STPM,8160-230,1,TPM - Wartung Montage LP HPSL6 | HPS L6 2020 Montage LP,unknown,8160_W
6077009,1d2cae614bc5a8aa,EH_STPM,8160-230,1,TPM - Wartung Ofen / Aushaerten 1W | HPS L6 2030 Ofen -Aushärten,week,UBK_W1
6077007,fd3331d17d580603,EH_STPM,8160-230,1,TPM - Wartung Sichtprüfen Bonden 1W | HPS L6 2045 Sichtprüfen Bonden,week,UBK_W1
6074670,bce4565f79a1ce36,EH_STPM,8160-230,1,TPM - Wartung Dichtheitsst. HPSL6 | HPS L6 2070 Grobleckage / DMC,unknown,8160_W
6077006,b27cc2d0d41ff20e,EH_STPM,8160-230,1,TPM - Wartung Laserbeschriften Offset 1W | HPS L6 2100 Laserbeschr.Offset Dichtheit,week,UBK_W1
6077005,03ce6473041e2582,EH_STPM,8160-230,1,TPM - Wartung Endsichtprüfung 1W | HPS L6 2190 Endsichtprüfung / Entnahme,week,UBK_W1
6074700,05ab7b3b7ae276ef,EH_STPM,8160-230,1,TPM - Wartung Linie / Bandsystem HPSL6 | HPS L6 Bandsystem / MES,unknown,8160_W
6075725,b3989cc23cdbb4ca,EH_STPM,8160-230,1,TPM Wartung Transportwagen 2 | HPS L6 Transportwagen (VM-EM) 2,unknown,8160_W
6075726,c3fee9678f871785,EH_STPM,8160-230,1,TPM Wartung Transportwagen 3 | HPS L6 Transportwagen (VM-EM) 3,unknown,8160_W
6075841,9220fd511580dede,EH_STPM,8160-230,1,TPM - Wartung Vergelen HPSL6 | HPS L6 Vergelen SE,unknown,8160_W
6070664,8aa8b1f1ccbe0d7a,EH_STPM,8160-230,1,TPM - Wartung Bohrautomat | HPS L6 Bohrautomat RPS,unknown,UBK_W1
6094790,b3f582a8318f3df7,EH_STPM,8160-230,0,wöchentl. TPM-Wartungsplan MPS1 L1,unknown,UBK_W1
6096098,b3a65da3a95896a8,EH_STPM,8160-230,0,wöchentl. TPM-Wartungsplan MPS1 L2,unknown,UBK_W1
6102396,84737df69c5e6a61,EH_STPM,8160-230,1,TPM Wartung Vakuum Lötofen DS-M | MPS1 L2 St.20.1 VM Löten Sensormodul,unknown,8160_W
6092550,d29531bf3a9f16f9,EH_STPM,8160-230,0,wöchentl. TPM-Wartungsplan MPS L3,unknown,UBK_W1
6067428,307a358a03ef9fbc,EH_STPM,8160-230,1,TPM - Wartung Hänel Lift DSM L2 | MPS1 L3 Hänel Lean-Lift,unknown,8160_W
6065990,8be255bffe9472f6,EH_STPM,8160-230,1,TPM - Wartung Fräsen DSM L2 | MPS1 L3 St.115 Fräsen Leiterplatte,unknown,8160_W
6065994,edb83a746b80109a,EH_STPM,8160-230,1,TPM - Wartung DSM2 Schweisskomplex | MPS1 L3 St.100 Schweißen Einschraubstutz,unknown,8160_W
6065991,3556c6c7c85a1f65,EH_STPM,8160-230,1,TPM - Wartung Dichtheitsst. DSM L2 | MPS1 L3 St.205-215 Abgleichtestsystem,unknown,8160_W
6065992,5bdbb2abac9f30cd,EH_STPM,8160-230,1,TPM - Wartung Testsystem DSM L2 | MPS1 L3 St.205-215 Abgleichtestsystem,unknown,8160_W
6065591,dba453a36ce616ca,EH_STPM,8160-230,1,TPM Wartung Vakuum Lötofen DS-M | MPS1 L3 St.20.1 VM Löten Sensormodul,unknown,8160_W
6065592,165f4fcc76b043af,EH_STPM,8160-230,1,TPM Wartung Vakuum Lötofen DS-M | MPS1 L3 St.20.2 VM Löten Sensormodul,unknown,8160_W
6065593,1376e06516867afa,EH_STPM,8160-230,1,TPM Wartung Lötboot DS-M | MPS1 L3 St.20.2 VM Löten Sensormodul,unknown,8160_W
6065989,f11980dbaa8f3582,EH_STPM,8160-230,1,TPM - Wartung Bonden 3 DSM L2 | MPS1 L3 St.10.1 VM Die-Bonder 1,unknown,8160_W
6065988,b47ae6093f206576,EH_STPM,8160-230,1,TPM - Wartung Bonden 2 DSM L2 | MPS1 L3 St.10.2 VM Die-Bonder 2,unknown,8160_W
6067289,5e0dd80f9ca1581e,EH_STPM,8160-230,1,TPM - Wartung DIE Bonding DSM L2 | MPS1 L3 St.10.3 VM Transferstrecke,unknown,8160_W
6067429,5c25a6924eb498d3,EH_STPM,8160-230,1,TPM - Wartung HV Lift DSM L2 | MPS1 L3 HV 410 Lift,unknown,8160_W
6067290,569398d61553b802,EH_STPM,8160-230,1,TPM - Wartung Palettierung DSM L2 | MPS1 L3 St.105 Beladen EM,unknown,8160_W
6067421,a7bbc4ab26da3813,EH_STPM,8160-230,1,TPM - Wartung Helium Prüfen DSM L2 | MPS1 L3 St.110 Helium Prüfen,unknown,8160_W
6065996,761be21ad221988b,EH_STPM,8160-230,1,TPM - Wartung Stempeln Kleber DSM L2 | MPS1 L3 St.120 Montage Leiterplatte,unknown,8160_W
6067423,0f117a941156b856,EH_STPM,8160-230,1,TPM - Wartung Vergelen/Testen DSM L2 | MPS1 L3 St.225 Sichtpr. Vergelen/Testen,unknown,8160_W
6065594,9da15264e1d011a6,EH_STPM,8160-230,1,TPM Wartung Vergelen DS-M | MPS1 L3 St.180.1 Vergelen 1,unknown,8160_W
6065595,ef47f5bb65040d3c,EH_STPM,8160-230,1,TPM Wartung Vergelen DS-M | MPS1 L3 St.180.2 Vergelen 2,unknown,8160_W
6065993,e847f4c487c4f2b4,EH_STPM,8160-230,1,TPM - Wartung Heften DSM L2 | MPS1 L3 St.240 Gehäuse Schweißen,unknown,8160_W
6067424,7b12444a8b934794,EH_STPM,8160-230,1,"TPM - Wartung Offset Prüfung DSM L2 | MPS1 L3 St.250 Schlussprüfen, EOL",unknown,8160_W
6067425,c82f937318cc0010,EH_STPM,8160-230,1,TPM - Wartung Laserbeschriften DSM L2 | MPS1 L3 St.265 Laser Beschriften,unknown,8160_W
6067426,61bb77bd64d2f9e9,EH_STPM,8160-230,1,TPM - Wartung Schlussprüfung DSM L2 | MPS1 L3 St.270 Sichtprüfen Bandende,unknown,8160_W
6071502,d49458f56cb327fc,EH_STPM,8160-230,1,TPM - Wartung DSM2 Bypass | MPS1 L3 St.260 Montage Dichtelemente,unknown,8160_W
6065987,e331b1450bb35082,EH_STPM,8160-230,1,TPM - Wartung ges. Linie / Bandsystem L2 | MPS1 L3 St.900 Transfersystem,unknown,8160_W
6067422,89a69bc88eabb463,EH_STPM,8160-230,1,TPM - Wartung Transfersystem DSM L2 | MPS1 L3 St.900 Transfersystem,unknown,8160_W
6067427,70f0a0daf6a15a2c,EH_STPM,8160-230,1,TPM - Wartung Aushärten Kleber DSM L2 | MPS1 L3 St.125 Kontaktofen,unknown,8160_W
6075065,2ecae441dc7ad57b,EH_STPM,8160-230,1,TPM - Wartung ges. Linie / Bandsystem L2 | MPS1 L3 VM Schweißnahtkontr Nanofokus,unknown,8160_W
6034140,2a96e44efc6a1044,EH_STPM,8160-231,0,wöchentlicher TPM-Wartungsplan DSM L1 EM,week,UBK_W1
6079133,2d6840f0c7d16e89,EH_STPM,8160-231,0,wöchentlicher TPM-Wartungsplan DSM L1 VM,week,UBK_W1
6101762,2a96e44efc6a1044,EH_STPM,8160-231,0,wöchentlicher TPM-Wartungsplan DSM L1 EM,week,8160_W
6075164,6e8bc4cdb6d628ea,EH_STPM,8160-231,1,TPM - Wartung ges. Linie / Bandsystem L2 | DSM L1 VM Prüfstation Nanofokus,unknown,8160_W
6051003,07d3d8e1c63b9b50,EH_STPM,8160-231,1,wöchentl. TPM Wartung Schleiflabor 2 DSM | Schleiflabor 2,unknown,UBK_W1
6070665,3b04d1042e07f19d,EH_STPM,8160-231,1,TPM Wartung C4 Inlineprüfung | DS-M L2 S1045 C4-Inlineprüpfung,unknown,8160_W
6015329,f717d0ba3e1846c0,EH_STPM,8160-260,0,wöchentlicher TPM Wartungsplan Hybrid 3,week,UBK_W1
6066548,bc0cd99cbb34f6cc,EH_STPM,8160-260,0,TPM - Wartung Hyb.3 gesamte Linie 1W,week,8160_W
6066550,f7ebc2823870085c,EH_STPM,8160-260,0,TPM - Wartung Hyb.3 Belader 1W,week,8160_W
6067924,f717d0ba3e1846c0,EH_STPM,8160-260,0,wöchentlicher TPM Wartungsplan Hybrid 3,week,8160_W
6092322,f717d0ba3e1846c0,EH_STPM,8160-260,0,wöchentlicher TPM Wartungsplan Hybrid 3,week,8160_W
6067912,9f27c68a320ba43b,EH_STPM,8160-260,1,TPM - Wartung Hyb.3 EKRA 1W | HYBRID L3 EKRA-DRUCKER (X5BOOT),week,8160_W
6067665,ee2fc71bfc590210,EH_STPM,8160-260,1,TPM Wartung Datacon SMP420 | SMP 420 DSH Bestücker (Datacon),unknown,8160_W
6092087,f3a429a6ad6509ef,EH_STPM,8160-260,1,"TPM Wartung Datacon SMP420 | HYB L3, 2210 Besi Bestücker",unknown,8160_W
6081652,f87b80cf4979dbd7,EH_STPM,8160-260,1,"TPM Wartung Ofen HYB L3 | HYB L3, 2380 Mass Ofen",unknown,8160_W
6017680,1840c1177c7fa6ac,EH_STPM,8160-280,0,wöchentlicher TPM WP SMD L4,week,UBK_W1
6092323,1840c1177c7fa6ac,EH_STPM,8160-280,0,wöchentlicher TPM WP SMD L4,week,UBK_W1
6093223,57a2136de18ffb7e,EH_STPM,8160-280,0,TPM Plan Siplaces SMD L4,unknown,8160_W
6035733,8b7252dc2db37520,EH_STPM,8160-280,0,wöchentlicher TPM WP SMD L5,week,UBK_W1
6035951,48754c9db96170a1,EH_STPM,8160-280,0,Vierwöchentl. TPM WP SMD L5 (Siplace 2),unknown,UBK_W1
6035952,12b9d45761cc9f0a,EH_STPM,8160-280,0,Vierwöchentl. TPM WP SMD L5 (Siplace 3),unknown,UBK_W1
6035953,baacc02cb7356476,EH_STPM,8160-280,0,Vierwöchentl. TPM WP SMD L5 (Siplace 1),unknown,UBK_W1
6092324,8b7252dc2db37520,EH_STPM,8160-280,0,wöchentlicher TPM WP SMD L5,week,UBK_W1
6093224,d35ba466e45b2161,EH_STPM,8160-280,0,TPM Plan Siplaces 1 SMD L5,unknown,8160_W
6101231,27bbc43b84c07aea,EH_STPM,8160-280,0,TPM Plan Siplaces 2 SMD L5,unknown,8160_W
6101232,a6172429c2b1c0bc,EH_STPM,8160-280,0,TPM Plan Siplaces 3 SMD L5,unknown,8160_W
6101233,49f15e3c9eb7117c,EH_STPM,8160-280,0,TPM Plan Siplaces 4 SMD L5,unknown,8160_W
6101234,a6172429c2b1c0bc,EH_STPM,8160-280,0,TPM Plan Siplaces 3 SMD L5,unknown,8160_W
6027195,15ec5448a3226bdc,EH_STPM,8160-280,0,wöchentlicher TPM WP SMD L6 (Siplace 4),week,UBK_W1
6046891,3749634b54c6860c,EH_STPM,8160-280,0,wöchentlicher TPM WP SMD L6,week,UBK_W1
6046894,e223cd5713c795e1,EH_STPM,8160-280,0,wöchentlicher TPM WP SMD L6 (Siplace 3),week,UBK_W1
6048342,004e3f6abd0ee835,EH_STPM,8160-280,0,wöchentlicher TPM WP SMD L6 (Siplace 5),week,UBK_W1
6048659,e67baacb84033e3e,EH_STPM,8160-280,0,wöchentlicher TPM WP SMD L6 (Siplace 2),week,8160_W
6067420,04e24d6fed668233,EH_STPM,8160-280,0,wöchentlicher TPM WP SMD L6 (Siplace 1),week,UBK_W1
6092325,04e24d6fed668233,EH_STPM,8160-280,0,wöchentlicher TPM WP SMD L6 (Siplace 1),week,UBK_W1
6092326,e67baacb84033e3e,EH_STPM,8160-280,0,wöchentlicher TPM WP SMD L6 (Siplace 2),week,8160_W
6092327,e223cd5713c795e1,EH_STPM,8160-280,0,wöchentlicher TPM WP SMD L6 (Siplace 3),week,UBK_W1
6092328,3749634b54c6860c,EH_STPM,8160-280,0,wöchentlicher TPM WP SMD L6,week,UBK_W1
6093225,94b4991b16f720f3,EH_STPM,8160-280,0,TPM Plan Siplaces SMD L6,unknown,8160_W
6070659,873f9fd4bc556d7f,EH_STPM,8160-280,0,wöchentlicher TPM WP SMD L7,week,UBK_W1
6092329,873f9fd4bc556d7f,EH_STPM,8160-280,0,wöchentlicher TPM WP SMD L7,week,UBK_W1
6083996,87603ae8519f8194,EH_STPM,8160-280,0,wöchentlicher TPM WP LPS5 Bare Die,week,UBK_W1
6092330,87603ae8519f8194,EH_STPM,8160-280,0,wöchentlicher TPM WP LPS5 Bare Die,week,UBK_W1
6092548,c1e152d7cead30cc,EH_STPM,8160-280,0,wöchentl. TPM-Wartungsplan SMP 420,unknown,UBK_W1
6067598,3c69d661739e1f8d,EH_STPM,8160-280,1,"TPM Wartung Entmagazinierer SMP420 | SMP, 4100 Mod. 1 Entmagazinierer/Einlauf",unknown,8160_W
6068567,3efc4fd54a8e6aee,EH_STPM,8160-280,1,"TPM Wartung Ring setzen SMP420 | SMP, 4110 Mod. 1 Ringkleber/Ringsetzen",unknown,8160_W
6067599,7dbebbc3314fe75e,EH_STPM,8160-280,1,"TPM Wartung Ofen SMP420 | SMP, 4130 Mod. 1 Durchlauftrocken-Ofen 1",unknown,8160_W
6068566,fc68f719b03c1dd2,EH_STPM,8160-280,1,"TPM Wartung Magazinierer SMP420 | SMP, 4200 Mod. 1 Magazinierer",unknown,8160_W
6068575,013e65ef70aa4c88,EH_STPM,8160-280,1,"TPM Wartung Entmagazinierer SMP420 | SMP, 4200 Mod. 2 Entmagazinieren",unknown,8160_W
6068570,9ffbde9441269f14,EH_STPM,8160-280,1,"TPM Wartung Vakuumvergelen SMP420 | SMP, 4210 Mod. 2 Vakuumverguss/Entöler 1",unknown,8160_W
6068569,430aa2719978aa7c,EH_STPM,8160-280,1,"TPM Wartung Vakuumvergelen SMP420 | SMP, 4230 Mod. 2 Vakuumverguss/Entöler 2",unknown,8160_W
6068572,cc2ab10113aaba8d,EH_STPM,8160-280,1,"TPM Wartung Ofen SMP420 | SMP, 4250 Mod. 2 Durchlauftrocken-Ofen 2",unknown,8160_W
6068568,76be21ab0a7e6415,EH_STPM,8160-280,1,"TPM Wartung Rückseitenverguss SMP420 | SMP, 4270 Mod. 2 Rückseitenverguss/Disp.",unknown,8160_W
6068565,12810feb3df8d28a,EH_STPM,8160-280,1,"TPM Wartung Magazinierer SMP420 | SMP, 4300 Mod. 2 Magazinierer",unknown,8160_W
6063440,dcf47f10b0cc3997,EH_STPM,8160-280,1,"TPM Wartungsplan Hotplate SMP420 | SMP, 5020 Abgleich HP01",unknown,8160_W
6066546,06e0da69d2889112,EH_STPM,8160-280,1,"TPM Wartung Hybrid brechen SMP420 | SMP, 5110 Vereinzeln 1 (Brechen 1)",unknown,8160_W
6068564,9d0516c6ac42590d,EH_STPM,8160-280,1,"TPM Wartung Laserbeschriften SMP420 | SMP, 4280 Mod. 2 Laserbeschriften",unknown,8160_W
6067933,32f4929509f96ba2,EH_STPM,8160-280,1,"TPM Wartung DSH Ofen SMP420 | SMP, 4320 Mod. 2 Heratherm Trockenschr.",unknown,8160_W
6084800,4bb18ae826ab2835,EH_STPM,8160-280,1,"TPM Wartungsplan Hotplate SMP420 | SMP, 5020 Abgleichsystem HP02",unknown,8160_W
6030040,95d0e7dac06e0a01,EH_STPM,8160-310,0,wöchtl. Wartungsplan HFM2,unknown,UBK_W1
6039977,17f0382ceed58459,EH_STPM,8160-330,0,wöchentl. TPM-Wartungsplan IPH,unknown,UBK_W1
6051891,17f0382ceed58459,EH_STPM,8160-330,0,wöchentl. TPM-Wartungsplan IPH,unknown,8160_W
6092255,17f0382ceed58459,EH_STPM,8160-330,0,wöchentl. TPM-Wartungsplan IPH,unknown,8160_W
6091187,a25665edcae83f60,EH_STPM,8160-330,0,wöchtl.TPM Wartungsplan HFM6 Modul 1,unknown,UBK_W1
6092237,18168ceea3619cad,EH_STPM,8160-330,0,TPM-Wartungsplan HFM6 M1,unknown,UBK_W1
6025691,176eb67aaf06a689,EH_STPM,8160-330,0,wöchtl.TPM Wartungsplan HFM6 Modul 2,unknown,UBK_W1
6092284,8edb98a3bea9763e,EH_STPM,8160-330,0,TPM-Wartungsplan HFM6 M2,unknown,UBK_W1
6035769,189ab827fe424bd1,EH_STPM,8160-330,0,wöchtl.TPM Wartungsplan HFM6 Modul3 INAK,unknown,UBK_W1
6054742,0fbb94575693596d,EH_STPM,8160-330,0,wöchentlicher TPM Wartungsplan HFM6M3,week,8160_W
6092285,951814b2129fda9a,EH_STPM,8160-330,0,TPM-Wartungsplan HFM6 M3,unknown,8160_W
6054743,2fe0f7bb8733ff6a,EH_STPM,8160-330,0,wöchentlicher TPM Wartungsplan HFM6M4,week,8160_W
6092239,f3a03cad51ac47e0,EH_STPM,8160-330,0,TPM-Wartungsplan HFM6 M4,unknown,8160_W
6080084,904a89d670076c61,EH_STPM,8160-330,0,wöchentlicher TPM Wartungsplan HFM6M5,week,8160_W
6092238,49982d687ad835f6,EH_STPM,8160-330,0,TPM-Wartungsplan HFM6 M5,unknown,8160_W
6025470,e08683c555e523b2,EH_STPM,8160-330,0,wöchtl.TPM Wartungsplan HFM6 K1A,unknown,UBK_W1
6092287,e08683c555e523b2,EH_STPM,8160-330,0,wöchtl.TPM Wartungsplan HFM6 K1A,unknown,UBK_W1
6040771,f3dc7f599e64a13e,EH_STPM,8160-330,0,wöchtl.TPM Wartungsplan HFM6 K1B,unknown,UBK_W1
6092281,f3dc7f599e64a13e,EH_STPM,8160-330,0,wöchtl.TPM Wartungsplan HFM6 K1B,unknown,UBK_W1
6025471,0564d9f4a9d0c142,EH_STPM,8160-330,0,wöchtl.TPM Wartungsplan HFM6/7 K2C,unknown,UBK_W1
6092286,0564d9f4a9d0c142,EH_STPM,8160-330,0,wöchtl.TPM Wartungsplan HFM6/7 K2C,unknown,UBK_W1
6040772,a5a2e0b212f34282,EH_STPM,8160-330,0,wöchtl.TPM Wartungsplan HFM6/7 K2D,unknown,UBK_W1
6092240,a5a2e0b212f34282,EH_STPM,8160-330,0,wöchtl.TPM Wartungsplan HFM6/7 K2D,unknown,UBK_W1
6033270,0a49e5313aa04834,EH_STPM,8160-330,0,wöchtl.TPM Wartungsplan HFM6/7 K3E,unknown,UBK_W1
6092283,0a49e5313aa04834,EH_STPM,8160-330,0,wöchtl.TPM Wartungsplan HFM6/7 K3E,unknown,UBK_W1
6047225,1a7b8e62fca745ef,EH_STPM,8160-330,0,wöchtl.TPM Wartungsplan HFM6/7 K3F,unknown,UBK_W1
6092282,1a7b8e62fca745ef,EH_STPM,8160-330,0,wöchtl.TPM Wartungsplan HFM6/7 K3F,unknown,UBK_W1
6069000,1838cea0a922ee2b,EH_STPM,8160-331,0,TPM Wartungsplan PFM,unknown,8160_W
6023780,765bc3177622e271,EH_STPM,8160-340,0,wöchtl. TPM-Wartungsplan DS-S2 Linie1,unknown,UBK_W1
6023781,646c8cd6562e706b,EH_STPM,8160-340,0,wöchtl. TPM-Wartungsplan DS-S2 Linie2,unknown,UBK_W1
6023782,9a57ddcff3acb5f7,EH_STPM,8160-340,0,wöchtl. TPM-Wartungsplan DS-S2 Linie3,unknown,UBK_W1
6023783,7cf6f490252550bd,EH_STPM,8160-340,0,wöchtl. TPM-Wartungsplan DS-S2 Linie4,unknown,UBK_W1
6023784,0db50dda6f61792d,EH_STPM,8160-340,0,wöchtl. TPM-Wartungsplan DS-S2 Linie5,unknown,UBK_W1
6092208,0db50dda6f61792d,EH_STPM,8160-340,0,wöchtl. TPM-Wartungsplan DS-S2 Linie5,unknown,UBK_W1
6092290,0db50dda6f61792d,EH_STPM,8160-340,0,wöchtl. TPM-Wartungsplan DS-S2 Linie5,unknown,UBK_W1
6101741,0db50dda6f61792d,EH_STPM,8160-340,0,wöchtl. TPM-Wartungsplan DS-S2 Linie5,unknown,8160_W
6065036,f96a32fc278b6ef9,EH_STPM,8160-340,1,"TPM - Wartung Bestücken WT DSS2, L5 | DSS2, L5, Bestücken WT",unknown,8160_W
6065037,d2779a5411aaf974,EH_STPM,8160-340,1,"TPM - Wartung Schweißrundtisch DSS2, L5 | DSS2, L5, Schweißrundtisch",unknown,8160_W
6085203,d2779a5411aaf974,EH_STPM,8160-340,1,"TPM - Wartung Schweißrundtisch DSS2, L5 | DSS2, L5, Schweißrundtisch",unknown,8160_W
6065039,516d8e0ddd350ab6,EH_STPM,8160-340,1,"TPM - Wartung Kleben Hybrid DSS2, L5 | DSS2, L5, Kleben Hybrid",unknown,8160_W
6065040,f07130de9edf66ea,EH_STPM,8160-340,1,"TPM - Wartung Brechen Hybrid DSS2, L5 | DSS2, L5, Brechen Hybrid",unknown,8160_W
6065041,f162929c1d978460,EH_STPM,8160-340,1,"TPM - Wartung Montage Hybrid DSS2, L5 | DSS2, L5, Montage Hybrid",unknown,8160_W
6067925,c092f4da2a914728,EH_STPM,8160-340,1,"TPM Wartung Ofen | DSS2, L5, Ofen Hybrid",unknown,8160_W
6065042,ef237df417f14162,EH_STPM,8160-340,1,"TPM - Wartung Dickdrahtbonden DSS2, L5 | DSS2, L5, Dickdrahtbonden",unknown,8160_W
6065043,9ca9ddb1af0813b2,EH_STPM,8160-340,1,"TPM - Wartung Kleben Deckel DSS2, L5 | DSS2, L5, Kleben Deckel",unknown,8160_W
6065044,00012022555771fb,EH_STPM,8160-340,1,"TPM - Wartung Montage Deckel DSS2, L5 | DSS2, L5, Montage Deckel",unknown,8160_W
6067926,ca255bda598be4af,EH_STPM,8160-340,1,"TPM Wartung Ofen | DSS2, L5, Ofen Deckel",unknown,8160_W
6065045,15f4b12ccdaf7538,EH_STPM,8160-340,1,"TPM - Wartung Montage O-Ring DSS2, L5 | DSS2, L5, Montage O-Ring",unknown,8160_W
6065046,fd19abccce336fbf,EH_STPM,8160-340,1,"TPM - Wartung Fkt.- & Dichtheitsprüfung | DSS2, L5, Funktions-/Dichtheitsprüfung",unknown,8160_W
6065048,8d5f70088f9c894f,EH_STPM,8160-340,1,"TPM - Wartung Linie & Bandsystem DSS2 L5 | DSS2, L5, Bandsystem",unknown,8160_W
6065047,bc9334466379b673,EH_STPM,8160-340,1,"TPM - Wartung Schlusssichtprüfen DSS2 L5 | DSS2, L5, Schlusssichtprüfen",unknown,8160_W
6065038,3aca04ce4759e2f2,EH_STPM,8160-340,1,"TPM - Wartung Plasmaanlage DSS2, L5 | DSS2, L5, Plasmaanlage",unknown,8160_W
6023785,4a348d97521c9942,EH_STPM,8160-340,0,wöchtl. TPM-Wartungsplan DS-S2 Linie6,unknown,UBK_W1
6092331,4a348d97521c9942,EH_STPM,8160-340,0,wöchtl. TPM-Wartungsplan DS-S2 Linie6,unknown,UBK_W1
6065014,7c3e2a1cf02111d7,EH_STPM,8160-340,1,"TPM - Wartung Bestücken WT DSS2 L6 | DSS2, L6, Bestücken WT",unknown,8160_W
6065049,fb22ae686a7bc6ac,EH_STPM,8160-340,1,"TPM - Wartung Schweißrundtisch DSS2, L6 | DSS2, L6, Schweißrundtisch",unknown,8160_W
6065016,56ce2be2ee0a662c,EH_STPM,8160-340,1,"TPM - Wartung Kleben Hybrid DSS2, L6 | DSS2, L6, Kleben Hybrid",unknown,8160_W
6065017,708c0bd82771484f,EH_STPM,8160-340,1,"TPM - Wartung Brechen Hybrid DSS2, L6 | DSS2, L6, Brechen Hybrid",unknown,8160_W
6065015,2490aec317d95e68,EH_STPM,8160-340,1,"TPM - Wartung Plasmaanlage DSS2 L6 | DSS2, L6, Plasmaanlage",unknown,8160_W
6065018,df1841f60dea7e67,EH_STPM,8160-340,1,"TPM - Wartung Montage Hybrid DSS2, L6 | DSS2, L6, Montage Hybrid",unknown,8160_W
6067927,12764792724272ed,EH_STPM,8160-340,1,"TPM Wartung Ofen | DSS2, L6, Ofen Hybrid",unknown,8160_W
6065035,8a3f861c310d6f36,EH_STPM,8160-340,1,"TPM - Wartung Dickdrahtbonden DSS2, L6 | DSS2, L6, Dickdrahtbonden",unknown,8160_W
6065019,bc0ff348faab8252,EH_STPM,8160-340,1,"TPM - Wartung Kleben Deckel DSS2, L6 | DSS2, L6, Kleben Deckel",unknown,8160_W
6065020,d106f1a521b8ca1c,EH_STPM,8160-340,1,"TPM - Wartung Montage Deckel DSS2, L6 | DSS2, L6, Montage Deckel",unknown,8160_W
6067928,6923ccd9bb0d2b96,EH_STPM,8160-340,1,"TPM Wartung Ofen | DSS2, L6, Ofen Deckel",unknown,8160_W
6065031,ce3bfe537866440d,EH_STPM,8160-340,1,"TPM - Wartung Montage O-Ring DSS2, L6 | DSS2, L6, Montage O-Ring",unknown,8160_W
6065032,05b0ca2d2bdef8a5,EH_STPM,8160-340,1,"TPM - Wartung Fkt.- & Dichtheitsprüfung | DSS2, L6, Funktions-/Dichtheitsprüfung",unknown,8160_W
6065033,ff0eebd9062c7529,EH_STPM,8160-340,1,"TPM - Wartung Schlusssichtprüfen DSS2 L6 | DSS2, L6, Schlusssichtprüfen",unknown,8160_W
6065034,ae83da99e3484532,EH_STPM,8160-340,1,"TPM - Wartung Linie & Bandsystem DSS2 L6 | DSS2, L6, Bandsystem",unknown,8160_W
6080651,c8f7c1823e15d8c6,EH_STPM,8160-340,1,"TPM - Wartung Montage O-Ring 2 DSS2, L6 | DSS2, L6, Montage O-Ring Sondertypen",unknown,8160_W
6023786,5d0965eee62fabac,EH_STPM,8160-350,0,wöchentl. TPM-Wartungsplan DS-S3 L1,unknown,UBK_W1
6034285,1886cea790faba03,EH_STPM,8160-350,0,zusätzl.TPM-Wartungsplan DS-S3 Linie1 3W,week,UBK_W1
6051857,5d0965eee62fabac,EH_STPM,8160-350,0,wöchentl. TPM-Wartungsplan DS-S3 L1,unknown,8160_W
6031451,eec0f2ac5cd52efe,EH_STPM,8160-350,0,wöchentl. TPM-Wartungsplan DS-S3 L2,unknown,UBK_W1
6034286,76e16084eeb7601a,EH_STPM,8160-350,0,zusätzl.TPM-Wartungsplan DS-S3 Linie2 3W,week,UBK_W1
6037724,4f263dbed9cee55a,EH_STPM,8160-350,0,wöchentl. TPM-Wartungsplan DS-S3 L2 DAE,unknown,UBK_W1
6051858,eec0f2ac5cd52efe,EH_STPM,8160-350,0,wöchentl. TPM-Wartungsplan DS-S3 L2,unknown,8160_W
6092265,eec0f2ac5cd52efe,EH_STPM,8160-350,0,wöchentl. TPM-Wartungsplan DS-S3 L2,unknown,8160_W
6092299,4f263dbed9cee55a,EH_STPM,8160-350,0,wöchentl. TPM-Wartungsplan DS-S3 L2 DAE,unknown,UBK_W1
6099447,eec0f2ac5cd52efe,EH_STPM,8160-350,0,wöchentl. TPM-Wartungsplan DS-S3 L2,unknown,8160_W
6037722,8cdd61974437c7e6,EH_STPM,8160-350,1,"wöchentl. TPM-Wartungsplan DS-S3 L3 CV-V | DSS3, L2 CV-Vormont. Membran; Stutzen",unknown,UBK_W1
6067932,cbeda225f0e52eb8,EH_STPM,8160-350,1,"TPM Prüfen Membran & Dichtheits - Dummys | DSS3, L2 CV-Vormont. Membran; Stutzen",unknown,8160_W
6092300,18837895528814e9,EH_STPM,8160-350,1,"2 wöchentl. TPM-Wartungsplan DS-S3 CV-V | DSS3, L2 CV-Vormont. Membran; Stutzen",unknown,UBK_W1
6033754,7be23554b3f899af,EH_STPM,8160-350,0,wöchentl. TPM-Wartungsplan DS-S3 L3,unknown,UBK_W1
6034287,293f1104903853a1,EH_STPM,8160-350,0,zusätzl.TPM-Wartungsplan DS-S3 Linie3 3W,week,UBK_W1
6051859,7be23554b3f899af,EH_STPM,8160-350,0,wöchentl. TPM-Wartungsplan DS-S3 L3,unknown,8160_W
6092264,7be23554b3f899af,EH_STPM,8160-350,0,wöchentl. TPM-Wartungsplan DS-S3 L3,unknown,8160_W
6099241,7be23554b3f899af,EH_STPM,8160-350,0,wöchentl. TPM-Wartungsplan DS-S3 L3,unknown,8160_W
6037582,a3d5cc3c70324037,EH_STPM,8160-350,0,wöchentl. TPM-Wartungsplan DS-S3 L4,unknown,UBK_W1
6092321,a3d5cc3c70324037,EH_STPM,8160-350,0,wöchentl. TPM-Wartungsplan DS-S3 L4,unknown,UBK_W1
6040236,dc162047f96e0d8b,EH_STPM,8160-350,0,wöchentl. TPM-Wartungsplan DS-S3 L5,unknown,UBK_W1
6092298,dc162047f96e0d8b,EH_STPM,8160-350,0,wöchentl. TPM-Wartungsplan DS-S3 L5,unknown,UBK_W1
6099328,dc162047f96e0d8b,EH_STPM,8160-350,0,wöchentl. TPM-Wartungsplan DS-S3 L5,unknown,UBK_W1
6048471,54b312b5afc208f6,EH_STPM,8160-350,0,wöchentl. TPM-Wartungsplan DS-S3 L6,unknown,UBK_W1
6092266,54b312b5afc208f6,EH_STPM,8160-350,0,wöchentl. TPM-Wartungsplan DS-S3 L6,unknown,UBK_W1
6099446,54b312b5afc208f6,EH_STPM,8160-350,0,wöchentl. TPM-Wartungsplan DS-S3 L6,unknown,UBK_W1
6069482,274febb855935324,EH_STPM,8160-350,0,wöchentl. TPM-Wartungsplan DS-S3 L7,unknown,UBK_W1
6092263,274febb855935324,EH_STPM,8160-350,0,wöchentl. TPM-Wartungsplan DS-S3 L7,unknown,UBK_W1
6091481,e2dda59171205ec2,EH_STPM,8160-351,0,wöchentlicher TPM - Wartungsplan PS4 L1,week,8160_W
6064227,67a30febe29c01c1,EH_STPM,8160-351,1,TPM - Wartung PS4 St.150 | PS4L1 S150 Elektronikmontage,unknown,8160_W
6064233,7eea672c38de31a3,EH_STPM,8160-351,1,TPM - Wartung PS4 St.330 | PS4L1 S330 Dichtheitspruefung,unknown,8160_W
6064221,414292fedf932fc3,EH_STPM,8160-351,1,TPM - Wartung PS4 gesamte Anlage | PS4L1 Linie gesamt,unknown,8160_W
6055663,7dd62128583fbcbb,EH_STPM,8160-351,0,wöchentlicher TPM - Wartungsplan PS4 L2,week,8160_W
6067929,93b02783a2506e77,EH_STPM,8160-351,1,TPM Wartung VM Stutzen 1W | PS4L1 VM Stutzen / Beschriften DMC,week,8160_W
6074984,fdd22d2fa60a7ee2,EH_STPM,8160-351,1,TPM - Wartung PS4 Palettierer | PS4L2 Palettierer,unknown,8160_W
6074985,1ce75bda4591a6fd,EH_STPM,8160-351,1,TPM - Wartung PS4 DMC SCHREIBEN | PS4L2 DMC SCHREIBEN,unknown,8160_W
6074999,fe698f4df502dda4,EH_STPM,8160-351,1,TPM Wartung DMC SCHREIBEN | PS4L2 DMC SCHREIBEN,unknown,8160_W
6074986,22fd9d1aa0b5e645,EH_STPM,8160-351,1,TPM - Wartung PS4 NTC MONTAGE | PS4L2 NTC MONTAGE,unknown,8160_W
6074987,d29f664502f9a2ba,EH_STPM,8160-351,1,TPM - Wartung PS4 PLASMAAKTIVIERUNG | PS4L2 PLASMAAKTIVIERUNG,unknown,8160_W
6074988,8cf46dad8b6ee32d,EH_STPM,8160-351,1,TPM - Wartung PS4 KLEBERDOSIERUNG EL | PS4L2 KLEBERDOSIERUNG EL,unknown,8160_W
6074989,0dbff007976d5a85,EH_STPM,8160-351,1,TPM - Wartung PS4 ELEKTRONIKMONTAGE | PS4L2 ELEKTRONIKMONTAGE,unknown,8160_W
6074990,ecb503bc2e2976d6,EH_STPM,8160-351,1,TPM - Wartung PS4 OFEN 1 | PS4L2 OFEN 1,unknown,8160_W
6074991,39064a43c01d4cdc,EH_STPM,8160-351,1,TPM - Wartung PS4 BONDEN ZELLE 1 | PS4L2 BONDER DELVOTEC G5,unknown,8160_W
6076693,81cdef37362923ac,EH_STPM,8160-351,1,TPM - Wartung PS4 BONDEN ZELLE 1 | PS4L2 BONDER DELVOTEC,unknown,8160_W
6074992,5973ccd1ab0c17c8,EH_STPM,8160-351,1,TPM - Wartung PS4 BONDSICHTPRÜFUNG | PS4L2 BONDSICHTPRÜFUNG 1,unknown,8160_W
6076695,59969a51630614aa,EH_STPM,8160-351,1,TPM - Wartung PS4 BONDSICHTPRÜFUNG | PS4L2 BONDSICHTPRÜFUNG 2,unknown,8160_W
6074993,1bd2331de6ed4ceb,EH_STPM,8160-351,1,TPM - Wartung PS4 KLEBERDOSIERUNG D. | PS4L2 KLEBERDOSIERUNG DECKEL,unknown,8160_W
6074994,5cb0e21a6077f405,EH_STPM,8160-351,1,TPM - Wartung PS4 VERGELEN 1 | PS4L2 VERGELEN 1,unknown,8160_W
6075018,a645139bd9d12106,EH_STPM,8160-351,1,TPM - Wartung PS4 VERGELEN 2 | PS4L2 VERGELEN 2,unknown,8160_W
6076696,8c5ef230de18b51b,EH_STPM,8160-351,1,TPM - Wartung PS4 Montage Deckel | PS4L2 MONTAGE DECKEL,unknown,8160_W
6079213,b9533b4fb5a842c2,EH_STPM,8160-351,1,TPM - Wartung PS4 St.310 | PS4L2 ANYFEEDER DECKEL,unknown,8160_W
6076697,e8ce5093b3116630,EH_STPM,8160-351,1,TPM - Wartung PS4 US Schweißen | PS4L2 ULTRASCHWEIßGERÄT HERRMANN,unknown,8160_W
6075008,b8c0cd546541cdf0,EH_STPM,8160-351,1,TPM - Wartung PS4 OFEN 2 | PS4L2 OFEN 2,unknown,8160_W
6074995,b4cbbdcccb31df55,EH_STPM,8160-351,1,TPM - Wartung PS4 DICHTHEITSPRUEFUNG | PS4L2 DICHTHEITSPRUEFUNG,unknown,8160_W
6074996,b0218e53ab54e62f,EH_STPM,8160-351,1,TPM - Wartung PS4 FUNKTIONSPRÜFUNG 1 | PS4L2 FUNKTIONSPRÜFUNG 1,unknown,8160_W
6075020,9aaf1831ba2c0663,EH_STPM,8160-351,1,TPM - Wartung PS4 FUNKTIONSPRÜFUNG 2 | PS4L2 FUNKTIONSPRÜFUNG 2,unknown,8160_W
6076698,a29ec812f269eed5,EH_STPM,8160-351,1,TPM - Wartung PS4 Laserbeschriften | PS4L2 LASERBESCHRIFTUNG,unknown,8160_W
6076699,036b315826281382,EH_STPM,8160-351,1,TPM - Wartung PS4 Schlussprüfen | PS4L2 SCHLUSSPRÜFUNG VERPACKEN,unknown,8160_W
6074983,97b6588251efe6d3,EH_STPM,8160-351,1,TPM - Wartung PS4 gesamte Anlage | PS4L2 LINIE GESAMT,unknown,8160_W
6091482,ee00a50c5d398bfc,EH_STPM,8160-351,0,wöchentlicher TPM - Wartungsplan PS4 L3,week,8160_W
6082634,2d97deccdc4e98a6,EH_STPM,8160-351,1,TPM - Wartung PS4 Palettierer | PS4L3 S100 PALETTIERER,unknown,8160_W
6082559,b45d01d63fd8e288,EH_STPM,8160-351,1,TPM - Wartung PS4 DMC SCHREIBEN | PS4L3 S110 DMC SCHREIBEN,unknown,8160_W
6082637,668c968cc6fbc341,EH_STPM,8160-351,1,TPM - Wartung PS4 PLASMAAKTIVIERUNG | PS4L3 S130 PLASMAAKTIVIERUNG,unknown,8160_W
6082589,7d172b8093140291,EH_STPM,8160-351,1,TPM - Wartung PS4 ELEKTRONIKMONTAGE | PS4L3 S150.1 ELEKTRONIKMONTAGE 1,unknown,8160_W
6082624,5b349159182c137e,EH_STPM,8160-351,1,TPM - Wartung PS4 OFEN 1 | PS4L3 S200 OFEN 1,unknown,8160_W
6082547,08d89fb5668e5cc4,EH_STPM,8160-351,1,TPM - Wartung PS4 BONDEN ZELLE 1 | PS4L3 S210.1 BONDER DELVOTEC,unknown,8160_W
6082550,c1b5d95ba7c7e758,EH_STPM,8160-351,1,TPM - Wartung PS4 BONDEN ZELLE 1 | PS4L3 S210.2 BONDER DELVOTEC,unknown,8160_W
6082552,d0bf3e419f2ad9b0,EH_STPM,8160-351,1,TPM - Wartung PS4 BONDSICHTPRÜFUNG | PS4L3 S225.1 BONDSICHTPRÜFUNG 1,unknown,8160_W
6082553,c3983368812db998,EH_STPM,8160-351,1,TPM - Wartung PS4 BONDSICHTPRÜFUNG | PS4L3 S225.2 BONDSICHTPRÜFUNG 2,unknown,8160_W
6082595,0b14ba9f69b1bc51,EH_STPM,8160-351,1,TPM - Wartung PS4 KLEBERDOSIERUNG D. | PS4L3 S230.1 KLEBERDOSIERUNG DECKEL 1,unknown,8160_W
6082598,acd5eb9af1cf9e69,EH_STPM,8160-351,1,TPM - Wartung PS4 KLEBERDOSIERUNG EL | PS4L3 S230.2 KLEBERDOSIERUNG DECKEL 2,unknown,8160_W
6082662,68ea4ab2209cff7c,EH_STPM,8160-351,1,TPM - Wartung PS4 VERGELEN 1 | PS4L3 S240.1 VERGELEN 1,unknown,8160_W
6082665,888989e3b0fdb0a2,EH_STPM,8160-351,1,TPM - Wartung PS4 VERGELEN 2 | PS4L3 S240.2 VERGELEN 2,unknown,8160_W
6082608,68c34579feee8cfd,EH_STPM,8160-351,1,TPM - Wartung PS4 Montage Deckel | PS4L3 S260 MONTAGE DECKEL,unknown,8160_W
6082545,a65d1d314d92582d,EH_STPM,8160-351,1,TPM - Wartung PS4 St.310 | PS4L3 S260 ANYFEEDER DECKEL,unknown,8160_W
6082660,b35e525b971d1dd8,EH_STPM,8160-351,1,TPM - Wartung PS4 US Schweißen | PS4L3 S270 ULTRASCHWEIßGERÄT HERRMANN,unknown,8160_W
6082630,7bf1775eb1c93102,EH_STPM,8160-351,1,TPM - Wartung PS4 OFEN 2 | PS4L3 S300 OFEN 2,unknown,8160_W
6082556,a3b90e05935b853d,EH_STPM,8160-351,1,TPM - Wartung PS4 DICHTHEITSPRUEFUNG | PS4L3 S330.1 DICHTHEITSPRUEFUNG 1,unknown,8160_W
6082590,001009eed21c558e,EH_STPM,8160-351,1,TPM - Wartung PS4 FUNKTIONSPRÜFUNG 1 | PS4L3 S340.1 FUNKTIONSPRÜFUNG 1,unknown,8160_W
6082591,5bc5f47e781c8c30,EH_STPM,8160-351,1,TPM - Wartung PS4 FUNKTIONSPRÜFUNG 2 | PS4L3 S340.2 FUNKTIONSPRÜFUNG 2,unknown,8160_W
6082600,1085201db93a69c3,EH_STPM,8160-351,1,TPM - Wartung PS4 Laserbeschriften | PS4L3 S350 LASERBESCHRIFTUNG,unknown,8160_W
6082643,67d154169fc5c00a,EH_STPM,8160-351,1,TPM - Wartung PS4 Schlussprüfen | PS4L3 S360 SCHLUSSPRÜFUNG VERPACKEN,unknown,8160_W
6082603,37c3de6f5ec4299b,EH_STPM,8160-351,1,TPM - Wartung PS4 gesamte Anlage | PS4L3 LINIE GESAMT,unknown,8160_W
6084853,ec2599e50e0355d1,EH_STPM,8160-352,0,wöchentlicher TPM WP LPS5 Bare Die,week,UBK_W1
6084876,abdef82a11c09a4b,EH_STPM,8160-352,0,Prüfung Maschinentür LPS5,unknown,UBK_W1
6085921,fbbfc5a9b90b7c54,EH_STPM,8160-352,0,wöchentlicher TPM WP LPS5 Endmontage,week,UBK_W1
6056263,05635d91767adc2b,EH_STPM,8160-380,0,wöchentlicher TPM Wartungsplan GCS,week,UBK_W1
6070699,3baa0847a3521440,EH_STPM,8160-380,0,TPM Wartungsplan PFM Automatiklinie,unknown,UBK_W1
6058423,f53c789ae94d4e58,EH_STPM,8160-380,1,"wöchentl. TPM Wartungsplan GCS E-Modul | GCS, Vormontage E - Modul",unknown,UBK_W1
6103250,2b30b0fa439df691,EH_STPM,8160-380,0,TPM-Wartungsplan Hys-1-Ex,unknown,UBK_W1
6037723,096373392c4ce439,EH_STPM,8160-499,1,"wöchentl. TPM-Wartungsplan DS-S3 L3 DAE | DSS3, L3, Montage DAE",unknown,UBK_W1
6064222,216ca30da1de97e3,EH_STPM,8160-499,1,TPM - Wartung PS4 St.100 | PS4L1 S100 Gehäusezuführung manuell,unknown,8160_W
6064223,c86781bfc26fd6db,EH_STPM,8160-499,1,TPM - Wartung PS4 St.110 | PS4L1 S110 DMC schreiben,unknown,8160_W
6064224,5c5cba9b00df6b00,EH_STPM,8160-499,1,TPM - Wartung PS4 St.120 | PS4L1 S120 NTC Montage,unknown,8160_W
6064225,3af23fe08ae5bfc1,EH_STPM,8160-499,1,TPM - Wartung PS4 St.130 | PS4L1 S130 Plasmaaktivierung,unknown,8160_W
6064226,aae1ee60e4233525,EH_STPM,8160-499,1,TPM - Wartung PS4 St.140 | PS4L1 S140 Kleberdosierung El,unknown,8160_W
6064229,c2c877a4f6857f52,EH_STPM,8160-499,1,TPM - Wartung PS4 St.210 | PS4L1 S210 Bonden Zelle1,unknown,8160_W
6064230,5240be83ade3a32c,EH_STPM,8160-499,1,TPM - Wartung PS4 St.225 | PS4L1 S225 Bondsichtprüfung,unknown,8160_W
6064231,f2626dd6cfe6063d,EH_STPM,8160-499,1,TPM - Wartung PS4 St.230 | PS4L1 S230 Kleberdosierung Deckel,unknown,8160_W
6064232,b467aaebccf43d64,EH_STPM,8160-499,1,TPM - Wartung PS4 St.240 | PS4L1 S240.1 Vergelen 1,unknown,8160_W
6064234,9b278fb394fa48d3,EH_STPM,8160-499,1,TPM - Wartung PS4 St.340 | PS4L1 S340.1 Funktionsprüfung 1,unknown,8160_W
6068911,543aa55fadaa0e14,EH_STPM,8160-499,1,TPM - Wartung PS4 St.200 | PS4L1 S300 Ofen 2,unknown,8160_W
6071028,904001db088126ef,EH_STPM,8160-499,1,TPM - Wartung PS4 St.240 | PS4L1 S240.2 Vergelen 2,unknown,8160_W
6071031,92a30d626f44da13,EH_STPM,8160-499,1,TPM - Wartung PS4 St.340 | PS4L1 S340.2 Funktionsprüfung 2,unknown,8160_W
6085861,0d7a402added09f8,EH_STPM,8160-910,1,TPM - Wartung PS4 L1 Batchofen | Vötsch Ofen VT4011 58566191650010 DS-G3,unknown,8160_W
6067934,6b0623aa96ad09e5,EH_STPM,8160-920,1,TPM Wartung DSH Ofen SMP420 | HTV-T Aushärteofen,unknown,8160_W
6017874,bb51345f2cf22cbd,EH_TLIN,8160-001,1,Mechanik Prüfungen | PRÜFRUNDTISCH 9,unknown,UBK_W1
6017871,8c37c70b3410cde7,EH_TLIN,8160-001,1,Mechanik Prüfungen | PRÜFRUNDTISCH 12 DF/DG6,unknown,UBK_W1
6017870,92a93a55dd133316,EH_TLIN,8160-001,1,Mechanik Prüfungen | PRÜFRUNDTISCH 10,unknown,UBK_W1
6041012,a0ee711904dcf54d,EH_TLIN,8160-110,0,monatl. 5S/TPM - Aktivitäten Service MSC,unknown,8160_W
6017880,acd8462dd3349acc,EH_TLIN,8160-120,1,Mechanik Prüfungen | 1101 PRÜFRUNDTISCH NR.16,unknown,UBK_W1
6067844,650f4d6ddd62fa37,EH_TLIN,8160-400,0,wöch. 5S/TPM Wartungspl. Service MST,unknown,8160_W
6076487,8746e825ad676aa4,EH_TS00,8160-110,1,Tausch Kontaktiernadeln | Wechselteilschrank H2-Prüfstand,unknown,UBK_W1
6076488,b7875efa35ba0510,EH_TS00,8160-110,1,Tausch Kontaktiernadeln | Wechselteilschrank H30-Prüfstand,unknown,UBK_W1
6050991,219af49c6ae9da27,EH_TS00,8160-110,0,monatl. 5S/TPM - Servicepool 122,unknown,8160_M
6014830,01edecf90e162c21,EH_TS00,8160-420,0,Elektrik: Vergussplatz Batterie,unknown,UBK_W1
6014832,1324e9eb26c42fc0,EH_TS00,8160-420,0,Mechanik: Vergussplatz 4W,week,UBK_W1
6014833,fa02385939cb0509,EH_TS00,8160-420,0,Elektrik: Montage Dämpfungsgummi,unknown,UBK_W1
6014834,b19530ba63c93dbd,EH_TS00,8160-420,0,Mechanik: Montage Dämpfungsgummi 4W,week,UBK_W1
6014845,8c9b48df0af8a2f1,EH_TS00,8160-420,0,Elektrik: Montage Federdruckstück,unknown,UBK_W1
6014846,3ea22f22618dd805,EH_TS00,8160-420,0,Mechanik: Montage Federdruckstück 4W,week,UBK_W1
6014847,0aeca96b4b0a5b59,EH_TS00,8160-420,0,Elektrik: Montage Kappe,unknown,UBK_W1
6014848,fedc4a215f0bb690,EH_TS00,8160-420,0,Mechanik: Montage Kappe 4W,week,UBK_W1
6014849,69571a2f36cf7720,EH_TS00,8160-420,0,Elektrik: Automatiklinie 10W,week,UBK_W1
6015180,dccd57fb42cfffcf,EH_TS00,8160-420,0,Mechanik: Automariklinie 4W,week,UBK_W1
6100156,41e6b5ce118c5f9e,EH_TS00,8160-500,0,monatl. 5S/TPM - Servicepool 108,unknown,8160_M
6032910,3b62a50f326e2cfc,EH_TS01,8160-001,1,"Austausch Pufferbatterie 730T | 6000_1, Spritzmaschine M100",day,UBK_W1
6035959,1772e99d101664eb,EH_TS01,8160-001,1,"Austausch Pufferbatterie 730T | 2000_1, 2150 Spritzmaschine M105",day,UBK_W1
6032916,b4f0ed5479c81f0a,EH_TS01,8160-001,1,"Austausch Pufferbatterie 730T | 2000_1, 2160 Spritzmaschine M106",day,UBK_W1
6035457,0de48b0932fb61ac,EH_TS01,8160-001,1,"Austausch Pufferbatterie 730T | 8000_1, Spritzmaschine M107 St.04 8300",day,UBK_W1
6035456,976265850974a668,EH_TS01,8160-001,1,"Austausch Pufferbatterie 730T | 5000_1, Spritzmaschine M104",day,UBK_W1
6048523,976265850974a668,EH_TS01,8160-001,1,"Austausch Pufferbatterie 730T | 5000_1, Spritzmaschine M104",day,UBK_W1
6047857,d96f8de06a458789,EH_TS01,8160-001,1,"Austausch Pufferbatterie 730T | 6000_3, Spritzmaschine M110",day,UBK_W1
6047920,b4779aa4e00117a5,EH_TS01,8160-001,1,"Austausch Pufferbatterie 730T | 2000_3, 2150 Spritzmaschine n_ab M108",day,UBK_W1
6047863,442338b2e1b7d150,EH_TS01,8160-001,1,"Austausch Pufferbatterie 730T | 2000_3, 2160 Spritzmaschine n_t M109",day,UBK_W1
6075757,ed70372d0afdf05c,EH_TS01,8160-002,1,1103Kapa Fräsen | 1103K Fräsen,unknown,UBK_W1
6062062,f6d0c0561eaa4ff4,EH_TS01,8160-004,1,"Austausch Pufferbatterie 730T | 6000_6, Spritzmaschine M130",day,UBK_W1
6081116,7743dcdd9eaa3ef1,EH_TS01,8160-110,0,Backup Programme Linie 1501 (Vollauto),unknown,UBK_W1
6081118,72f2b543580468f1,EH_TS01,8160-110,0,Backup Programme Linie 1503 (Halbauto),unknown,UBK_W1
6081119,48c45e1941aaa49c,EH_TS01,8160-110,0,Backup Programme Linie 1510 (RM),unknown,UBK_W1
6081117,93e8f094e596c4a7,EH_TS01,8160-110,0,Backup Programme Linie 1502 (Kombi),unknown,UBK_W1
6073781,4991832dc8824198,EH_TS01,8160-110,1,Tausch Kontaktiernadeln | Q30 Prüfstand,unknown,UBK_W1
6075756,3fdae02551aeb8e0,EH_TS01,8160-110,1,1103Kapa Magnetisieren/ Prüfen | 1103K Magnetisieren und Prüfen,unknown,UBK_W1
6081106,f29970329de80ae5,EH_TS01,8160-110,0,Backup Programme Linie 1208,unknown,UBK_W1
6098964,15dbd4ab926cf1db,EH_TS01,8160-110,1,Elektrik: Batteriewechsel 2J | ENDPRÜFSTAND A103 (ehem. L1210),year,UBK_W1
6055039,de0876396a651359,EH_TS01,8160-110,1,Elektrik: Batteriewechsel 2J(Bedienfeld) | 1210 MONTAGEEINRICHTUNG CRIMP DF 11/L7,year,UBK_W1
6081107,46fa421ce3808bc6,EH_TS01,8160-110,0,Backup Programme Linie 1211R,unknown,UBK_W1
6055040,74b069d501ce0907,EH_TS01,8160-110,1,Elektrik: Batteriewechsel 2J(Bedienfeld) | 1211R MONTAGEEINRICHTUNG CRIMP DF 11/L8,year,UBK_W1
6039112,de79a90954facf89,EH_TS01,8160-110,0,Elektrik: Batteriewechsel 2J(Bedienfeld),year,UBK_W1
6081114,dc343b8890a0f421,EH_TS01,8160-110,0,Backup Programme Linie 1304 52W,week,UBK_W1
6081108,4ff79b7860dd0627,EH_TS01,8160-110,0,Backup Programme Linie 1214,unknown,UBK_W1
6031530,f0119c480b777616,EH_TS01,8160-110,1,Elektrik: Batteriewechsel 2J | 1214 St.102 Einlegen/Schlechtteilentn.,year,UBK_W1
6060242,d4233ec2afaa42db,EH_TS01,8160-110,1,Elektrik: Batteriewechsel 2J | 1214 St.800 Prüfstand A214,year,UBK_W1
6081109,cf638c9d948f8f35,EH_TS01,8160-110,0,Backup Programme Linie 1215,unknown,UBK_W1
6055037,1ed5c8e6a68cd92d,EH_TS01,8160-110,1,Elektrik: Batteriewechsel 2J | 1215 Montagelinie Crimp,year,UBK_W1
6081113,07a851f5c5cbd5b2,EH_TS01,8160-110,0,Backup Programme Linie 1250 (KEK),unknown,UBK_W1
6081110,7275a2b173298047,EH_TS01,8160-110,0,Backup Programme Linie 1216,unknown,UBK_W1
6091281,2a5998ea0d316170,EH_TS01,8160-110,1,Elektriker L1216 Modul 4 | 1216 Modul 4 Prüfstand,unknown,8160_W
6081120,faa7a54c9ed49897,EH_TS01,8160-110,0,Backup Programme Linie 1601 (RS-T1),unknown,UBK_W1
6081111,12e40d16800a5681,EH_TS01,8160-110,0,Backup Programme Linie 1217,unknown,UBK_W1
6090920,fed6f9063fe462d3,EH_TS01,8160-110,1,Elektriker L1217 Modul 4 | 1217 Modul 4 Prüfstand,unknown,8160_W
6081112,210b3c4a95d32e69,EH_TS01,8160-110,0,Backup Programme Linie 1218,unknown,UBK_W1
6091259,bb8398ae45ab58dc,EH_TS01,8160-110,1,Elektriker L1218 Modul 4 | 1218 Modul 4 Prüfstand,unknown,8160_W
6099781,547e82eec29c8f95,EH_TS01,8160-110,1,"Elektriker L1401, M1 | 1401 Modul 1 Halterfertigung",unknown,UBK_W1
6081763,e2b00d76f525137c,EH_TS01,8160-110,1,"Elektriker L1401, M2 | 1401 Modul 2 MWG-Fertigung",unknown,UBK_W1
6095752,f344c393453e62e0,EH_TS01,8160-110,1,"Elektriker L1401, M3.1 | 1401 Modul 3.1 Sensorfertigung A",unknown,UBK_W1
6095756,7273da63e7ab7187,EH_TS01,8160-110,1,"Elektriker L1401, M3.2 | 1401 Modul 3.2 Sensorfertigung B",unknown,UBK_W1
6084926,28a7029d4760dbbe,EH_TS01,8160-110,1,"Elektriker L1401, M4.2 | 1401 Modul 4.2 Automatikprüfstand A",unknown,UBK_W1
6099760,d9be8269e458be37,EH_TS01,8160-110,1,"Elektriker L1411, M1.2 | 1411 Modul 1.2 Halterfertigung",unknown,UBK_W1
6097183,cecb151a5a17b62c,EH_TS01,8160-110,1,"Elektriker L1411, M2.2 | 1411 Modul 2.2 MWG-Fertigung",unknown,UBK_W1
6099759,cecb151a5a17b62c,EH_TS01,8160-110,1,"Elektriker L1411, M2.2 | 1411 Modul 2.2 MWG-Fertigung",unknown,UBK_W1
6099758,c7ea19739ab924e8,EH_TS01,8160-110,1,"Elektriker L1411, M3.3 | 1411 Modul 3.3 Sensorfertigung C",unknown,UBK_W1
6097533,a8c4a558494b94e9,EH_TS01,8160-110,1,"Elektriker L1411, M4.3 | 1411 Modul 4.3 Automatikprüfstand B",unknown,UBK_W1
6097170,e847e22f695f107c,EH_TS01,8160-110,1,"Elektriker L1411, M3.3 | 1411 M3.3 ASIC-Leseeinheit",unknown,UBK_W1
6081105,1f483bb3a1be6363,EH_TS01,8160-110,0,Backup Programme Linie 1203K,unknown,UBK_W1
6103918,0e085ef52be21bdc,EH_TS01,8160-111,1,"Elektriker L1710, M1 Fa. Eberhardt | 1710 NVSw Modul 1 (Fa. Eberhard)",unknown,UBK_W1
6081103,3b32a8132ca36b4b,EH_TS01,8160-120,0,Backup Programme Linie 1103,unknown,UBK_W1
6039113,f255fe989bbff578,EH_TS01,8160-120,1,Elektrik: Batteriewechsel 2J(Bedienfeld) | 1103 St.1.0 POLVERBANDAUTOMAT,year,UBK_W1
6092262,84964bc3e6dbfe40,EH_TS01,8160-120,1,Elektrik: Batteriewechsel 2J(Bedienfeld) | 1103 St.6.0 PRÜFSTRECKE,year,UBK_W1
6081104,6511ede3a07499fa,EH_TS01,8160-120,0,Backup Programme Linie 1103K,unknown,UBK_W1
6004828,1a72546adaa6ffeb,EH_TS01,8160-420,1,"Elektrik Allgemein | FPM2.2, Rundteller Kunststoffschweißen",unknown,UBK_W1
6004828,3efa1ee6cfc2cfe5,EH_TS01,8160-420,1,"Elektrik Batterie | FPM2.2, Rundteller Kunststoffschweißen",unknown,UBK_W1
6015316,1154d91b1ba52af3,EH_TS01,8160-420,1,Akku der USV am BT150 austauschen | FPM2.2 Bandsteuerung,unknown,UBK_W1
6037882,15b45d85c93bbc7e,EH_TS01,8160-450,1,"Austausch Pufferbatterie 730T | 6000_2, Spritzmaschine M118",day,UBK_W1
6055830,45166d9a53153c7f,EH_TS01,8160-450,1,"Austausch Pufferbatterie 730T | 2000_5, 2150 Spritzmaschine n_ab M119",day,UBK_W1
6055834,d39e7eec5d5030b3,EH_TS01,8160-450,1,"Austausch Pufferbatterie 730T | 2000_5, 2160 Spritzmaschine n_T M120",day,UBK_W1
6061682,de0adba2672e48d4,EH_TS01,8160-451,1,Austausch Pufferbatterie 730T | EMP 2300_P1 Arburg SGM 125 1200T,day,UBK_W1
6052490,cf9eeff86895fabc,EH_TS01,8160-499,1,Austausch Pufferbatterie 730T | EMP 2400_P1 Arburg SGM 112,day,UBK_W1
6012630,b6b85f1efad5fde1,EH_TS02,8160-001,1,Austausch Spannzange O-Ring Automat 26W | 1208 O-RING-AUTOMAT_alt,week,UBK_W1
6082672,406ea44a07d1b679,EH_TS02,8160-001,1,Wartung O-Ring-Automat L1103 | 1103 St.7.2 O-Ring Automat,unknown,UBK_W1
6037687,c4a601d9d372e240,EH_TS02,8160-001,1,"Wartungsplan Duroplastmolden 2W | 3000_1, 3210 Duroplastmolden 19017",week,UBK_W1
6048181,d6aea6721f9e14fa,EH_TS02,8160-001,1,"Wartungsplan Duroplastmolden | 3000_1, 3210 Duroplastmolden 19017",unknown,8160_W
6037686,06313ab449332557,EH_TS02,8160-001,1,"Wartungsplan Duroplastmolden 2W | 1000_1, 1135/1 Duroplastmolden 19016",week,UBK_W1
6074751,d28810d599b665c7,EH_TS02,8160-001,1,"Stäubli hängend Mechanik/Elektrik 1/2-1J | 1000_1, 1110 Stäubli Roboter TX60",year,8160_M
6074752,4a1ff62c92595598,EH_TS02,8160-001,1,"Stäubli hängend Mechanik/Elektrik 1/2-1J | 1000_1, 1120 Stäubli Roboter TX40",year,8160_M
6074754,716063d7889ff4c9,EH_TS02,8160-001,1,"Stäubli hängend Mechanik/Elektrik 1/2-1J | 1000_1, 1130 Stäubli Roboter TX40 Ausgab",year,8160_M
6074755,7d4a8c1f130446cc,EH_TS02,8160-001,1,"Stäubli hängend Mechanik/Elektrik 1/2-1J | 1000_1, 1140 Stäubli Roboter TX60",year,8160_M
6074756,325e95835626c6e3,EH_TS02,8160-001,1,Stäubli hängend Mechanik/Elektrik 1/2-1J | 1000_1 1160 Stäubli Roboter TX60 Beladen,year,8160_M
6103900,325e95835626c6e3,EH_TS02,8160-001,1,Stäubli hängend Mechanik/Elektrik 1/2-1J | 1000_1 1160 Stäubli Roboter TX60 Beladen,year,8160_M
6040474,cb695a880ea11b0a,EH_TS02,8160-001,1,"Wartungsplan Duroplastmolden 2W | 1000_1, 1135/2 Duroplastmolden 19285",week,UBK_W1
6074758,e58372d855b76262,EH_TS02,8160-001,1,"Stäubli hängend Mechanik/Elektrik 1/2-1J | 1000_3, 1110 Stäubli Roboter TX60",year,8160_M
6074759,9341ce0cd9e0b092,EH_TS02,8160-001,1,"Stäubli hängend Mechanik/Elektrik 1/2-1J | 1000_3, 1120 Stäubli Roboter TX40",year,8160_M
6074760,3deff847ad92861d,EH_TS02,8160-001,1,"Stäubli hängend Mechanik/Elektrik 1/2-1J | 1000_3, 1130 Stäubli Roboter TX40 Bel.",year,8160_M
6074761,43e2b34f4b0f6914,EH_TS02,8160-001,1,"Stäubli hängend Mechanik/Elektrik 1/2-1J | 1000_3, 1130 Stäubli Roboter TX40 Entl.",year,8160_M
6047282,c3d9a968ba0c69f6,EH_TS02,8160-001,1,"Wartungsplan Duroplastmolden 2W | 1000_3, 1135/1 Duroplastmolden 19506",week,UBK_W1
6074762,f4948b04b9c77c4c,EH_TS02,8160-001,1,"Stäubli hängend Mechanik/Elektrik 1/2-1J | EM-L, 1140 Stäubli Roboter TX60",year,8160_M
6074763,385c300025721e59,EH_TS02,8160-001,1,"Stäubli hängend Mechanik/Elektrik 1/2-1J | 1000_3, 1160 Stäubli Roboter TX60L Einga",year,8160_M
6074764,d408af501a7c09c0,EH_TS02,8160-001,1,"Stäubli hängend Mechanik/Elektrik 1/2-1J | 1000_3, 1160 Stäubli Roboter TX60 Ausgab",year,8160_M
6047942,980f84f53805d88f,EH_TS02,8160-001,1,"Wartungsplan Duroplastmolden 2W | 3000_3, 3210 Duroplastmolden 19507",week,UBK_W1
6050860,b97b056b68b93727,EH_TS02,8160-001,1,"Wartungsplan Duroplastmolden 2W | 1000_3, 1135/2 Duroplastmolden 19734",week,UBK_W1
6028602,170ffa0e12cce973,EH_TS02,8160-001,1,Wartung U-Biegewerkzeug 6 2W | U-Biegewerkzeug Nr.6,week,UBK_W1
6074753,d3550fdc6bd963de,EH_TS02,8160-001,1,"Stäubli hängend Mechanik/Elektrik 1/2-1J | 1000_1, 1130 Stäubli Roboter TX40 Eingab",year,8160_M
6063197,7a8ae6ac70bff959,EH_TS02,8160-001,1,Wartungsplan Duroplastmolden 2W | EMP 1135_P1 Lauffer Molde 1,week,UBK_W1
6064523,04d16cd8d584e896,EH_TS02,8160-001,1,Wartungsplan Duroplastmolden 2W | EMP 1135_P1 Lauffer Molde 2,week,UBK_W1
6082974,ee3128529a8b2cac,EH_TS02,8160-001,1,"Mechaniker L1216, Modul 2 | 1216 Modul 2.1 MWG-Fertigung DF11",unknown,8160_W
6082408,f6fa6aae77b7e3e3,EH_TS02,8160-001,1,"Mechaniker L1216, Modul 3 | 1216 Modul 3 DF-Fertigung",unknown,8160_W
6082409,ce8b7035c59931fb,EH_TS02,8160-001,1,"Mechaniker L1216, Modul 5 | 1216 Modul 5 Steckerfertigung",unknown,8160_W
6074775,ae52af7403d39127,EH_TS02,8160-001,1,Stäubli hängend Mechanik/Elektrik 1/2-1J | EMP 1120_P2 Stäubli TX40 IC/Ein,year,8160_M
6074776,d0f148efa0e17b58,EH_TS02,8160-001,1,Stäubli hängend Mechanik/Elektrik 1/2-1J | EMP 1120_P2 Stäubli TX40 Ausgab,year,8160_M
6074777,2de9ce591af57690,EH_TS02,8160-001,1,Stäubli hängend Mechanik/Elektrik 1/2-1J | EMP 1140_P2 Stäubli Roboter TX60L,year,8160_M
6074781,b746bc8b295ddcdf,EH_TS02,8160-001,1,Stäubli hängend Mechanik/Elektrik 1/2-1J | EMP 2100_P2 Stäubli Roboter TX60,year,8160_M
6074782,09cf035c8b459745,EH_TS02,8160-001,1,Stäubli hängend Mechanik/Elektrik 1/2-1J | EMP 2200_P2 Stäubli Roboter TX40,year,8160_M
6074783,072b75209c979d1d,EH_TS02,8160-001,1,Stäubli hängend Mechanik/Elektrik 1/2-1J | EMP 2200_P2 Stäubli Roboter TX60,year,8160_M
6031160,190973f997cca0bd,EH_TS02,8160-001,1,WT-Wartung Linie 1201 52W | MONTAGELINIE PECO DG21/22 L1,week,UBK_W1
6072101,e92e5c1767b7d154,EH_TS02,8160-001,1,Schraubarbeitsplatz DF30-D (DEPRAG) | Schraub.platz für DF30D-PSA 364 inaktiv,unknown,8160_W
6074757,47262218a4f76c17,EH_TS02,8160-002,1,"Stäubli hängend Mechanik/Elektrik 1/2-1J | 1000_1, 1160 Stäubli Roboter TX60 Entl.",year,8160_M
6074780,67230ef2c58b103d,EH_TS02,8160-002,1,Stäubli hängend Mechanik/Elektrik 1/2-1J | EMP 2200_P1 Stäubli Roboter TX60,year,8160_M
6075759,aa6246d69df261e1,EH_TS02,8160-002,1,1103Kapa Fräsen | 1103K Fräsen,unknown,UBK_W1
6068960,908791231bc37ff5,EH_TS02,8160-100,0,regelm. Tausch Verstemmst. (Griesbach),unknown,8160_W
6017438,7ee21ffcf1add9e3,EH_TS02,8160-100,1,Wartung U-Biegewerkzeug 2 2W | U-Biegewerkzeug Nr.2,week,UBK_W1
6017439,ebc3ac5668da0036,EH_TS02,8160-100,1,Wartung U-Biegewerkzeug 3 2W | U-Biegewerkzeug Nr.3,week,UBK_W1
6028550,d25a6b59d168fa11,EH_TS02,8160-100,1,Wartung U-Biegewerkzeug 5 2W | U-Biegewerkzeug Nr.5,week,UBK_W1
6032798,0e1cec2aa8b127b4,EH_TS02,8160-100,1,Wartung U-Biegewerkzeug 7 2W | U-Biegewerkzeug Nr.7,week,UBK_W1
6057363,123800b25637c104,EH_TS02,8160-100,1,Wartung U-Biegewerkzeug 9 2W | U-Biegewerkzeug Nr.9,week,UBK_W1
6093997,271b941a0d57eab0,EH_TS02,8160-100,1,Mechaniker Abmantelgerät Simplomat 26W | Abmantelgerät Simplomat Fa.Fuchs,week,UBK_W1
6093376,e3cf6528d2dc4f5c,EH_TS02,8160-110,1,Mechaniker L1502 Kombilinie | HFM6/7/8 Bodenblech Kombi-Linie 2,unknown,UBK_W1
6108778,819978f76059010e,EH_TS02,8160-110,0,Mechaniker L1503,unknown,UBK_W1
6106754,2c4db9b612f86788,EH_TS02,8160-110,1,"Wartungspaket SGM 149, L1503 | Spritzgiessmaschine M121 270A350-70",unknown,UBK_W1
6073782,29a3cf88bdd7e764,EH_TS02,8160-110,1,Wartung Prüfstand Q30 | Q30 Prüfstand,unknown,UBK_W1
6075755,d358b33b720c2a19,EH_TS02,8160-110,1,1103Kapa Magnetisieren/ Prüfen | 1103K Magnetisieren und Prüfen,unknown,UBK_W1
6072322,c971524f54d01131,EH_TS02,8160-110,0,Überprüfung Haltekraft der WT-Fixierung,unknown,UBK_W1
6031565,d1185856810ca307,EH_TS02,8160-110,1,WT-Wartung Linie 1203 52W | 1203-DF11 MONTAGELINIE-DIREKT,week,UBK_W1
6017414,a85c53d1d56b3953,EH_TS02,8160-110,1,IC-Biegen: Biegewerkzeug 2W | 1203 St. 4 IC - MONTAGE,week,UBK_W1
6031590,b7522fc0ab277141,EH_TS02,8160-110,0,WT-Wartung Linie 1208 2J,year,UBK_W1
6072323,c971524f54d01131,EH_TS02,8160-110,0,Überprüfung Haltekraft der WT-Fixierung,unknown,UBK_W1
6017432,01d4863516281a77,EH_TS02,8160-110,1,IC-Biegen: Biegewerkzeug 2W | 1208 St. 15 IC - SR-MONTAGE,week,UBK_W1
6017433,327afdf58bd3a9ad,EH_TS02,8160-110,1,IC-Biegen: Biegewerkzeug 2W | 1208 St. 18 IC - BR-MONTAGE,week,UBK_W1
6031592,ce7265e455dab56c,EH_TS02,8160-110,1,WT-Wartung Linie 1210 12W | 1210 MONTAGEEINRICHTUNG CRIMP DF 11/L7,week,UBK_W1
6072324,c971524f54d01131,EH_TS02,8160-110,0,Überprüfung Haltekraft der WT-Fixierung,unknown,UBK_W1
6031593,b8e8d2f57199a46d,EH_TS02,8160-110,1,WT-Wartung Linie 1211 26W | 1211R MONTAGEEINRICHTUNG CRIMP DF 11/L8,week,UBK_W1
6061132,840922ae2a8f16fd,EH_TS02,8160-110,1,Wartung Wkz.wechselwagen Linie 1211R | Werkzeugtransportwagen Umspritzen 1,unknown,8160_W
6072321,d6224c2c3e9c2bef,EH_TS02,8160-110,0,Prüfung Haltekraft WT-Fixierung 26W,week,UBK_W1
6017435,8ca60489e85e39a2,EH_TS02,8160-110,1,IC-Biegewerkzeug 8W + 26W | 1212 St.2.13.2 IC-Biegen,week,UBK_W1
6051522,92904e77d336c14a,EH_TS02,8160-110,1,Schrauberwartung Mechanik 1M | 1212 St.6.26 Schraube montieren,month,8160_M
6051522,5b9973f895ae4bba,EH_TS02,8160-110,1,Schrauberwartung Mechanik 1J | 1212 St.6.26 Schraube montieren,year,8160_M
6031594,14350bf2bb0afa90,EH_TS02,8160-110,1,WT-Wartung Linie 1212 52W | WT`s Linie 1212,week,UBK_W1
6030233,898c832f8eee08e1,EH_TS02,8160-110,1,Kontrollplan Linie 1212 4W | 1212 Linie gesamt,week,UBK_W1
6059111,4cd2ee8fe2590a3b,EH_TS02,8160-110,0,Schmierung Achsportal an SGM L1304 2M,month,8160_M
6072327,c971524f54d01131,EH_TS02,8160-110,0,Überprüfung Haltekraft der WT-Fixierung,unknown,UBK_W1
6031596,19ea960f6f3f604b,EH_TS02,8160-110,1,WT-Wartung Linie 1304 52W | 1304 Bandsystem / WT`s,week,UBK_W1
6019406,011ec8938ffdf005,EH_TS02,8160-110,1,IC-Biegen: Biegewerkzeug 2W | 1304 IC Biegewerkzeug / Handling,week,UBK_W1
6047296,443f61ba6d6403ad,EH_TS02,8160-110,1,Wartungsplan Duroplastmolden 2W | 1213 St.2.15 Verstemmen,week,UBK_W1
6072325,c971524f54d01131,EH_TS02,8160-110,0,Überprüfung Haltekraft der WT-Fixierung,unknown,UBK_W1
6034096,3398d103a1fdacf0,EH_TS02,8160-110,1,WT-Wartung Linie 1214 2J | WT's Linie 1214,year,UBK_W1
6019558,0dd7f8f2a8547fae,EH_TS02,8160-110,1,Einlegeplatz & Crimpen 4W | 1214 St.102 Einlegen/Schlechtteilentn.,week,UBK_W1
6028611,26f06449db9e315d,EH_TS02,8160-110,1,Einlegeplatz & Crimpen 2W | 1214 St.102 Einlegen/Schlechtteilentn.,week,UBK_W1
6017436,e84e50b49f5832b1,EH_TS02,8160-110,1,IC-Biegewerkzeug 8W + 26W | 1214 St.413 IC-Biegen,week,UBK_W1
6072326,c971524f54d01131,EH_TS02,8160-110,0,Überprüfung Haltekraft der WT-Fixierung,unknown,UBK_W1
6081628,bc238518803a980c,EH_TS02,8160-110,1,Filterreinigung Granulatvers. SGM87 26W | 1215 SPRITZMASCHINE M87 Umspritzen,week,UBK_W1
6032815,ab1d6d9c8277df2c,EH_TS02,8160-110,1,WT-Wartung Linie 1215 52W | WT`s Linie 1215,week,UBK_W1
6032807,80ff18c8b590f90e,EH_TS02,8160-110,1,Einlegeplatz & Crimpen 4W | 1215 St.102 Einlegen / Entnahme,week,UBK_W1
6059607,44eadbdb5c5eac48,EH_TS02,8160-110,1,Wartung KEK Roboter (Stäubli) 1J | KEK Beladeroboter Stecker Stäubli CS8,year,UBK_W1
6059608,9329c35a4c586f1a,EH_TS02,8160-110,1,Wartung KEK Roboter (Stäubli) 1J | KEK Entnahmeroboter Stäubli CS8,year,UBK_W1
6059609,4a75bc2bcf4e5f73,EH_TS02,8160-110,1,Wartung KEK Roboter (Stäubli) 1J | KEK Entnahmeroboter Fertigteile Stäubli,year,UBK_W1
6082403,60ddefa89591675e,EH_TS02,8160-110,1,"Mechaniker L1216, Modul 1 | 1216 Modul 1 Halterfertigung",unknown,8160_W
6082671,b2b16db9ec90b556,EH_TS02,8160-110,1,"Mechaniker L1216, Modul 4 | 1216 Modul 4 Prüfstand",unknown,8160_W
6065776,c7fd1e21b93b009d,EH_TS02,8160-110,1,RS-T1 Wickelmaschine Mechanik | RS-T1 Wickelmaschine,unknown,8160_W
6100251,2822e344aba350a0,EH_TS02,8160-110,1,"Mechaniker L1601, MWG-Fertigung | RS-T1 Messwertgeberfertigung",unknown,8160_W
6096363,87b4ea17d2f03532,EH_TS02,8160-110,1,"Mechaniker L1601, Endmontage | RS-T1 Endmontage",unknown,8160_W
6082049,44464ca57e62ee0f,EH_TS02,8160-110,1,Mechaniker L1217 Modul 1 | 1217 Modul 1 Halterfertigung,unknown,8160_W
6071561,232abb68909844c9,EH_TS02,8160-110,1,Linie 1217 Modul 2 | 1217 Modul 2 MWG-Fertigung,unknown,8160_W
6082103,e16f7aefbbf59fed,EH_TS02,8160-110,1,Mechaniker L1217 Modul 2 | 1217 Modul 2 MWG-Fertigung,unknown,8160_W
6082211,8373ba77bc436087,EH_TS02,8160-110,1,Mechaniker L1217 Modul 3 | 1217 Modul 3 DF-Fertigung,unknown,8160_W
6082407,8373ba77bc436087,EH_TS02,8160-110,1,Mechaniker L1217 Modul 3 | 1217 Modul 3 DF-Fertigung,unknown,8160_W
6082262,f0a76ef09eeaca6b,EH_TS02,8160-110,1,Mechaniker L1217 Modul 4 | 1217 Modul 4 Prüfstand,unknown,8160_W
6082263,7a3002bd234ffaa4,EH_TS02,8160-110,1,Mechaniker L1217 Modul 5 | 1217 Modul 5 Steckerfertigung,unknown,8160_W
6076322,20f87fdb1188125d,EH_TS02,8160-110,1,Linie 1217 Modul 4 | 17M4 Schraubstation,unknown,UBK_W1
6076321,16ef200911869dbb,EH_TS02,8160-110,1,Linie 1217 Modul 5 | 17M5 Buchsenzuführ. mit Rüttelförderer,unknown,UBK_W1
6081670,80f2861465c0c74e,EH_TS02,8160-110,1,"Mechaniker L1218, M1 | 1218 Modul 1 Halterfertigung",unknown,8160_W
6081151,8cdc5dcf20a74e85,EH_TS02,8160-110,1,"Mechaniker L1218, M2 | 1218 Modul 2 MWG-Fertigung",unknown,8160_W
6081752,95e40d6fdb2c4350,EH_TS02,8160-110,1,"Mechaniker L1218, M3 | 1218 Modul 3 DF-Fertigung",unknown,8160_W
6080866,091c8cfd89e593ec,EH_TS02,8160-110,1,"Mechaniker L1218, M4 | 1218 Modul 4 Prüfstand",unknown,8160_W
6081969,888b24a2ea71bc39,EH_TS02,8160-110,1,"Mechaniker L1218, M5 | 1218 Modul 5 Steckerfertigung",unknown,8160_W
6082513,2c4559cd7977d183,EH_TS02,8160-110,1,"Mechaniker L1401, M1 | 1401 Modul 1 Halterfertigung",unknown,UBK_W1
6081724,e77be6353cbeba4e,EH_TS02,8160-110,1,"Mechaniker L1401, M2 | 1401 Modul 2 MWG-Fertigung",unknown,UBK_W1
6092646,defc3ebc339537ce,EH_TS02,8160-110,1,Wartung Vakuumpumpe 26W | 1401 Modul 2 MWG-Fertigung,week,UBK_W1
6085143,6e50616558947e72,EH_TS02,8160-110,1,"Mechaniker L1401, M3.1 | 1401 Modul 3.1 Sensorfertigung A",unknown,UBK_W1
6085160,9b73f0f55cfce0be,EH_TS02,8160-110,1,"Mechaniker L1401, M3.2 | 1401 Modul 3.2 Sensorfertigung B",unknown,UBK_W1
6084746,00b8df592ee94990,EH_TS02,8160-110,1,"Mechaniker L1401, M4.2 | 1401 Modul 4.2 Automatikprüfstand A",unknown,UBK_W1
6096055,d766afcc4d362e9a,EH_TS02,8160-110,1,"Mechaniker L1401, M1, SZ679 + SZ681 | 1401 M1 Rundteller Stromschienen trennen",unknown,8160_W
6093204,d9ae29687ee497dc,EH_TS02,8160-110,1,"Wartungspaket SGM 143, L1401, M3.1 | 1401 M3.1 SGM 143 e-drive Düse 8mm",unknown,UBK_W1
6093205,dae82fd61a17b24e,EH_TS02,8160-110,1,"Wartungspaket SGM 145, L1401, M3.2 | 1401 M3.2 SGM 145 e-drive Düse 8mm",unknown,UBK_W1
6097206,82df4ac0bc42ebb3,EH_TS02,8160-110,1,"Mechaniker L1411, M1.2 | 1411 Modul 1.2 Halterfertigung",unknown,UBK_W1
6097182,9577df1050eaeb78,EH_TS02,8160-110,1,"Mechaniker L1411, M2.2 | 1411 Modul 2.2 MWG-Fertigung",unknown,UBK_W1
6098723,ea520a79fcb95740,EH_TS02,8160-110,1,Wartung Vakuumpumpe 26W | 1411 Modul 2.2 MWG-Fertigung,week,UBK_W1
6097740,eded5b565df2a944,EH_TS02,8160-110,1,"Mechaniker L1411, M2.5 | 1411 Modul 2.5 NTC-Montage",unknown,UBK_W1
6097033,e9213b6a686408b1,EH_TS02,8160-110,1,"Mechaniker L1411, M3.3 | 1411 Modul 3.3 Sensorfertigung C",unknown,UBK_W1
6097532,285bbd8c2ee93bbc,EH_TS02,8160-110,1,"Mechaniker L1411, M4.3 | 1411 Modul 4.3 Automatikprüfstand B",unknown,UBK_W1
6098533,0072f3e3b5d1c044,EH_TS02,8160-110,1,"Wartungspaket SGM 147, L1411, M3.3 | 1411 M3.3 SGM 147 e-drive Düse 8mm",unknown,UBK_W1
6097327,21d776efeee831f4,EH_TS02,8160-110,1,"Mechaniker L1411, M1.2, Stanzwerkzeuge | 1411 M1.2 Vereinzeln Stromsch. Presse",unknown,8160_W
6103758,c579d3925b76124c,EH_TS02,8160-110,1,"Mechaniker L1411, M4.4 POS-Sensor | 1411 Modul 4.4 POS-Sensor",unknown,8160_W
6062250,bc515f33483afc17,EH_TS02,8160-110,1,1203K IC-Biegeeinrichtung Audi 2W | 1203K IC-Biegeeinrichtng Umbau aus L1202,week,UBK_W1
6065945,3227258d4841efc6,EH_TS02,8160-110,1,Schraubarbeitsplatz PSA-K0 | 1203K Schraubeinrichtung PSA-K0,unknown,8160_W
6069311,b7af9a2974fdf447,EH_TS02,8160-110,1,O-Ring-Automat PSA-K0 12W | 1203K O-Ring-Automat PSA-K0 OA281-250,week,8160_W
6096741,1e3c9785d6c2f5a3,EH_TS02,8160-110,1,1203K IC-Biegeautomat PSA-K0 2W | 1203K IC-Biegeautomat PSA-K0 DF11,week,UBK_W1
6103911,e82f33dfa02fe16a,EH_TS02,8160-111,1,"Wartungspaket SGM 148, L1710 | 1710 SGM 148 Allrounder 470A Düse 6mm",unknown,UBK_W1
6103916,062e8fa390cabe3f,EH_TS02,8160-111,1,"Mechaniker L1710, M1 Fa. Eberhardt | 1710 NVSw Modul 1 (Fa. Eberhard)",unknown,UBK_W1
6103917,11a127858f1e0f9c,EH_TS02,8160-111,1,"Mechaniker L1710, M2 Fa. Hoyer | 1710 NVSw Modul 2 (Fa. Hoyer)",unknown,UBK_W1
6040621,88f4f7420a1dc68f,EH_TS02,8160-120,1,WT-Wartung Linie 1103 52W | 1103 St.3.0 PROSYS Allgemein,week,UBK_W1
6072962,214fd9765154c2e4,EH_TS02,8160-120,1,"Prosys Inspekt., ggf. Wartungsarb. 26W | 1103 St.3.0 PROSYS Allgemein",week,UBK_W1
6019900,de785292e17a3681,EH_TS02,8160-120,1,Mechanik Prüfstrecke 4W | 1103 St.6.0 PRÜFSTRECKE,week,UBK_W1
6074351,e3a06c41ade94366,EH_TS02,8160-120,1,Verschleißkontrolle Anguss trennen 26W | 1103 St.1.3 Anguss abtrennen,week,UBK_W1
6096883,fe1460253788b97a,EH_TS02,8160-120,1,O-Ring-Automat Fa.Ohrmann Mechaniker 12W | 1103 St.7.2 O-Ring Automat Fa. Ohrmann,week,8160_W
6061551,36d2eac3e205612d,EH_TS02,8160-171,0,"GCS-KM, WP SGModule, Mechaniker",unknown,8160_W
6061552,fcbf7377a72b111c,EH_TS02,8160-171,0,"GCS-KM, WP STB-Module, Mechaniker",unknown,8160_W
6004828,a19c1d7bdd921fb8,EH_TS02,8160-420,1,"Wasserfilter-Wartung | FPM2.2, Rundteller Kunststoffschweißen",unknown,UBK_W1
6004828,f261b919907c3a5e,EH_TS02,8160-420,1,"Mechanik Schmierung | FPM2.2, Rundteller Kunststoffschweißen",unknown,UBK_W1
6004828,48f7b0a9858274b1,EH_TS02,8160-420,1,"Pneumatic-Allgemein | FPM2.2, Rundteller Kunststoffschweißen",unknown,UBK_W1
6018810,5566cb9d20a4694a,EH_TS02,8160-420,0,zusätzliche Wartungsposition FPM2.3,unknown,UBK_W1
6020091,81d65b5fd67ab3eb,EH_TS02,8160-420,0,Wartung Vergussformen,unknown,UBK_W1
6019790,97c541d9e508ce22,EH_TS02,8160-430,0,Mechanik: Träufelofen,unknown,UBK_W1
6019791,263edd157c72e910,EH_TS02,8160-430,0,Mechanik: Träufelofen 4W,week,UBK_W1
6019792,263edd157c72e910,EH_TS02,8160-430,0,Mechanik: Träufelofen 4W,week,UBK_W1
6019793,92f6d83486a1278b,EH_TS02,8160-430,0,Mechanik: Träufelofen12W,unknown,UBK_W1
6019821,414b040a87de5de6,EH_TS02,8160-430,0,Reinigung Drucker Etikettieren 52W,week,UBK_W1
6074765,175222b28743abd6,EH_TS02,8160-450,1,"Stäubli hängend Mechanik/Elektrik 1/2-1J | 1000_5, 1110 Stäubli Roboter TX60",year,8160_M
6074766,40f56b42e8b0bd21,EH_TS02,8160-450,1,"Stäubli hängend Mechanik/Elektrik 1/2-1J | 1000_5, 1120 Stäubli Roboter TX40",year,8160_M
6074767,0826c36a4cf8339f,EH_TS02,8160-450,1,"Stäubli hängend Mechanik/Elektrik 1/2-1J | 1000_5, 1130 Stäubli Roboter TX40 Bel.",year,8160_M
6074768,dfcca36a4553fc3a,EH_TS02,8160-450,1,"Stäubli hängend Mechanik/Elektrik 1/2-1J | 1000_5, 1130 Stäubli Roboter TX40 Entl.",year,8160_M
6074769,ec8af72217d09391,EH_TS02,8160-450,1,"Stäubli hängend Mechanik/Elektrik 1/2-1J | 1000_5, 1140 Stäubli Roboter TX60",year,8160_M
6074770,b6cb1c2a52ad3769,EH_TS02,8160-450,1,"Stäubli hängend Mechanik/Elektrik 1/2-1J | 1000_5, 1160 Stäubli Roboter TX60 Belad",year,8160_M
6074771,8333f29893d49cfe,EH_TS02,8160-450,1,"Stäubli hängend Mechanik/Elektrik 1/2-1J | 1000_5, 1160 Stäubli Roboter TX60 Entl.",year,8160_M
6055802,10848eeb753f058e,EH_TS02,8160-450,1,"Wartungsplan Duroplastmolden 2W | 1000_5, 1135/1 Duroplastmolden 19904",week,UBK_W1
6058224,af03cb6a8d3b8f83,EH_TS02,8160-450,1,"Wartungsplan Duroplastmolden 2W | 1000_5, 1135/2 Duroplastmolden 20068",week,UBK_W1
6055880,ec3c74a99fb5d31e,EH_TS02,8160-450,1,"Wartungsplan Duroplastmolden 2W | 3000_5, 3210 Duroplastmolden 19905",week,UBK_W1
6056306,bd2b12c01172ad07,EH_TS02,8160-451,1,"Wartungsplan Duroplastmolden 2W | Moldmaschine Lauffer ""Hilde""",week,UBK_W1
6074772,4b96e3ee9bec7cc7,EH_TS02,8160-451,1,Stäubli hängend Mechanik/Elektrik 1/2-1J | EMP 1120_1 Stäubli TX40 IC/Eing,year,8160_M
6074773,4cfba66e0228f6f0,EH_TS02,8160-451,1,Stäubli hängend Mechanik/Elektrik 1/2-1J | EMP 1120_1 Stäubli TX40 Ausgabe,year,8160_M
6074774,4a6c773536bad67a,EH_TS02,8160-451,1,Stäubli hängend Mechanik/Elektrik 1/2-1J | EMP 1140_1 Stäubli Roboter TX60L,year,8160_M
6074778,cc263a6cfa48c172,EH_TS02,8160-451,1,Stäubli hängend Mechanik/Elektrik 1/2-1J | EMP 2100_P1 Stäubli Roboter TX60,year,8160_M
6074779,a028c01f7d88faa4,EH_TS02,8160-451,1,Stäubli hängend Mechanik/Elektrik 1/2-1J | EMP 2200_P1 Stäubli Roboter TX40,year,8160_M
6048822,238f55a0ae524ba1,EH_TS02,8160-451,1,Mechanik Lötanlage 1W | *Gefahr!* EMP 7150_2 Löten 1 Lötanlage,week,8160_W
6081737,21a4ece4e3094894,EH_TS02,8160-451,1,Inspektion und Reinigung Löt-WT´s 2W | *Gefahr!* EMP 7150_2 Löten 1 Lötanlage,week,UBK_W1
6061815,a92ff9948a5d5ef6,EH_TS02,8160-451,1,Mechanik Lötanlage 1W | *Gefahr!* EMP 7270_2 Löten 2 Lötanlage,week,8160_W
6075881,9bf5a9921032f455,EH_TS02,8160-451,1,Mechanik Lötanlage 1Wo | *Gefahr!* EMP 7270_2 Löten 2 Lötanlage,unknown,8160_W
6081738,56052b74d76285ba,EH_TS02,8160-451,1,Inspektion und Reinigung Löt-WT´s 2W | *Gefahr!* EMP 7270_2 Löten 2 Lötanlage,week,UBK_W1
6017437,c0a2fa35b7c1c836,EH_TS02,8160-499,1,Wartung U-Biegewerkzeug 1 2W | U-Biegewerkzeug Nr.1,week,UBK_W1
6019492,42ca55e172d7a082,EH_TS02,8160-499,1,Wartung U-Biegewerkzeug 4 2W | U-Biegewerkzeug Nr.4,week,UBK_W1
6055818,f8edc2338a2314d9,EH_TS02,8160-499,1,Wartung U-Biegewerkzeug 8 2W | U-Biegewerkzeug Nr.8,week,UBK_W1
6097666,13ca1b0c9159ae40,EH_TS02,8160-500,1,Wartung Filter an Laserschweißanlagen | 9301.3160 IPG Laser YLS 3000 CT,unknown,8160_W
6097670,5df6a95a096f07a3,EH_TS02,8160-500,1,Wartung Filter an Laserschweißanlagen | 9301.3170 Trumpf TruDisk Pulse Schweißla,unknown,8160_W
6097668,0408abc6e2e155e1,EH_TS02,8160-500,1,Wartung Filter an Laserschweißanlagen | 9301.3165 IPG Laser YLS 3000 CT,unknown,8160_W
6097667,0408abc6e2e155e1,EH_TS02,8160-500,1,Wartung Filter an Laserschweißanlagen | 9301.3165 IPG Laser YLS 3000 CT,unknown,8160_W
6057366,0af2b92da8375fed,EH_TS02,8160-920,1,Wartung Temperiergerät Nr.103 Zusatzw. | TEMPERIERGERÄT Nr.103,unknown,8160_M
6059221,f14461e15dd8a4f0,EH_TTPM,8160-001,1,"wöchentlicher TPM WP EModul 3000_1 Fräse | 3000_1, 3110 LP Trennen",week,UBK_W1
6057577,58393eace7042136,EH_TTPM,8160-400,0,Wartungsplan Röntgenanlage 1M,month,8160_M
6013673,ace52f0d52e0955d,EH_TTPM,8160-410,0,wöchentliche TPM Wartungsplan PWG,week,UBK_W1
6013674,01d25c2feba539b2,EH_TTPM,8160-430,0,wöchentliche TPM Wartungsplan SLP Anker,week,UBK_W1
6013675,547b123d6f5ca670,EH_TTPM,8160-430,0,wöchentliche TPM Wartungsplan SLP Motorm,week,UBK_W1
6013676,87e3ed8833c64ccb,EH_TTPM,8160-430,0,wöchentliche TPM Wartungsplan SLP Endmon,week,UBK_W1
6013677,bea4a3511a655f2e,EH_TTPM,8160-430,0,wöchentliche TPM Wartungsplan SLP Bürste,week,UBK_W1
6035421,43af4be338b406e1,EH_TTPM,8160-450,0,wöchentlicher TPM WP EModul 1000-1,week,UBK_W1
6058742,1741e62f8da6445b,EH_TTPM,8160-450,0,Reinigen+Kontrolle Prüfplatz,unknown,UBK_W1
6092704,897012e2656dd452,EH_TTPM,8160-450,0,wöchentl. TPM-Wartungsplan EML FA1000_1,unknown,UBK_W1
6036001,97b19b67dd338f9f,EH_TTPM,8160-450,0,wöchentlicher TPM WP EModul 2000-1,week,UBK_W1
6058745,1741e62f8da6445b,EH_TTPM,8160-450,0,Reinigen+Kontrolle Prüfplatz,unknown,UBK_W1
6092705,c0a12d4cf5b3beca,EH_TTPM,8160-450,0,wöchentl. TPM-Wartungsplan EML FA2000_1,unknown,UBK_W1
6034521,8fd2aa74335918e8,EH_TTPM,8160-450,0,wöchentlicher TPM WP EModul 3000-1,week,UBK_W1
6092706,079e3b33dd52cda5,EH_TTPM,8160-450,0,wöchentl. TPM-Wartungsplan EML 3000_1,unknown,UBK_W1
6032883,7ce9a993ef6d686b,EH_TTPM,8160-450,0,wöchentlicher TPM WP EModul 4000-1,week,UBK_W1
6092380,7ce9a993ef6d686b,EH_TTPM,8160-450,0,wöchentlicher TPM WP EModul 4000-1,week,UBK_W1
6035435,ff30b95259531d25,EH_TTPM,8160-450,0,wöchentlicher TPM WP EModul 5000-1,week,UBK_W1
6058748,1741e62f8da6445b,EH_TTPM,8160-450,0,Reinigen+Kontrolle Prüfplatz,unknown,UBK_W1
6092377,ff30b95259531d25,EH_TTPM,8160-450,0,wöchentlicher TPM WP EModul 5000-1,week,UBK_W1
6032884,efec2ee680409f33,EH_TTPM,8160-450,0,wöchentlicher TPM WP EModul 6000-1,week,UBK_W1
6092379,efec2ee680409f33,EH_TTPM,8160-450,0,wöchentlicher TPM WP EModul 6000-1,week,UBK_W1
6032885,f85e2b91a7ddb269,EH_TTPM,8160-450,0,wöchentlicher TPM WP EModul 7000-1,week,UBK_W1
6058750,1741e62f8da6445b,EH_TTPM,8160-450,0,Reinigen+Kontrolle Prüfplatz,unknown,UBK_W1
6092378,f85e2b91a7ddb269,EH_TTPM,8160-450,0,wöchentlicher TPM WP EModul 7000-1,week,UBK_W1
6035437,f13e8415fc78d099,EH_TTPM,8160-450,0,wöchentlicher TPM WP EModul 8000-1,week,UBK_W1
6092375,f13e8415fc78d099,EH_TTPM,8160-450,0,wöchentlicher TPM WP EModul 8000-1,week,UBK_W1
6035436,3d49ed1359f1ffa3,EH_TTPM,8160-450,0,wöchentlicher TPM WP EModul 9000-1,week,UBK_W1
6058754,1741e62f8da6445b,EH_TTPM,8160-450,0,Reinigen+Kontrolle Prüfplatz,unknown,UBK_W1
6092376,3d49ed1359f1ffa3,EH_TTPM,8160-450,0,wöchentlicher TPM WP EModul 9000-1,week,UBK_W1
6032100,e4e703cf90b1dcac,EH_TTPM,8160-450,0,wöchentlicher TPM WP EM Kleinserie,week,UBK_W1
6037865,620a79a62d8ae18f,EH_TTPM,8160-450,0,wöchentlicher TPM WP EModul 6000-2,week,UBK_W1
6092373,620a79a62d8ae18f,EH_TTPM,8160-450,0,wöchentlicher TPM WP EModul 6000-2,week,UBK_W1
6037890,c5509a996fcc3bcf,EH_TTPM,8160-450,0,wöchentlicher TPM WP EModul 7000-2,week,UBK_W1
6058751,1741e62f8da6445b,EH_TTPM,8160-450,0,Reinigen+Kontrolle Prüfplatz,unknown,UBK_W1
6092372,c5509a996fcc3bcf,EH_TTPM,8160-450,0,wöchentlicher TPM WP EModul 7000-2,week,UBK_W1
6037864,cf287bb508a19471,EH_TTPM,8160-450,0,wöchentlicher TPM WP EModul 9000-2,week,UBK_W1
6058755,1741e62f8da6445b,EH_TTPM,8160-450,0,Reinigen+Kontrolle Prüfplatz,unknown,UBK_W1
6092374,cf287bb508a19471,EH_TTPM,8160-450,0,wöchentlicher TPM WP EModul 9000-2,week,UBK_W1
6047273,7dfe5964f43f2dde,EH_TTPM,8160-450,0,wöchentlicher TPM WP EModul 1000-3,week,UBK_W1
6058743,1741e62f8da6445b,EH_TTPM,8160-450,0,Reinigen+Kontrolle Prüfplatz,unknown,UBK_W1
6092707,3699926fcd3477f2,EH_TTPM,8160-450,0,wöchentl. TPM-Wartungsplan EML FA1000_3,unknown,UBK_W1
6047922,bc4ff7194ec6049c,EH_TTPM,8160-450,0,wöchentlicher TPM WP EModul 2000-3,week,UBK_W1
6058746,1741e62f8da6445b,EH_TTPM,8160-450,0,Reinigen+Kontrolle Prüfplatz,unknown,UBK_W1
6092708,fef8db4d7d0814e8,EH_TTPM,8160-450,0,wöchentl. TPM-Wartungsplan EML FA2000_3,unknown,UBK_W1
6047889,01553c0ff25478be,EH_TTPM,8160-450,0,wöchentlicher TPM WP EModul 3000-3,week,UBK_W1
6092709,bc968bf9f44cd907,EH_TTPM,8160-450,0,wöchentl. TPM-Wartungsplan EML 3000_3,unknown,UBK_W1
6048389,8e9b3849e09a0694,EH_TTPM,8160-450,0,wöchentlicher TPM WP EModul 5000-3,week,UBK_W1
6058749,1741e62f8da6445b,EH_TTPM,8160-450,0,Reinigen+Kontrolle Prüfplatz,unknown,UBK_W1
6092366,8e9b3849e09a0694,EH_TTPM,8160-450,0,wöchentlicher TPM WP EModul 5000-3,week,UBK_W1
6047850,771e6d359f1c8ca6,EH_TTPM,8160-450,0,wöchentlicher TPM WP EModul 6000-3,week,UBK_W1
6092369,771e6d359f1c8ca6,EH_TTPM,8160-450,0,wöchentlicher TPM WP EModul 6000-3,week,UBK_W1
6047851,d157fd09088187e2,EH_TTPM,8160-450,0,wöchentlicher TPM WP EModul 7000-3,week,UBK_W1
6058752,1741e62f8da6445b,EH_TTPM,8160-450,0,Reinigen+Kontrolle Prüfplatz,unknown,UBK_W1
6092368,d157fd09088187e2,EH_TTPM,8160-450,0,wöchentlicher TPM WP EModul 7000-3,week,UBK_W1
6047913,0a7149e8fcbfb3a4,EH_TTPM,8160-450,0,wöchentlicher TPM WP EModul 9000-3,week,UBK_W1
6058756,1741e62f8da6445b,EH_TTPM,8160-450,0,Reinigen+Kontrolle Prüfplatz,unknown,UBK_W1
6092367,0a7149e8fcbfb3a4,EH_TTPM,8160-450,0,wöchentlicher TPM WP EModul 9000-3,week,UBK_W1
6051622,6e3612c09abce1b6,EH_TTPM,8160-450,0,wöchentlicher TPM WP EModul 4000-4,week,UBK_W1
6092365,6e3612c09abce1b6,EH_TTPM,8160-450,0,wöchentlicher TPM WP EModul 4000-4,week,UBK_W1
6051794,c3500524de0a94c8,EH_TTPM,8160-450,0,wöchentlicher TPM WP EModul 7000-4,week,UBK_W1
6058753,1741e62f8da6445b,EH_TTPM,8160-450,0,Reinigen+Kontrolle Prüfplatz,unknown,UBK_W1
6092363,c3500524de0a94c8,EH_TTPM,8160-450,0,wöchentlicher TPM WP EModul 7000-4,week,UBK_W1
6051788,c2a70eacc8bcf570,EH_TTPM,8160-450,0,wöchentlicher TPM WP EModul 9000-4,week,UBK_W1
6058757,1741e62f8da6445b,EH_TTPM,8160-450,0,Reinigen+Kontrolle Prüfplatz,unknown,UBK_W1
6092364,c2a70eacc8bcf570,EH_TTPM,8160-450,0,wöchentlicher TPM WP EModul 9000-4,week,UBK_W1
6055731,3735e278ce8b0683,EH_TTPM,8160-450,0,wöchentlicher TPM WP EModul 1000-5,week,UBK_W1
6058744,1741e62f8da6445b,EH_TTPM,8160-450,0,Reinigen+Kontrolle Prüfplatz,unknown,UBK_W1
6092658,aaa503580d135d35,EH_TTPM,8160-450,0,wöchentl. TPM-Wartungsplan EML FA1000_5,unknown,UBK_W1
6055732,0e0508aa71d70d47,EH_TTPM,8160-450,0,wöchentlicher TPM WP EModul 2000-5,week,UBK_W1
6055836,0e0508aa71d70d47,EH_TTPM,8160-450,0,wöchentlicher TPM WP EModul 2000-5,week,UBK_W1
6058747,1741e62f8da6445b,EH_TTPM,8160-450,0,Reinigen+Kontrolle Prüfplatz,unknown,UBK_W1
6092659,2386a02f26890eb8,EH_TTPM,8160-450,0,wöchentl. TPM-Wartungsplan EML FA2000_5,unknown,UBK_W1
6055733,41b841850fc163ef,EH_TTPM,8160-450,0,wöchentlicher TPM WP EModul 3000-5,week,UBK_W1
6092660,a638fffe73642ba9,EH_TTPM,8160-450,0,wöchentl. TPM-Wartungsplan EML 3000_5,unknown,UBK_W1
6062085,7cf54c024c90c0dc,EH_TTPM,8160-450,0,wöchentlicher TPM WP EModul 6000-6,week,UBK_W1
6092362,7cf54c024c90c0dc,EH_TTPM,8160-450,0,wöchentlicher TPM WP EModul 6000-6,week,UBK_W1
6052488,70ce85bb4d5a01a1,EH_TTPM,8160-451,0,wöchentl. TPM Wartungsplan 2000 EM3,unknown,8160_W
6052501,ced0a5ac296e39f3,EH_TTPM,8160-451,0,wöchentl. TPM Wartungsplan 3000 EM3,unknown,8160_W
6048821,60e06d2b45c07ad1,EH_TTPM,8160-451,0,wöchentl. TPM Wartungsplan 7000 EM3,unknown,8160_W
6054042,c9ba70cc04294b1b,EH_TTPM,8160-451,0,wöchentl. TPM Wartungsplan EM3 FA7000,unknown,8160_W
6063193,82b22cc88c69c2a4,EH_TTPM,8160-451,0,EMP aut. 1000_P1 wöch. TPM Wartungsplan,unknown,UBK_W1
6091340,82b22cc88c69c2a4,EH_TTPM,8160-451,0,EMP aut. 1000_P1 wöch. TPM Wartungsplan,unknown,UBK_W1
6091362,82b22cc88c69c2a4,EH_TTPM,8160-451,0,EMP aut. 1000_P1 wöch. TPM Wartungsplan,unknown,UBK_W1
6091364,82b22cc88c69c2a4,EH_TTPM,8160-451,0,EMP aut. 1000_P1 wöch. TPM Wartungsplan,unknown,UBK_W1
6091367,82b22cc88c69c2a4,EH_TTPM,8160-451,0,EMP aut. 1000_P1 wöch. TPM Wartungsplan,unknown,UBK_W1
6093221,82b22cc88c69c2a4,EH_TTPM,8160-451,0,EMP aut. 1000_P1 wöch. TPM Wartungsplan,unknown,8160_W
6062241,401c4f9a517dd117,EH_TTPM,8160-451,0,EMP aut. 2000_P1 wöch. TPM Wartungsplan,unknown,UBK_W1
6091332,401c4f9a517dd117,EH_TTPM,8160-451,0,EMP aut. 2000_P1 wöch. TPM Wartungsplan,unknown,UBK_W1
6091334,401c4f9a517dd117,EH_TTPM,8160-451,0,EMP aut. 2000_P1 wöch. TPM Wartungsplan,unknown,UBK_W1
6091336,401c4f9a517dd117,EH_TTPM,8160-451,0,EMP aut. 2000_P1 wöch. TPM Wartungsplan,unknown,UBK_W1
6091338,401c4f9a517dd117,EH_TTPM,8160-451,0,EMP aut. 2000_P1 wöch. TPM Wartungsplan,unknown,UBK_W1
6093219,401c4f9a517dd117,EH_TTPM,8160-451,0,EMP aut. 2000_P1 wöch. TPM Wartungsplan,unknown,8160_W
6064032,ba8364809bc2cc5c,EH_TTPM,8160-451,0,EMP aut. 3000_2 wöch. TPM Wartungsplan,unknown,8160_W
6092308,ba8364809bc2cc5c,EH_TTPM,8160-451,0,EMP aut. 3000_2 wöch. TPM Wartungsplan,unknown,8160_W
6097458,96b7841fcf71b2ec,EH_TTPM,8160-451,0,TPM EMP 3000 Teil 1,unknown,8160_W
6097516,13150ea528cbadbd,EH_TTPM,8160-451,0,Trumpf Beschriftungslaser EMP 3000 24W,week,8160_W
6062441,afd4f47309bbdb2f,EH_TTPM,8160-451,0,TPM wöch. EMP aut.Linie 7000_2 Strang1,unknown,8160_W
6092381,afd4f47309bbdb2f,EH_TTPM,8160-451,0,TPM wöch. EMP aut.Linie 7000_2 Strang1,unknown,8160_W
6097501,a5ddcc9072eebb17,EH_TTPM,8160-451,0,TPM EMP 7000_2 Strang 1 Teil 1,unknown,8160_W
6097512,82eedfcebde5d822,EH_TTPM,8160-451,0,TPM EMP 7000_2 Strang 1 - 1J,year,8160_W
6097517,400d570f6aed63e2,EH_TTPM,8160-451,0,Trumpf Beschriftungslaser EMP 7100 24W,week,8160_W
6097519,1cfc1ece4a15b4c5,EH_TTPM,8160-451,0,TPM EMP 7000_2 Strang 1 Teil 2,unknown,8160_W
6061846,b40222c59a56ba46,EH_TTPM,8160-451,0,TPM wöch. EMP aut.Linie 7000_2 Strang2,unknown,8160_W
6092361,b40222c59a56ba46,EH_TTPM,8160-451,0,TPM wöch. EMP aut.Linie 7000_2 Strang2,unknown,8160_W
6097457,c919562cd0141894,EH_TTPM,8160-451,0,TPM EMP 7000_2 Strang 2 Teil 1,unknown,8160_W
6097511,7bd19063ea95c59e,EH_TTPM,8160-451,0,TPM EMP 7000_2 Strang 2 Teil 2,unknown,8160_W
6097513,9813858ab648e1a9,EH_TTPM,8160-451,0,TPM EMP 7000_2 Strang 2 - 1J,year,8160_W
6097521,2fb90ad863b7bbcf,EH_TTPM,8160-451,0,TPM EMP 7000_2 Strang 2 Teil 3,unknown,8160_W
6097522,454d408c1c195ab5,EH_TTPM,8160-451,0,TPM EMP 7000_2 Strang 2 Teil 4,unknown,8160_W
6062442,8d9d9115f538cc44,EH_TTPM,8160-451,0,TPM wöch. EMP aut.Linie 7000_2 Strang3,unknown,8160_W
6092310,8d9d9115f538cc44,EH_TTPM,8160-451,0,TPM wöch. EMP aut.Linie 7000_2 Strang3,unknown,8160_W
6097459,3fe6f49b9fb3b227,EH_TTPM,8160-451,0,TPM EMP 7000_2 Strang 3 Teil 1,unknown,8160_W
6097514,837471ce49bf383d,EH_TTPM,8160-451,0,TPM EMP 7000_2 Strang 3 - 1J,year,8160_W
6097523,3659b556fc9aff3e,EH_TTPM,8160-451,0,TPM EMP 7000_2 Strang 3 Teil 2,unknown,8160_W
6062481,a995d5fa1eb7e8ab,EH_TTPM,8160-451,0,TPM wöch. EMP aut.Linie 7000_2 Strang4,unknown,8160_W
6092309,a995d5fa1eb7e8ab,EH_TTPM,8160-451,0,TPM wöch. EMP aut.Linie 7000_2 Strang4,unknown,8160_W
6097460,7af213b18fe2f8da,EH_TTPM,8160-451,0,TPM EMP 7000_2 Strang 4 Teil 1,unknown,8160_W
6097515,28f71eba469eb945,EH_TTPM,8160-451,0,TPM EMP 7000_2 Strang 4 - 1J,year,8160_W
6097518,9e8d2994a519dcda,EH_TTPM,8160-451,0,Trumpf Beschriftungslaser EMP 7450 24W,week,8160_W
6097520,479abf6b31c15078,EH_TTPM,8160-451,0,TPM EMP 7000_2 Strang 4 Teil 2,unknown,8160_W
6068759,d77f56fdd5eb3af9,EH_TTPM,8160-451,0,EMP aut. 1000_P2 wöch. TPM Wartungsplan,unknown,UBK_W1
6091361,d77f56fdd5eb3af9,EH_TTPM,8160-451,0,EMP aut. 1000_P2 wöch. TPM Wartungsplan,unknown,UBK_W1
6091363,d77f56fdd5eb3af9,EH_TTPM,8160-451,0,EMP aut. 1000_P2 wöch. TPM Wartungsplan,unknown,UBK_W1
6091365,d77f56fdd5eb3af9,EH_TTPM,8160-451,0,EMP aut. 1000_P2 wöch. TPM Wartungsplan,unknown,UBK_W1
6091366,d77f56fdd5eb3af9,EH_TTPM,8160-451,0,EMP aut. 1000_P2 wöch. TPM Wartungsplan,unknown,UBK_W1
6093222,d77f56fdd5eb3af9,EH_TTPM,8160-451,0,EMP aut. 1000_P2 wöch. TPM Wartungsplan,unknown,8160_W
6073013,7460921c3b050650,EH_TTPM,8160-451,0,EMP aut. 2000_P2 wöch. TPM Wartungsplan,unknown,UBK_W1
6091333,7460921c3b050650,EH_TTPM,8160-451,0,EMP aut. 2000_P2 wöch. TPM Wartungsplan,unknown,UBK_W1
6091335,7460921c3b050650,EH_TTPM,8160-451,0,EMP aut. 2000_P2 wöch. TPM Wartungsplan,unknown,UBK_W1
6091337,7460921c3b050650,EH_TTPM,8160-451,0,EMP aut. 2000_P2 wöch. TPM Wartungsplan,unknown,UBK_W1
6091339,7460921c3b050650,EH_TTPM,8160-451,0,EMP aut. 2000_P2 wöch. TPM Wartungsplan,unknown,UBK_W1
6093220,7460921c3b050650,EH_TTPM,8160-451,0,EMP aut. 2000_P2 wöch. TPM Wartungsplan,unknown,8160_W
6061184,ef4cb376be407964,EH_TTPM,8160-920,1,wöch.TPM-Plan Stickstofflagerschrank EMP | COS Stickstofflagerschrank AD-909 (N2),unknown,8160_W
6108693,64fc4e91fc2f096d,FCM1-NL,8160-930,1,"Feststellanl. Brandschutztore &-türen 1J | FCM, Brandschutztüren, -abschottungen",year,8160_M
6067120,ddcc3e15e59041d4,FCM3-JL,8160-930,1,Wartungsplan Kaltwasserfilteranlage 1W | E122WF01 Wasserfilteranlage (Bollfilter),week,8160_W
6069399,03ad00a0ef58aef1,FCM3-JL,8160-930,1,Wartungsplan Kaltwasserfilteranlage 1W | E122WK Medientrennung,week,8160_W
6069400,00882cb70652d13b,FCM3-JL,8160-930,1,Wartungsplan Kaltwasserfilteranlage 1W | E123WK Medientrennung,week,8160_W
6061731,92582ccad0c9c183,FCM3-JL,8160-930,0,Wartung RLT Anlagen 1J,year,8160_M
6061733,0d7659fc1aa65c80,FCM3-JL,8160-930,1,Wartung Klimaanlagen (EDL) 1J | Klimaanlagen EH122 TG,year,8160_M
6061732,69fa0c9ace4b3215,FCM3-JL,8160-930,1,Wartung Lüftungsanlagen (EDL) 1J | Lüftungsanlagen EH122 TG,year,8160_M
6064683,215c80358213c89d,FCM3-JL,8160-930,1,Wartung Lüftungsanlagen 1J | Lüftungsanlagen EH122 TG,year,8160_M
6069471,1a06bdf4dc1d9736,FCM3-JL,8160-930,1,Wartung Abluftanlagen (EDL) 1J | Nebenanlagen - Prozessfortluft EH122 TG,year,8160_M
6095174,c0bf321cf97b2089,FCM3-RB,8160-500,0,Beamer - & Monitorwartung MSB,unknown,UBK_M1
6095178,5e052d8e94e27dfb,FCM3-RB,8160-900,0,Beamer - & Monitorwartung PT/PC,unknown,UBK_M1
6108744,2ddee7ad67430dae,FCM3-RB,8160-910,0,Thermografieprüfung Schaltschränke 1J,year,8160_M
6108740,2ddee7ad67430dae,FCM3-RB,8160-910,0,Thermografieprüfung Schaltschränke 1J,year,8160_M
6108741,2ddee7ad67430dae,FCM3-RB,8160-910,0,Thermografieprüfung Schaltschränke 1J,year,8160_M
6108742,b80e145bb5f12821,FCM3-RB,8160-910,1,Thermografieprüfung Schaltschränke 1J | Sauberkeitsanalyselabor,year,8160_M
6108746,2ddee7ad67430dae,FCM3-RB,8160-910,0,Thermografieprüfung Schaltschränke 1J,year,8160_M
6108745,2ddee7ad67430dae,FCM3-RB,8160-910,0,Thermografieprüfung Schaltschränke 1J,year,8160_M
6108739,2ddee7ad67430dae,FCM3-RB,8160-910,0,Thermografieprüfung Schaltschränke 1J,year,8160_M
6095165,2d64824d0639a261,FCM3-RB,8160-920,0,Beamer - & Monitorwartung TEF,unknown,UBK_M1
6108736,38c3f80da8dd224e,FCM3-RB,8160-930,1,Thermografieprüfung Schaltschränke 1J | Bosch Eigen- u. Leihcontainer,year,8160_M
6108738,ad44a4171a25efe8,FCM3-RB,8160-930,0,Thermografieprüfung Schaltschränke 1J,year,8160_M
6108678,1d4cfafc0db1918e,FCM3-RB,8160-930,1,"Thermografieprüfung Schaltschränke 1J | FCM, Elektr. Anlagen und BM Eh 105",year,8160_M
6108691,1d4cfafc0db1918e,FCM3-RB,8160-930,1,"Thermografieprüfung Schaltschränke 1J | FCM, Elektr. Anlagen und BM Eh 105",year,8160_M
6108679,eb70a84f2b8c856b,FCM3-RB,8160-930,1,"Thermografieprüfung Schaltschränke 1J | FCM, Elektr. Anlagen und BM Eh 106",year,8160_M
6108681,bb6e325509848879,FCM3-RB,8160-930,1,"Thermografieprüfung Schaltschränke 1J | FCM, Elektr. Anlagen und BM Eh 122/Anbau",year,8160_M
6108689,bb6e325509848879,FCM3-RB,8160-930,1,"Thermografieprüfung Schaltschränke 1J | FCM, Elektr. Anlagen und BM Eh 122/Anbau",year,8160_M
6108683,a49561af91109c2e,FCM3-RB,8160-930,1,"Thermografieprüfung Schaltschränke 1J | FCM, Elektr. Anlagen und BM Eh 123/Anbau",year,8160_M
6108684,ab46c43d31e84877,FCM3-RB,8160-930,1,"Thermografieprüfung Schaltschränke 1J | FCM, Elektr. Anlagen und BM Eh 150",year,8160_M
6108686,5ffab9f89774f30c,FCM3-RB,8160-930,1,"Thermografieprüfung Schaltschränke 1J | FCM, Elektr. Anlagen und BM Eh 180",year,8160_M
6108687,28d105b3c0f8f6c6,FCM3-RB,8160-930,1,"Thermografieprüfung Schaltschränke 1J | FCM, Elektr. Anlagen und BM Eh 187",year,8160_M
6108688,2151a3576e1256ec,FCM3-RB,8160-930,1,"Thermografieprüfung Schaltschränke 1J | FCM, Elektr. Anlagen und BM Eh 803 (152)",year,8160_M
6108690,e8558929da83e482,FCM3-RB,8160-930,1,"Thermografieprüfung Schaltschränke 1J | FCM, Elektr. Anlagen und BM WAR/SAN",year,8160_M
6108692,fb293ce3ae5f4c7a,FCM3-RB,8160-930,1,"Thermografieprüfung Schaltschränke 1J | FCM, Elektr. Anlagen und BM Eh 122/TG",year,8160_M
6108694,ec02b2efa7b6ca97,FCM3-RB,8160-930,1,"Thermografieprüfung Schaltschränke 1J | FCM, Elektr. Anlagen und BM Eh 123/TG/RR",year,8160_M
6108697,7d1d7be909433b66,FCM3-RB,8160-930,1,Thermografieprüfung Schaltschränke 1J | Hochspannungsprüfgeräte EhP,year,8160_M
6108701,96c8f8df86ba26b2,FCM3-RB,8160-930,1,"Thermografieprüfung Schaltschränke 1J | FCM, Elektr. Anlagen und BM Eh 103/Anbau",year,8160_M
6108702,34098d0bbb754837,FCM3-RB,8160-930,1,Thermografieprüfung Schaltschränke 1J | Elektr. Anlagen und BM Eh 107,year,8160_M
6108703,e8990badf34aac63,FCM3-RB,8160-930,1,Thermografieprüfung Schaltschränke 1J | Elektr. Anlagen und BM Eh 181,year,8160_M
6108705,10a9a5cab5eff033,FCM3-RB,8160-930,1,"Thermografieprüfung Schaltschränke 1J | FCM, Elektr. Anlagen und BM Eh 108/Halle",year,8160_M
6108704,d9f8100ceeabefa7,FCM3-RB,8160-930,1,"Thermografieprüfung Schaltschränke 1J | FCM, Elektr. Anlagen und BM Eh 190",year,8160_M
6108709,c3acf1c7b7b96031,FCM3-RB,8160-930,1,"Thermografieprüfung Schaltschränke 1J | FCM, Elektr. Anlagen und BM Eh 151",year,8160_M
6108710,c7fbf01b9cc5aac8,FCM3-RB,8160-930,1,"Thermografieprüfung Schaltschränke 1J | FCM, Elektr. Anlagen und BM Eh 153",year,8160_M
6108711,b60b3fe7009e5471,FCM3-RB,8160-930,1,"Thermografieprüfung Schaltschränke 1J | FCM, Elektr. Anlagen und BM Eh 154",year,8160_M
6108712,b98479760a81261b,FCM3-RB,8160-930,1,"Thermografieprüfung Schaltschränke 1J | FCM, Elektr. Anlagen und BM Eh 155",year,8160_M
6108714,cf6640ac84400068,FCM3-RB,8160-930,1,"Thermografieprüfung Schaltschränke 1J | FCM, Elektr. Anlagen und BM Eh 103/TG",year,8160_M
6108715,05df55cf8f5fd45d,FCM3-RB,8160-930,1,"Thermografieprüfung Schaltschränke 1J | FCM, Elektr. Anlagen und BM Eh 108/TG",year,8160_M
6108716,3e06fa371dce6b69,FCM3-RB,8160-930,1,Thermografieprüfung Schaltschränke 1J | PV-Anlagen,year,8160_M
6108717,909c081a19a2b666,FCM3-RB,8160-930,1,"Thermografieprüfung Schaltschränke 1J | FCM, Elektr. Anlagen und BM Eh 108a",year,8160_M
6108718,ddf29522affe698e,FCM3-RB,8160-930,1,"Thermografieprüfung Schaltschränke 1J | FCM, Elektr. Anlagen und BM Eh 193",year,8160_M
6108719,e27e5f219b44acfc,FCM3-RB,8160-930,1,"Thermografieprüfung Schaltschränke 1J | FCM, Elektr. Anlagen und BM Eh 111",year,8160_M
6108720,328d104dd2f5ed4f,FCM3-RB,8160-930,1,"Thermografieprüfung Schaltschränke 1J | FCM, Elektr. Anlagen und BM Eh 103/Halle",year,8160_M
6108722,184d14f5b1c82784,FCM3-RB,8160-930,1,"Thermografieprüfung Schaltschränke 1J | FCM, Elektr. Anlagen und BM Eh 122/Halle",year,8160_M
6108723,98e6d53752e38dda,FCM3-RB,8160-930,1,"Thermografieprüfung Schaltschränke 1J | FCM, Elektr. Anlagen und BM Eh 123/Halle",year,8160_M
6108706,41bd5a6a120cd12c,FCM3-RB,8160-930,1,"Thermografieprüfung Schaltschränke 1J | FCM, Elektr. Anlagen und BM Eh 108/Anbau",year,8160_M
6108726,9d735e3f3d66f172,FCM3-RB,8160-930,1,"Thermografieprüfung Schaltschränke 1J | FCM, Elektr. Anlagen und BM Eh 108b",year,8160_M
6108727,056e32949dc54b6e,FCM3-RB,8160-930,1,"Thermografieprüfung Schaltschränke 1J | FCM, Elektr. Anlagen und BM Eh 198",year,8160_M
6108728,de1eb6bed9403f48,FCM3-RB,8160-930,1,"Thermografieprüfung Schaltschränke 1J | FCM, Elektr. Anlagen und BM Eh 197",year,8160_M
6108729,4939dd3ce680b0ca,FCM3-RB,8160-930,1,"Thermografieprüfung Schaltschränke 1J | FCM, Elektr. Anlagen und BM Eh 199",year,8160_M
6108682,8e26caeb04782f3c,FCM3-RB,8160-930,1,"Thermografieprüfung Schaltschränke 1J | FCM, Büro-BM Eh 123/Anbau OG Süd",year,8160_M
6108730,dc9f42d7e090ff40,FCM3-RB,8160-930,1,"Thermografieprüfung Schaltschränke 1J | FCM, Büro-BM Eh 123/Anbau OG Nord",year,8160_M
6108731,97fa05f43fbca5be,FCM3-RB,8160-930,1,"Thermografieprüfung Schaltschränke 1J | FCM, Büro-BM Eh 123/Anbau ZG (COS-Bühne)",year,8160_M
6108680,e6a76fdcf0d306b9,FCM3-RB,8160-930,1,"Thermografieprüfung Schaltschränke 1J | FCM, Büro-BM Eh 122/Anbau EG Nord",year,8160_M
6108732,0f453a003a97704d,FCM3-RB,8160-930,1,"Thermografieprüfung Schaltschränke 1J | FCM, Büro-BM Eh 122/Anbau EG Süd",year,8160_M
6108733,18db80d1da439599,FCM3-RB,8160-930,1,"Thermografieprüfung Schaltschränke 1J | FCM, Büro-BM Eh 122/Anbau OG Nord",year,8160_M
6108734,e7246fa4338e1291,FCM3-RB,8160-930,1,"Thermografieprüfung Schaltschränke 1J | FCM, Büro-BM Eh 122/Anbau OG Süd",year,8160_M
6095166,723c1fca97590988,FCM3-RB,8160-930,0,Beamer - & Monitorwartung BER,unknown,UBK_M1
6095167,b5dc11378654598f,FCM3-RB,8160-930,0,Beamer - & Monitorwartung CI,unknown,UBK_M1
6095168,23dabfeae1083d6b,FCM3-RB,8160-930,0,Beamer - & Monitorwartung CP/PQA,unknown,UBK_M1
6095169,6d86bcd52d9b68fc,FCM3-RB,8160-930,0,Beamer - & Monitorwartung CTG,unknown,UBK_M1
6095170,cdef4073e3460637,FCM3-RB,8160-930,0,Beamer - & Monitorwartung DBE,unknown,UBK_M1
6095171,982ea86544a32981,FCM3-RB,8160-930,0,Beamer - & Monitorwartung FCM,unknown,UBK_M1
6095172,51154f16c0eca10a,FCM3-RB,8160-930,0,Beamer - & Monitorwartung HRL,unknown,UBK_M1
6095173,48e51ef16b99cab8,FCM3-RB,8160-930,0,Beamer - & Monitorwartung LOG,unknown,UBK_M1
6095175,7354f94335e304d9,FCM3-RB,8160-930,0,Beamer - & Monitorwartung MSC,unknown,UBK_M1
6095176,49068dff0fddf33f,FCM3-RB,8160-930,0,Beamer - & Monitorwartung MSS,unknown,UBK_M1
6095177,95635e5de769a5b0,FCM3-RB,8160-930,0,Beamer - & Monitorwartung MST,unknown,UBK_M1
6097115,83bf2df465c2abbf,FCM3-RB,8160-930,0,Beamer - & Monitorwartung QMM,unknown,UBK_M1
6097116,98336cc94e8198fe,FCM3-RB,8160-930,0,Beamer - & Monitorwartung TGA,unknown,UBK_M1
6108737,ad44a4171a25efe8,FCM3-RB,8160-930,0,Thermografieprüfung Schaltschränke 1J,year,8160_M
6108735,ad44a4171a25efe8,FCM3-RB,8160-930,0,Thermografieprüfung Schaltschränke 1J,year,8160_M
6070660,c0eae025243583d3,FCM3-TD,8160-930,1,Wartung durch Hersteller Waterlogic 6M | Trinkwasserspender Waterlogic,half_year,UBK_W1
6064582,1ede5e8f66b3fbf7,FCM3-TD,8160-930,1,Wartungsplan Drehschieber-Vakuumpumpe 6M | E122VV01 Vakuumanlage RA0165D/RA0160D,half_year,8160_M
6106755,d9399a4f9774349d,MFE11-MB,8160-500,1,Mechanische Prüfung CTC-Teile St.3110 1J | 9301.3110 Dispensen Deckel,year,UBK_W1
6107910,e46edef743998517,MFE11-MB,8160-500,1,Mechanische Prüfung CTC-Teile St.3140 1J | 9301.3140 Prüfen Schweissungen,year,UBK_W1
6107931,76ebeb2fada7e2a1,MFE11-MB,8160-500,1,Mechanische Prüfung CTC-Teile St.3180 1J | 9301.3180 Prüfen Deckelschweissung,year,UBK_W1
6067920,358d52a18e6b09d6,MFE41-JW,8160-001,0,Kontrolle Wartungsdurchführung EDL 3M JW,quarter,8160_W
6112032,073b4e8d1da53a04,MFE41-JW,8160-330,1,"Filter wechsel Allgemein 12M | HFM6, KLB, 300-500 Luftmassenprüfstand",month,8160_W
6055793,b48bd1af57aa208c,MFE41-SR,8160-330,1,"Wartung Zuführung Halter durch SMR 2J | HFM6, KLB, 190 Haltermontage",year,UBK_W1
6013871,e83c1dd7abbe3128,MOE32-ME,8160-420,0,wöchentliche TPM Wartungsplan FPM2.3,week,UBK_W1
6025026,432be2a25e865db5,MOE32-ME,8160-420,0,wöchentl. TPM Wartungsplan Sensor,unknown,UBK_W1
6067921,fd5c5bdd5e7355c6,MOE33-AJ,8160-220,0,Kontrolle Wartungsdurchführung EDL 3M,quarter,8160_W
6066049,837d12ca3a2638f3,MOE33-TO,8160-230,0,Wartung Kompressor durch Hersteller 1J,year,UBK_M1
6071594,589fefd16873d956,MOE34-AB,8160-110,1,Werkzeugwagen Hilma-Römheld | Wkz.wechselwagen 3 L1214 1086455,unknown,8160_W
6071595,989e1d6bb7c0e38b,MOE34-AB,8160-110,1,Werkzeugwagen Hilma-Römheld | Wkz.wechselwagen 4 L1214 1087404,unknown,8160_W
6071953,f7c0410d8624a13a,MOE34-BS,8160-110,1,Laserschweißanlage Bielomatik | RS-T1 Laserschweißen Deckel,unknown,8160_W
6092645,c22a503d7236c4b4,MOE34-BS,8160-110,1,Wartung Lasermatrize 26W | 1401 M2 Laserschweißen IC,week,UBK_W1
6094202,6d80ec56edb1ce7f,MOE34-BS,8160-110,1,"Wartung Ofen, L1401, M2 | 1401 M2 Ofenprozess (Kleber Aushärten)",unknown,UBK_W1
6098722,1054fc7684cecd95,MOE34-BS,8160-110,1,"Wartung Ofen, L1401, M2 | 1411 M2.2 Ofenprozess (Kleber Aushärten)",unknown,UBK_W1
6081666,e260860c4d07f6a1,MOE34-MS,8160-001,1,Elektrodenhalter überprüfen 26W | 16M2.1 Widerstandsschweißen,week,8160_W
6081662,027d76ec4a579227,MOE34-MS,8160-110,1,Elektrodenhalter überprüfen 26W | 1211 SCHWEIßEN,week,8160_W
6081665,fde1d82754892bbb,MOE34-MS,8160-110,1,Elektrodenhalter überprüfen 26W | 1304 Widerstandsschweissen,week,8160_W
6081663,5e179433a5792ac2,MOE34-MS,8160-110,1,Elektrodenhalter überprüfen 26W | 1214 St.416 IC-Schweißen,week,8160_W
6081664,53c92b071668c9ae,MOE34-MS,8160-110,1,Elektrodenhalter überprüfen 26W | 1215 St.416 IC-Schweißen,week,8160_W
6081667,e3626da0d4177824,MOE34-MS,8160-110,1,Elektrodenhalter überprüfen 26W | 17M2 Pos.4 Widerstandsschweißen,week,8160_W
6081668,6371920b9837805b,MOE34-MS,8160-110,1,Elektrodenhalter überprüfen 26W | 18M2 Pos.4 Widerstandsschweißen,week,8160_W
6085799,021eb61536237f05,MOE34-MS,8160-110,1,Elektrodenhalter überprüfen 26W | 1401 M1 CPS4-Schweißmodul/ Rundteller 1,week,8160_W
6085800,078f1852a8909b47,MOE34-MS,8160-110,1,Elektrodenhalter überprüfen 26W | 1401 M1 RSC-D5-Schweißmodul/Rundteller 2,week,8160_W
6098514,e5801e58d24a7055,MOE34-MS,8160-110,1,Elektrodenhalter überprüfen 26W | 1411 M1.2 RT Pos.135 Schweißen P1 CPS4,week,8160_W
6098515,774c5a4061e257d8,MOE34-MS,8160-110,1,Elektrodenhalter überprüfen 26W | 1411 M1.2 RT Pos.136 Schweißen P1 RSC-D5,week,8160_W
6098516,a900f265542054ca,MOE34-MS,8160-110,1,Elektrodenhalter überprüfen 26W | 1411 M1.2 RT Pos.137 Schweißen P2 beide,week,8160_W
6081661,db35782e9e9bb8c4,MOE34-MS,8160-110,1,Elektrodenhalter überprüfen 26W | 1203K Schweißmaschine_IC Schweißen,week,8160_W
6071721,876cb745ec0b61b8,MOE34-SH,8160-110,1,Werkzeugwagen Hilma-Römheld | Wkz.wechselwagen L1216/17/18 1087402,unknown,8160_W
6071722,c9fd8fdd52d5e206,MOE34-SH,8160-110,1,Werkzeugwagen Hilma-Römheld | Wkz.wechselwagen L1216/17/18 1087403,unknown,8160_W
6108651,16bb507537a93f24,TEF-S-EP,8160-002,0,Thermografieprüfung Schaltschränke 1J,year,8160_M
6108638,6dd809a79519a8db,TEF-S-EP,8160-100,0,Thermografieprüfung Schaltschränke 1J,year,8160_M
6108639,6dd809a79519a8db,TEF-S-EP,8160-100,0,Thermografieprüfung Schaltschränke 1J,year,8160_M
6058563,c247d1f6e0bb0be0,TEF-S-EP,8160-110,0,Thermografieprüfung Schaltschränke 1J,year,8160_M
6058566,c247d1f6e0bb0be0,TEF-S-EP,8160-110,0,Thermografieprüfung Schaltschränke 1J,year,8160_M
6058564,c247d1f6e0bb0be0,TEF-S-EP,8160-110,0,Thermografieprüfung Schaltschränke 1J,year,8160_M
6058567,c247d1f6e0bb0be0,TEF-S-EP,8160-110,0,Thermografieprüfung Schaltschränke 1J,year,8160_M
6058565,c247d1f6e0bb0be0,TEF-S-EP,8160-110,0,Thermografieprüfung Schaltschränke 1J,year,8160_M
6108640,c247d1f6e0bb0be0,TEF-S-EP,8160-110,0,Thermografieprüfung Schaltschränke 1J,year,8160_M
6108675,c247d1f6e0bb0be0,TEF-S-EP,8160-110,0,Thermografieprüfung Schaltschränke 1J,year,8160_M
6058553,c247d1f6e0bb0be0,TEF-S-EP,8160-110,0,Thermografieprüfung Schaltschränke 1J,year,8160_M
6058560,c247d1f6e0bb0be0,TEF-S-EP,8160-110,0,Thermografieprüfung Schaltschränke 1J,year,8160_M
6058554,c247d1f6e0bb0be0,TEF-S-EP,8160-110,0,Thermografieprüfung Schaltschränke 1J,year,8160_M
6058555,c247d1f6e0bb0be0,TEF-S-EP,8160-110,0,Thermografieprüfung Schaltschränke 1J,year,8160_M
6058559,c247d1f6e0bb0be0,TEF-S-EP,8160-110,0,Thermografieprüfung Schaltschränke 1J,year,8160_M
6058556,c247d1f6e0bb0be0,TEF-S-EP,8160-110,0,Thermografieprüfung Schaltschränke 1J,year,8160_M
6058568,c247d1f6e0bb0be0,TEF-S-EP,8160-110,0,Thermografieprüfung Schaltschränke 1J,year,8160_M
6058557,c247d1f6e0bb0be0,TEF-S-EP,8160-110,0,Thermografieprüfung Schaltschränke 1J,year,8160_M
6058558,c247d1f6e0bb0be0,TEF-S-EP,8160-110,0,Thermografieprüfung Schaltschränke 1J,year,8160_M
6058561,c247d1f6e0bb0be0,TEF-S-EP,8160-110,0,Thermografieprüfung Schaltschränke 1J,year,8160_M
6058562,c247d1f6e0bb0be0,TEF-S-EP,8160-110,0,Thermografieprüfung Schaltschränke 1J,year,8160_M
6058552,c247d1f6e0bb0be0,TEF-S-EP,8160-110,0,Thermografieprüfung Schaltschränke 1J,year,8160_M
6058569,f9065179475467e1,TEF-S-EP,8160-111,0,Thermografieprüfung Schaltschränke 1J,year,8160_M
6058551,1b41dc5530e984ad,TEF-S-EP,8160-120,0,Thermografieprüfung Schaltschränke 1J,year,8160_M
6108629,82f4b79c2887ca24,TEF-S-EP,8160-200,0,Thermografieprüfung Schaltschränke 1J,year,8160_M
6108636,72eeb84e33d0ec29,TEF-S-EP,8160-230,0,Thermografieprüfung Schaltschränke 1J,year,8160_M
6108621,72eeb84e33d0ec29,TEF-S-EP,8160-230,0,Thermografieprüfung Schaltschränke 1J,year,8160_M
6108590,6257d8e8eb5c67a1,TEF-S-EP,8160-230,1,Thermografieprüfung Schaltschränke 1J | RDS4/KV4 L2 Kabelschwanzfertigung,year,8160_M
6108622,72eeb84e33d0ec29,TEF-S-EP,8160-230,0,Thermografieprüfung Schaltschränke 1J,year,8160_M
6108615,72eeb84e33d0ec29,TEF-S-EP,8160-230,0,Thermografieprüfung Schaltschränke 1J,year,8160_M
6108616,72eeb84e33d0ec29,TEF-S-EP,8160-230,0,Thermografieprüfung Schaltschränke 1J,year,8160_M
6108617,72eeb84e33d0ec29,TEF-S-EP,8160-230,0,Thermografieprüfung Schaltschränke 1J,year,8160_M
6108643,72eeb84e33d0ec29,TEF-S-EP,8160-230,0,Thermografieprüfung Schaltschränke 1J,year,8160_M
6108644,72eeb84e33d0ec29,TEF-S-EP,8160-230,0,Thermografieprüfung Schaltschränke 1J,year,8160_M
6108645,72eeb84e33d0ec29,TEF-S-EP,8160-230,0,Thermografieprüfung Schaltschränke 1J,year,8160_M
6058581,817f721e1c13cfd0,TEF-S-EP,8160-231,0,Thermografieprüfung Schaltschränke 1J,year,8160_M
6108658,3eda97396e5d9b46,TEF-S-EP,8160-260,0,Thermografieprüfung Schaltschränke 1J,year,8160_M
6108631,3eda97396e5d9b46,TEF-S-EP,8160-260,0,Thermografieprüfung Schaltschränke 1J,year,8160_M
6108637,51e38ea77cbd62ab,TEF-S-EP,8160-280,0,Thermografieprüfung Schaltschränke 1J,year,8160_M
6108659,51e38ea77cbd62ab,TEF-S-EP,8160-280,0,Thermografieprüfung Schaltschränke 1J,year,8160_M
6108660,51e38ea77cbd62ab,TEF-S-EP,8160-280,0,Thermografieprüfung Schaltschränke 1J,year,8160_M
6108661,51e38ea77cbd62ab,TEF-S-EP,8160-280,0,Thermografieprüfung Schaltschränke 1J,year,8160_M
6108662,51e38ea77cbd62ab,TEF-S-EP,8160-280,0,Thermografieprüfung Schaltschränke 1J,year,8160_M
6108663,51e38ea77cbd62ab,TEF-S-EP,8160-280,0,Thermografieprüfung Schaltschränke 1J,year,8160_M
6108674,208df58f0e6de47b,TEF-S-EP,8160-300,0,Thermografieprüfung Schaltschränke 1J,year,8160_M
6108630,40f158208f4abd8a,TEF-S-EP,8160-330,0,Thermografieprüfung Schaltschränke 1J,year,8160_M
6108611,40f158208f4abd8a,TEF-S-EP,8160-330,0,Thermografieprüfung Schaltschränke 1J,year,8160_M
6108612,40f158208f4abd8a,TEF-S-EP,8160-330,0,Thermografieprüfung Schaltschränke 1J,year,8160_M
6108608,40f158208f4abd8a,TEF-S-EP,8160-330,0,Thermografieprüfung Schaltschränke 1J,year,8160_M
6067936,cc82046a261b39bf,TEF-S-EP,8160-330,1,"viertjährliche Schaltschrankwartung 91T | HFM6/7, M2, 200+210 Ofen+Beschickung",multiple,8160_W
6108609,a26b4408c56b4365,TEF-S-EP,8160-330,1,"Thermografieprüfung Schaltschränke 1J | HFM6/7, M2, 200+210 Ofen+Beschickung",year,8160_M
6108610,40f158208f4abd8a,TEF-S-EP,8160-330,0,Thermografieprüfung Schaltschränke 1J,year,8160_M
6067937,a5cc4d174fd776ec,TEF-S-EP,8160-330,1,viertjährliche Schaltschrankwartung 91T | HFM7 M3 St. 200+210 Ofen & Beschickung,multiple,8160_W
6108613,40f158208f4abd8a,TEF-S-EP,8160-330,0,Thermografieprüfung Schaltschränke 1J,year,8160_M
6067938,d388d09510a24ba5,TEF-S-EP,8160-330,1,viertjährliche Schaltschrankwartung 91T | HFM8 M4 St.200+210 Ofen & Beschickung,multiple,8160_W
6108614,40f158208f4abd8a,TEF-S-EP,8160-330,0,Thermografieprüfung Schaltschränke 1J,year,8160_M
6108601,40f158208f4abd8a,TEF-S-EP,8160-330,0,Thermografieprüfung Schaltschränke 1J,year,8160_M
6108603,40f158208f4abd8a,TEF-S-EP,8160-330,0,Thermografieprüfung Schaltschränke 1J,year,8160_M
6108604,40f158208f4abd8a,TEF-S-EP,8160-330,0,Thermografieprüfung Schaltschränke 1J,year,8160_M
6108605,40f158208f4abd8a,TEF-S-EP,8160-330,0,Thermografieprüfung Schaltschränke 1J,year,8160_M
6108606,40f158208f4abd8a,TEF-S-EP,8160-330,0,Thermografieprüfung Schaltschränke 1J,year,8160_M
6108607,40f158208f4abd8a,TEF-S-EP,8160-330,0,Thermografieprüfung Schaltschränke 1J,year,8160_M
6058582,6c8d174a9b024736,TEF-S-EP,8160-340,0,Thermografieprüfung Schaltschränke 1J,year,8160_M
6058583,3a4c5b83b491c4b1,TEF-S-EP,8160-340,1,"Thermografieprüfung Schaltschränke 1J | DSS2, L5, Ofen Hybrid",year,8160_M
6058584,352af9ee917062b0,TEF-S-EP,8160-340,1,"Thermografieprüfung Schaltschränke 1J | DSS2, L5, Ofen Deckel",year,8160_M
6058585,6c8d174a9b024736,TEF-S-EP,8160-340,0,Thermografieprüfung Schaltschränke 1J,year,8160_M
6058586,951f5afbe9f0d6ca,TEF-S-EP,8160-340,1,"Thermografieprüfung Schaltschränke 1J | DSS2, L6, Ofen Hybrid",year,8160_M
6058587,8b2b3263f48e5328,TEF-S-EP,8160-340,1,"Thermografieprüfung Schaltschränke 1J | DSS2, L6, Ofen Deckel",year,8160_M
6108635,2d7a4006dafd62c0,TEF-S-EP,8160-350,0,Thermografieprüfung Schaltschränke 1J,year,8160_M
6108471,2d7a4006dafd62c0,TEF-S-EP,8160-350,0,Thermografieprüfung Schaltschränke 1J,year,8160_M
6108586,2d7a4006dafd62c0,TEF-S-EP,8160-350,0,Thermografieprüfung Schaltschränke 1J,year,8160_M
6108587,2d7a4006dafd62c0,TEF-S-EP,8160-350,0,Thermografieprüfung Schaltschränke 1J,year,8160_M
6108588,2d7a4006dafd62c0,TEF-S-EP,8160-350,0,Thermografieprüfung Schaltschränke 1J,year,8160_M
6108649,71af6b5871c1b185,TEF-S-EP,8160-351,0,Thermografieprüfung Schaltschränke 1J,year,8160_M
6108650,71af6b5871c1b185,TEF-S-EP,8160-351,0,Thermografieprüfung Schaltschränke 1J,year,8160_M
6108648,f5731422a584714f,TEF-S-EP,8160-380,0,Thermografieprüfung Schaltschränke 1J,year,8160_M
6108620,f5731422a584714f,TEF-S-EP,8160-380,0,Thermografieprüfung Schaltschränke 1J,year,8160_M
6108619,f5731422a584714f,TEF-S-EP,8160-380,0,Thermografieprüfung Schaltschränke 1J,year,8160_M
6108647,f5731422a584714f,TEF-S-EP,8160-380,0,Thermografieprüfung Schaltschränke 1J,year,8160_M
6108641,cef9644a57960dd2,TEF-S-EP,8160-400,0,Thermografieprüfung Schaltschränke 1J,year,8160_M
6108652,d5212ace0db7a2f9,TEF-S-EP,8160-430,0,Thermografieprüfung Schaltschränke 1J,year,8160_M
6108656,d5212ace0db7a2f9,TEF-S-EP,8160-430,0,Thermografieprüfung Schaltschränke 1J,year,8160_M
6108655,d5212ace0db7a2f9,TEF-S-EP,8160-430,0,Thermografieprüfung Schaltschränke 1J,year,8160_M
6108654,d5212ace0db7a2f9,TEF-S-EP,8160-430,0,Thermografieprüfung Schaltschränke 1J,year,8160_M
6108657,d5212ace0db7a2f9,TEF-S-EP,8160-430,0,Thermografieprüfung Schaltschränke 1J,year,8160_M
6108653,d5212ace0db7a2f9,TEF-S-EP,8160-430,0,Thermografieprüfung Schaltschränke 1J,year,8160_M
6108642,b1d0896f2feca2d5,TEF-S-EP,8160-451,0,Thermografieprüfung Schaltschränke 1J,year,8160_M
6108602,2e6b50ffb3a8079e,TEF-S-EP,8160-500,0,Thermografieprüfung Schaltschränke 1J,year,8160_M
6108632,2e6b50ffb3a8079e,TEF-S-EP,8160-500,0,Thermografieprüfung Schaltschränke 1J,year,8160_M
6108673,2e6b50ffb3a8079e,TEF-S-EP,8160-500,0,Thermografieprüfung Schaltschränke 1J,year,8160_M
6108646,2e6b50ffb3a8079e,TEF-S-EP,8160-500,0,Thermografieprüfung Schaltschränke 1J,year,8160_M
6108633,2e6b50ffb3a8079e,TEF-S-EP,8160-500,0,Thermografieprüfung Schaltschränke 1J,year,8160_M
6058570,2e6b50ffb3a8079e,TEF-S-EP,8160-500,0,Thermografieprüfung Schaltschränke 1J,year,8160_M
6058575,2e6b50ffb3a8079e,TEF-S-EP,8160-500,0,Thermografieprüfung Schaltschränke 1J,year,8160_M
6058576,2e6b50ffb3a8079e,TEF-S-EP,8160-500,0,Thermografieprüfung Schaltschränke 1J,year,8160_M
6058577,2e6b50ffb3a8079e,TEF-S-EP,8160-500,0,Thermografieprüfung Schaltschränke 1J,year,8160_M
6058578,2e6b50ffb3a8079e,TEF-S-EP,8160-500,0,Thermografieprüfung Schaltschränke 1J,year,8160_M
6058573,24102d57ae9cd0c3,TEF-S-EP,8160-500,1,Thermografieprüfung Schaltschränke 1J | 9501.5170 / Linie 8601 Verpacken 13stell,year,8160_M
6058574,2e6b50ffb3a8079e,TEF-S-EP,8160-500,0,Thermografieprüfung Schaltschränke 1J,year,8160_M
6058571,2e6b50ffb3a8079e,TEF-S-EP,8160-500,0,Thermografieprüfung Schaltschränke 1J,year,8160_M
6058572,2e6b50ffb3a8079e,TEF-S-EP,8160-500,0,Thermografieprüfung Schaltschränke 1J,year,8160_M
6109033,2e6b50ffb3a8079e,TEF-S-EP,8160-500,0,Thermografieprüfung Schaltschränke 1J,year,8160_M
6109069,2e6b50ffb3a8079e,TEF-S-EP,8160-500,0,Thermografieprüfung Schaltschränke 1J,year,8160_M
6108634,2e6b50ffb3a8079e,TEF-S-EP,8160-500,0,Thermografieprüfung Schaltschränke 1J,year,8160_M
6108591,2e6b50ffb3a8079e,TEF-S-EP,8160-500,0,Thermografieprüfung Schaltschränke 1J,year,8160_M
6108595,2e6b50ffb3a8079e,TEF-S-EP,8160-500,0,Thermografieprüfung Schaltschränke 1J,year,8160_M
6108592,2e6b50ffb3a8079e,TEF-S-EP,8160-500,0,Thermografieprüfung Schaltschränke 1J,year,8160_M
6108596,2e6b50ffb3a8079e,TEF-S-EP,8160-500,0,Thermografieprüfung Schaltschränke 1J,year,8160_M
6108597,2e6b50ffb3a8079e,TEF-S-EP,8160-500,0,Thermografieprüfung Schaltschränke 1J,year,8160_M
6108598,2e6b50ffb3a8079e,TEF-S-EP,8160-500,0,Thermografieprüfung Schaltschränke 1J,year,8160_M
6108599,2e6b50ffb3a8079e,TEF-S-EP,8160-500,0,Thermografieprüfung Schaltschränke 1J,year,8160_M
6108600,2e6b50ffb3a8079e,TEF-S-EP,8160-500,0,Thermografieprüfung Schaltschränke 1J,year,8160_M
6108593,2e6b50ffb3a8079e,TEF-S-EP,8160-500,0,Thermografieprüfung Schaltschränke 1J,year,8160_M
6108594,2e6b50ffb3a8079e,TEF-S-EP,8160-500,0,Thermografieprüfung Schaltschränke 1J,year,8160_M
6110220,2e6b50ffb3a8079e,TEF-S-EP,8160-500,0,Thermografieprüfung Schaltschränke 1J,year,8160_M
6108667,e7a8d09706d5a7f9,TEF-S-EP,8160-900,0,Thermografieprüfung Schaltschränke 1J,year,8160_M
6110182,e7a8d09706d5a7f9,TEF-S-EP,8160-900,0,Thermografieprüfung Schaltschränke 1J,year,8160_M
6058588,3f99b861f0ceeb9f,TEF-S-EP,8160-920,0,FREI,unknown,8160_M
6108685,3f99b861f0ceeb9f,TEF-S-EP,8160-920,0,FREI,unknown,8160_M
6108707,3f99b861f0ceeb9f,TEF-S-EP,8160-920,0,FREI,unknown,8160_M
6108713,3f99b861f0ceeb9f,TEF-S-EP,8160-920,0,FREI,unknown,8160_M
6108721,3f99b861f0ceeb9f,TEF-S-EP,8160-920,0,FREI,unknown,8160_M
6108724,3f99b861f0ceeb9f,TEF-S-EP,8160-920,0,FREI,unknown,8160_M
6108725,3f99b861f0ceeb9f,TEF-S-EP,8160-920,0,FREI,unknown,8160_M
6108747,3f99b861f0ceeb9f,TEF-S-EP,8160-920,0,FREI,unknown,8160_M
6108748,3f99b861f0ceeb9f,TEF-S-EP,8160-920,0,FREI,unknown,8160_M
6108749,3f99b861f0ceeb9f,TEF-S-EP,8160-920,0,FREI,unknown,8160_M
6108750,3f99b861f0ceeb9f,TEF-S-EP,8160-920,0,FREI,unknown,8160_M
6108751,3f99b861f0ceeb9f,TEF-S-EP,8160-920,0,FREI,unknown,8160_M
6108752,3f99b861f0ceeb9f,TEF-S-EP,8160-920,0,FREI,unknown,8160_M
6108753,3f99b861f0ceeb9f,TEF-S-EP,8160-920,0,FREI,unknown,8160_M
6108754,3f99b861f0ceeb9f,TEF-S-EP,8160-920,0,FREI,unknown,8160_M
6108755,3f99b861f0ceeb9f,TEF-S-EP,8160-920,0,FREI,unknown,8160_M
6108756,3f99b861f0ceeb9f,TEF-S-EP,8160-920,0,FREI,unknown,8160_M
6108757,3f99b861f0ceeb9f,TEF-S-EP,8160-920,0,FREI,unknown,8160_M
6108758,3f99b861f0ceeb9f,TEF-S-EP,8160-920,0,FREI,unknown,8160_M
6108759,3f99b861f0ceeb9f,TEF-S-EP,8160-920,0,FREI,unknown,8160_M
6108760,3f99b861f0ceeb9f,TEF-S-EP,8160-920,0,FREI,unknown,8160_M
6108761,3f99b861f0ceeb9f,TEF-S-EP,8160-920,0,FREI,unknown,8160_M
6108762,3f99b861f0ceeb9f,TEF-S-EP,8160-920,0,FREI,unknown,8160_M
6108763,3f99b861f0ceeb9f,TEF-S-EP,8160-920,0,FREI,unknown,8160_M
6108764,3f99b861f0ceeb9f,TEF-S-EP,8160-920,0,FREI,unknown,8160_M
6108765,3f99b861f0ceeb9f,TEF-S-EP,8160-920,0,FREI,unknown,8160_M
6108668,727f5f94a67a41bd,TEF-S-EP,8160-920,0,Thermografieprüfung Schaltschränke 1J,year,8160_M
6108671,727f5f94a67a41bd,TEF-S-EP,8160-920,0,Thermografieprüfung Schaltschränke 1J,year,8160_M
6108669,727f5f94a67a41bd,TEF-S-EP,8160-920,0,Thermografieprüfung Schaltschränke 1J,year,8160_M
6058579,727f5f94a67a41bd,TEF-S-EP,8160-920,0,Thermografieprüfung Schaltschränke 1J,year,8160_M
6108618,727f5f94a67a41bd,TEF-S-EP,8160-920,0,Thermografieprüfung Schaltschränke 1J,year,8160_M
6110186,727f5f94a67a41bd,TEF-S-EP,8160-920,0,Thermografieprüfung Schaltschränke 1J,year,8160_M
6108665,727f5f94a67a41bd,TEF-S-EP,8160-920,0,Thermografieprüfung Schaltschränke 1J,year,8160_M
6108664,727f5f94a67a41bd,TEF-S-EP,8160-920,0,Thermografieprüfung Schaltschränke 1J,year,8160_M
6110187,727f5f94a67a41bd,TEF-S-EP,8160-920,0,Thermografieprüfung Schaltschränke 1J,year,8160_M
6110183,727f5f94a67a41bd,TEF-S-EP,8160-920,0,Thermografieprüfung Schaltschränke 1J,year,8160_M
6110184,727f5f94a67a41bd,TEF-S-EP,8160-920,0,Thermografieprüfung Schaltschränke 1J,year,8160_M
6058580,727f5f94a67a41bd,TEF-S-EP,8160-920,0,Thermografieprüfung Schaltschränke 1J,year,8160_M
6108672,727f5f94a67a41bd,TEF-S-EP,8160-920,0,Thermografieprüfung Schaltschränke 1J,year,8160_M
6110185,727f5f94a67a41bd,TEF-S-EP,8160-920,0,Thermografieprüfung Schaltschränke 1J,year,8160_M
6108666,727f5f94a67a41bd,TEF-S-EP,8160-920,0,Thermografieprüfung Schaltschränke 1J,year,8160_M
6108589,9f4ac9c56e81f69b,TEF-S-EP,8160-940,1,Thermografieprüfung Schaltschränke 1J | Testraum PS-SB/EDR2 PS-SB/EIB,year,8160_M
6108677,33ec55ab09de1a30,TEF-S-EP,8160-960,0,Thermografieprüfung Schaltschränke 1J,year,8160_M
6108628,1c20a40ceb8cd1b4,TEF-S-EP,8160-970,0,Thermografieprüfung Schaltschränke 1J,year,8160_M
6108623,1c20a40ceb8cd1b4,TEF-S-EP,8160-970,0,Thermografieprüfung Schaltschränke 1J,year,8160_M
6108624,37f1ed18796b165a,TEF-S-EP,8160-970,1,Thermografieprüfung Schaltschränke 1J | Batterieladestation,year,8160_M
6108625,1c20a40ceb8cd1b4,TEF-S-EP,8160-970,0,Thermografieprüfung Schaltschränke 1J,year,8160_M
6108627,1c20a40ceb8cd1b4,TEF-S-EP,8160-970,0,Thermografieprüfung Schaltschränke 1J,year,8160_M
6108626,1c20a40ceb8cd1b4,TEF-S-EP,8160-970,0,Thermografieprüfung Schaltschränke 1J,year,8160_M
6108676,4d5c385280a24602,TEF-S-EP,8160-980,0,Thermografieprüfung Schaltschränke 1J,year,8160_M
6108670,4d5c385280a24602,TEF-S-EP,8160-980,0,Thermografieprüfung Schaltschränke 1J,year,8160_M
6108257,4837b875243a734a,TEF-S-RO,8160-001,1,"Stäubli Roboterwartung Service | 5000_1, 5000 Stäubli TX90",unknown,8160_J
6108286,628e57495323196d,TEF-S-RO,8160-001,1,"Stäubli Roboterwartung Service | 2000_1, 2110 Stäubli Roboter TX60",unknown,8160_J
6108287,6217446ec93cda69,TEF-S-RO,8160-001,1,"Stäubli Roboterwartung Service | 2000_1, 2120 Stäubli Roboter TX60",unknown,8160_J
6108288,0243cc05f3bc90df,TEF-S-RO,8160-001,1,"Stäubli Roboterwartung Service | 2000_1, 2150 Stäubli Roboter TX90",unknown,8160_J
6108289,83283537e1d2b65c,TEF-S-RO,8160-001,1,"Stäubli Roboterwartung Service | 2000_1, 2160 Stäubli Roboter TX90",unknown,8160_J
6108290,b5a23b64d6da074f,TEF-S-RO,8160-001,1,"Stäubli Roboterwartung Service | 2000_1, 2170 Stäubli Roboter TX40",unknown,8160_J
6108291,1aa62dfa65bd0e8b,TEF-S-RO,8160-001,1,"Stäubli Roboterwartung Service | 2000_1, 2180 Stäubli Roboter TX40",unknown,8160_J
6108292,89a7a1a8ae285a97,TEF-S-RO,8160-001,1,"Stäubli Roboterwartung Service | 5000_1, Stäubli Roboter TX60",unknown,8160_J
6108293,37c25e2d8ef48b21,TEF-S-RO,8160-001,1,"Stäubli Roboterwartung Service | 7000_1, 7120 Stäubli Roboter TX60",unknown,8160_J
6108294,d956b240aa72614f,TEF-S-RO,8160-001,1,"Stäubli Roboterwartung Service | 7000_1, 7190 Stäubli Roboter TX60",unknown,8160_J
6108295,bec910b533112a4d,TEF-S-RO,8160-001,1,"Stäubli Roboterwartung Service | 7000_1, 7140 Stäubli Roboter TX60",unknown,8160_J
6107266,b11a0534d62049c6,TEF-S-RO,8160-001,1,Stäubli Roboterwartung Service | 1103 Scara-Schwenkarmroboter SR6,unknown,8160_J
6107229,acb392758d0804db,TEF-S-RO,8160-002,1,Stäubli Roboterwartung Service | 16M3 Roboter2 TS60 Halterübergabe,unknown,8160_J
6107230,09a2f777c40ead0b,TEF-S-RO,8160-002,1,Stäubli Roboterwartung Service | 16M3 Roboter3 TS80 Stecker-/MWG-Übergabe,unknown,8160_J
6107231,ec36ff5aaa05f73b,TEF-S-RO,8160-002,1,Stäubli Roboterwartung Service | 16M3 Roboter4 TS60 Überg. DF auf Rundt.,unknown,8160_J
6107228,b0844b0d2297d16d,TEF-S-RO,8160-002,1,Stäubli Roboterwartung Service | 16M2.1 Roboter7 TX60 M1-M2-M3,unknown,8160_J
6107234,15e573915ffab70d,TEF-S-RO,8160-002,1,Stäubli Roboterwartung Service | 16M5 Roboter8 TS80 Steckerüberg. M5-M3,unknown,8160_J
6107238,c81dc7d0a3071126,TEF-S-RO,8160-110,1,Stäubli Roboterwartung Service | Spritzgiessmaschine M121 270A350-70,unknown,8160_J
6107239,c81dc7d0a3071126,TEF-S-RO,8160-110,1,Stäubli Roboterwartung Service | Spritzgiessmaschine M121 270A350-70,unknown,8160_J
6107240,c81dc7d0a3071126,TEF-S-RO,8160-110,1,Stäubli Roboterwartung Service | Spritzgiessmaschine M121 270A350-70,unknown,8160_J
6033921,68f8e177df959d3d,TEF-S-RO,8160-110,1,Austausch Pufferbatterie 2J | 1304 Zentrale Übergabe Robi Rexroth HR8,year,UBK_W1
6108388,894fdb7f1c713c19,TEF-S-RO,8160-110,1,Stäubli Roboterwartung Service | 1304 Zentrale Übergabe Robi Rexroth HR8,unknown,8160_J
6107235,021eec8bf5f35386,TEF-S-RO,8160-110,1,Stäubli Roboterwartung Service | KEK Beladeroboter Stecker Stäubli CS8,unknown,8160_J
6107236,5f6f57defafe57cf,TEF-S-RO,8160-110,1,Stäubli Roboterwartung Service | KEK Entnahmeroboter Stäubli CS8,unknown,8160_J
6107237,c0648a7b023fa6a8,TEF-S-RO,8160-110,1,Stäubli Roboterwartung Service | KEK Entnahmeroboter Fertigteile Stäubli,unknown,8160_J
6107226,e4f4c7bcb6dabd1b,TEF-S-RO,8160-110,1,Stäubli Roboterwartung Service | 16M1 Roboter1 TS40 SS einsetzen,unknown,8160_J
6107232,8fb79b833f880087,TEF-S-RO,8160-110,1,Stäubli Roboterwartung Service | 16M4 Roboter5 TX60 Beladen Prüfrundt. 1,unknown,8160_J
6107233,b7f5da96d6c4d43b,TEF-S-RO,8160-110,1,Stäubli Roboterwartung Service | 16M4 Roboter6 TS20 Transfer PRT1-AT2,unknown,8160_J
6107227,09e2b45bb5f5a42b,TEF-S-RO,8160-110,1,Stäubli Roboterwartung Service | 16M2.2 RT-Übergaberoboter TX40 ESD,unknown,8160_J
6107243,a07a0e71aa1ef99c,TEF-S-RO,8160-110,1,"Stäubli Roboterwartung Service | 17M2 Rob. 2-1 TX40, Übergabe RT2-RT1",unknown,8160_J
6107248,f28e35aaf2e52633,TEF-S-RO,8160-110,1,Stäubli Roboterwartung Service | 17M4 Roboter 4-1 TX60 Beladen PRT1,unknown,8160_J
6107249,6ef66ad622b89744,TEF-S-RO,8160-110,1,Stäubli Roboterwartung Service | 17M4 Roboter 4-2 TS20 Transfer PRT1-AT2,unknown,8160_J
6107250,e2f3f6f50d8756c2,TEF-S-RO,8160-110,1,Stäubli Roboterwartung Service | 17M4 Roboter 4-3 TX40 Transfer PRT1-AT3,unknown,8160_J
6107241,bf18c5ee71fd2caa,TEF-S-RO,8160-110,1,Stäubli Roboterwartung Service | 17M1 Rob.1-1 TX60 SS einsetzen,unknown,8160_J
6107242,7c6ed73d30a63016,TEF-S-RO,8160-110,1,Stäubli Roboterwartung Service | 17M1 Rob.1-2 TS60 Halterentnahme,unknown,8160_J
6107247,f97cfee2c4d309b3,TEF-S-RO,8160-110,1,Stäubli Roboterwartung Service | 17M3 Rob.3-1 TS60 Stecker einsetzen,unknown,8160_J
6107245,78a555f4467c439d,TEF-S-RO,8160-110,1,Stäubli Roboterwartung Service | 17M3 Rob.3-2 TS60 MWG einsetzen,unknown,8160_J
6107246,af8eca3d95dbd4b8,TEF-S-RO,8160-110,1,Stäubli Roboterwartung Service | 17M3 Rob.3-3 TS60 Übergabe DF auf Rundt.,unknown,8160_J
6107251,0c2038cb625fb7ce,TEF-S-RO,8160-110,1,Stäubli Roboterwartung Service | 17M5 Rob.5-1 TS40 Buchsen einsetzen,unknown,8160_J
6108298,ec6731f34a4e2fc1,TEF-S-RO,8160-110,1,Stäubli Roboterwartung Service | 17M5 Handling Stecker drehen,unknown,8160_J
6107252,3fbd35ca0d9b4dff,TEF-S-RO,8160-110,1,Stäubli Roboterwartung Service | 17M5 Rob.5-2 TS60 Übergabe auf Palette,unknown,8160_J
6107244,4fcf59d52a8cccfe,TEF-S-RO,8160-110,1,Stäubli Roboterwartung Service | 17M2 Rob. 2-2 TX2 60 Be- & Entl. M1-M2,unknown,8160_J
6107253,11aaee4f23a509bf,TEF-S-RO,8160-110,1,Stäubli Roboterwartung Service | 18M1 Rob.1-1 TX60 SS einsetzen,unknown,8160_J
6107254,de98608804e2f294,TEF-S-RO,8160-110,1,Stäubli Roboterwartung Service | 18M1 Rob.1-2 TS60 Halterentnahme,unknown,8160_J
6107255,663db0267a4d6976,TEF-S-RO,8160-110,1,"Stäubli Roboterwartung Service | 18M2 Rob. 2-1 TX40, Übergabe RT2-RT1",unknown,8160_J
6107258,d7620757d2688c3a,TEF-S-RO,8160-110,1,Stäubli Roboterwartung Service | 18M3 Rob.3-1 TS60 Stecker einsetzen,unknown,8160_J
6107257,8d540a4e6b02b7fb,TEF-S-RO,8160-110,1,Stäubli Roboterwartung Service | 18M3 Rob.3-2 TS60 MWG einsetzen,unknown,8160_J
6107259,0b437e37860f38d3,TEF-S-RO,8160-110,1,Stäubli Roboterwartung Service | 18M3 Rob.3-3 TS60 Übergabe DF auf Rundt.,unknown,8160_J
6107165,c6fe0c25a6c98800,TEF-S-RO,8160-110,1,Stäubli Roboterwartung Service | 18M4 Roboter 4-1 TX60 Beladen PRT1,unknown,8160_J
6107166,d78a249b17cbe203,TEF-S-RO,8160-110,1,Stäubli Roboterwartung Service | 18M4 Roboter 4-2 TS20 Transfer PRT1-AT2,unknown,8160_J
6107167,026e19c3b773852f,TEF-S-RO,8160-110,1,Stäubli Roboterwartung Service | 18M4 Roboter 4-3 TX40 Transfer PRT1-AT3,unknown,8160_J
6107168,d1dc81e17792cef4,TEF-S-RO,8160-110,1,Stäubli Roboterwartung Service | 18M5 Rob.5-1 TS40 Buchsen einsetzen,unknown,8160_J
6107169,ca5e6f7035eae7d4,TEF-S-RO,8160-110,1,Stäubli Roboterwartung Service | 18M5 Rob.5-2 TS60 Übergabe auf Palette,unknown,8160_J
6107256,ba0aeac255e98363,TEF-S-RO,8160-110,1,Stäubli Roboterwartung Service | 18M2 Rob. 2-2 TX2 60 Be- & Entl. M1-M2,unknown,8160_J
6107271,1106f7246d726ecc,TEF-S-RO,8160-110,1,Stäubli Roboterwartung Service | 1401 M1 Rob.1 Stäubli TS60 Bestückn Tray,unknown,8160_J
6107272,eb1ca0b06c84764a,TEF-S-RO,8160-110,1,Stäubli Roboterwartung Service | 1401 M2 Rob.2Stäubli TS60 Halter einsetz,unknown,8160_J
6107273,12a9340de9d67b46,TEF-S-RO,8160-110,1,Stäubli Roboterwartung Service | 1401 M2 Rob.3 Stäubli TS60 Pick & Place,unknown,8160_J
6107274,21e6321b229a7089,TEF-S-RO,8160-110,1,Stäubli Roboterwartung Service | 1401 M2 Rob.4 Stäubli TS60,unknown,8160_J
6107292,9365fd2011be1dfe,TEF-S-RO,8160-110,1,Stäubli Roboterwartung Service | 01M3.1 Roboter 3.1-2 Stäubli TX60,unknown,8160_J
6107291,932433c8d590fcbd,TEF-S-RO,8160-110,1,Stäubli Roboterwartung Service | 01M3.1 Roboter 3.1-1 Stäubli TX90,unknown,8160_J
6107296,456313692b300c99,TEF-S-RO,8160-110,1,Stäubli Roboterwartung Service | 01M4 Roboter 4-1 Stäubli TX2 40,unknown,8160_J
6107297,42f6025d55c574cf,TEF-S-RO,8160-110,1,Stäubli Roboterwartung Service | 01M4 Roboter 4-2 Stäubli TX2 40,unknown,8160_J
6107298,623640bb591317a7,TEF-S-RO,8160-110,1,Stäubli Roboterwartung Service | 01M4 Roboter 4-3 Stäubli TX2 40,unknown,8160_J
6107299,c8e1974339f74c2c,TEF-S-RO,8160-110,1,Stäubli Roboterwartung Service | 01M4 Roboter 4-4 Stäubli TX2 40,unknown,8160_J
6107294,94b51da0b23a35fc,TEF-S-RO,8160-110,1,Stäubli Roboterwartung Service | 01M3.2 Roboter 3.2-1 Stäubli TX90,unknown,8160_J
6107295,bde0e2fba3d71c72,TEF-S-RO,8160-110,1,Stäubli Roboterwartung Service | 01M3.2 Roboter 3.2-2 Stäubli TX60,unknown,8160_J
6107300,e9085119964cdf33,TEF-S-RO,8160-110,1,Stäubli Roboterwartung Service | 1401 M4.2 Rob. 4-5 Stäubli TS2-60 Aufste,unknown,8160_J
6107303,7fbdfb7b2b55cd76,TEF-S-RO,8160-110,1,Stäubli Roboterwartung Service | 1411 M2.2 Rob.2 Stäubli TS60 Halter eins,unknown,8160_J
6107304,210baf56e0cd89a8,TEF-S-RO,8160-110,1,Stäubli Roboterwartung Service | 1411 M2.2 Rob.3 Stäubli TS60 Pick&Place,unknown,8160_J
6107305,ccf22c45c34f35bc,TEF-S-RO,8160-110,1,Stäubli Roboterwartung Service | 1411 M2.2 Rob.4 Stäubli TS60,unknown,8160_J
6107311,84709dfda8cb3e9a,TEF-S-RO,8160-110,1,Stäubli Roboterwartung Service | 1411 M3.3 Roboter 3.3-1 Stäubli TX90,unknown,8160_J
6107312,354b60eaee1f4fad,TEF-S-RO,8160-110,1,Stäubli Roboterwartung Service | 1411 M3.3 Roboter 3.3-2 Stäubli TX60,unknown,8160_J
6107302,ca8646ba1103a9d4,TEF-S-RO,8160-110,1,Stäubli Roboterwartung Service | 1411 M1.2 Rob.1 Stäubli TS2 60,unknown,8160_J
6107306,f144bb70bf7290eb,TEF-S-RO,8160-110,1,Stäubli Roboterwartung Service | 1411 M4.3 Rob. 4-1 Stäubli TX2 40 Überg.,unknown,8160_J
6107307,a033e87679ea7093,TEF-S-RO,8160-110,1,Stäubli Roboterwartung Service | 1411 M4.3 Rob. 4-2 Stäubli TX2 40 Pinlä.,unknown,8160_J
6107308,dd938cf3c60dae94,TEF-S-RO,8160-110,1,Stäubli Roboterwartung Service | 1411 M4.3 Rob. 4-3 Stäubli TX2 40 Laser,unknown,8160_J
6107309,e0a0cf489bcf7e63,TEF-S-RO,8160-110,1,Stäubli Roboterwartung Service | 1411 M4.3 Rob. 4-4 Stä. TX2 40 DMC-Prüf.,unknown,8160_J
6107301,30858c452458f934,TEF-S-RO,8160-110,1,Stäubli Roboterwartung Service | 1411 M2.5 St.60 Roboter Stäubli TX2-60,unknown,8160_J
6107971,2ec5d8b0b217d067,TEF-S-RO,8160-110,1,halbjährliche Schmierung Roboter 26W | 1411 M2.5 St.60 Roboter Stäubli TX2-60,multiple,8160_W
6107310,57014dcc6532c292,TEF-S-RO,8160-110,1,Stäubli Roboterwartung Service | 1411 M4.3 Rob. 4-5 Stäubli TS2-60 Aufste,unknown,8160_J
6107261,ca2c877404155b6c,TEF-S-RO,8160-111,1,Stäubli Roboterwartung Service | 1120.1.1.130.1 Stäubli TS2-60,unknown,8160_J
6107263,f6c840a12232a72e,TEF-S-RO,8160-111,1,Stäubli Roboterwartung Service | 2100.1.1.210.0 Stäubli TS2-60,unknown,8160_J
6107262,721abdcf8e4c614b,TEF-S-RO,8160-111,1,Stäubli Roboterwartung Service | 2100.1.1.215.1 Stäubli TS2-60,unknown,8160_J
6107264,43383079f36c43d4,TEF-S-RO,8160-111,1,Stäubli Roboterwartung Service | 2100.1.1.230.1 Stäubli TX2-60,unknown,8160_J
6107265,683e8c57e6e8d332,TEF-S-RO,8160-111,1,Stäubli Roboterwartung Service | 2100.1.1.270.0 Stäubli TS2-60,unknown,8160_J
6107968,56cc3f63def7ec89,TEF-S-RO,8160-111,1,halbjährliche Schmierung Roboter 26W | 2100.1.1.270.0 Stäubli TS2-60,multiple,8160_W
6107170,9a1ceba4feb1d7e2,TEF-S-RO,8160-111,1,Stäubli Roboterwartung Service | 1120.1.1.104.0 Stäubli TX2-60,unknown,8160_J
6107966,2b5e0db3955d0f7c,TEF-S-RO,8160-120,1,Stäubli Roboterwartung Service | 1103 St.1.0 POLVERBANDAUTOMAT,unknown,8160_J
6107270,b5b2fa9888f54104,TEF-S-RO,8160-120,1,Stäubli Roboterwartung Service | 1103 Stäubli-Roboter TX40 163573,unknown,8160_J
6107269,eb746b7e65122885,TEF-S-RO,8160-120,1,Stäubli Roboterwartung Service | 1103 Stäubli-Roboter TX40 163570,unknown,8160_J
6107970,fbeaf7fb73d7e562,TEF-S-RO,8160-120,1,halbjährliche Schmierung Roboter 26W | 1103 Stäubli-Roboter TX40 163570,multiple,8160_W
6107268,efacee7f1b48c0cc,TEF-S-RO,8160-120,1,Stäubli Roboterwartung Service | 1103 Stäubli-Roboter TX40 163569,unknown,8160_J
6107969,44a40a440c61a90b,TEF-S-RO,8160-120,1,halbjährliche Schmierung Roboter 26W | 1103 Stäubli-Roboter TX40 163569,multiple,8160_W
6107267,be0672cb9ba0955a,TEF-S-RO,8160-120,1,Stäubli Roboterwartung Service | 1103 Stäubli TS40 163571,unknown,8160_J
6108338,aae4a52b3d2fe0ef,TEF-S-RO,8160-230,1,"Stäubli Roboterwartung Service | RDS4L4, Folie, Stäubli TX40R (1)",unknown,8160_J
6108345,af3289250e96d4b3,TEF-S-RO,8160-230,1,"Stäubli Roboterwartung Service | RDS4L4, Folie, Stäubli TX40R (2)",unknown,8160_J
6108321,f4827fda1d2bde87,TEF-S-RO,8160-230,1,Stäubli Roboterwartung Service | RDS4/KV4 L3 Stäubli TX40R (CS8C),unknown,8160_J
6108322,1059d947c3e6debb,TEF-S-RO,8160-230,1,"Stäubli Roboterwartung Service | HPS L5, Kontaktierfolie, Stäubli TX40R",unknown,8160_J
6108323,d385a02faf12e126,TEF-S-RO,8160-230,1,"Stäubli Roboterwartung Service | HPS L5, Q3, Stäubli TS40R (CS8C)",unknown,8160_J
6108377,63872563495ccb9b,TEF-S-RO,8160-230,1,"Stäubli Roboterwartung Service | Roboter Stäubli TS60 (CS8C), Beladen",unknown,8160_J
6108378,80d418f1501b841c,TEF-S-RO,8160-230,1,Stäubli Roboterwartung Service | MPS1 L1 Stäubli TS80,unknown,8160_J
6108379,8ca0d59df6839c9e,TEF-S-RO,8160-230,1,Stäubli Roboterwartung Service | MPS1 L1 Stäubli TS80 Be/Entladen Helium,unknown,8160_J
6108380,9c7779eb27c43561,TEF-S-RO,8160-230,1,Stäubli Roboterwartung Service | MPS1 L1 Stäubli TS80 LP setzen,unknown,8160_J
6108381,485d4b7400f47352,TEF-S-RO,8160-230,1,Stäubli Roboterwartung Service | MPS1 L1 Stäubli TS80 Be/Entladen,unknown,8160_J
6108382,b0d6da1e1956c103,TEF-S-RO,8160-230,1,Stäubli Roboterwartung Service | MPS1 L1 Stäubli TS80 Beladen Abgleich,unknown,8160_J
6108383,e69c6c49355b106c,TEF-S-RO,8160-230,1,Stäubli Roboterwartung Service | MPS1 L1 Stäubli TS80 Entladen Abgleich,unknown,8160_J
6108384,cae952bb65c0237c,TEF-S-RO,8160-230,1,Stäubli Roboterwartung Service | MPS1 L1 St.240 Stäubli TP80 Be/Entladen,unknown,8160_J
6108385,e21c5efc29ae1e20,TEF-S-RO,8160-230,1,Stäubli Roboterwartung Service | MPS1 L1 St.240 Stäubli TX60 Gehäuse Bel.,unknown,8160_J
6108386,ad33c7db03094558,TEF-S-RO,8160-230,1,Stäubli Roboterwartung Service | MPS1 L1 Stäubli TS80 Be/Entladen EOL Prf,unknown,8160_J
6108299,9e51ea8812f53940,TEF-S-RO,8160-230,1,Stäubli Roboterwartung Service | MPS1 L1 Stäubli TS80 Be/Entladen Tray,unknown,8160_J
6108332,5b27d86209b0d097,TEF-S-RO,8160-230,1,"Stäubli Roboterwartung Service | Roboter Stäubli TS60 (CS8C), Gluth 2",unknown,8160_J
6108339,ae64597a2740e724,TEF-S-RO,8160-230,1,Stäubli Roboterwartung Service | St.112 STÄUBLI ROBOTER TS80 Beladen,unknown,8160_J
6108340,6d9d0c80db60671b,TEF-S-RO,8160-230,1,Stäubli Roboterwartung Service | St.112 STÄUBLI ROBOTER TS80 Entladen,unknown,8160_J
6108364,b9315ecbb04e1052,TEF-S-RO,8160-230,1,Stäubli Roboterwartung Service | St.112 STÄUBLI ROBOTER TS2 80 ESD,unknown,8160_J
6108365,482561458b4131b6,TEF-S-RO,8160-230,1,Stäubli Roboterwartung Service | St.120 STÄUBLI ROBOTER TS2 80,unknown,8160_J
6108366,08e46bc9a50ae4fa,TEF-S-RO,8160-230,1,Stäubli Roboterwartung Service | St.120 STÄUBLI ROBOTER TS2 40 K.Folie,unknown,8160_J
6108367,81e32615867eb2b9,TEF-S-RO,8160-230,1,Stäubli Roboterwartung Service | St.120 STÄUBLI ROBOTER TS2 40 Iso.Folie,unknown,8160_J
6108368,3492174d91f99321,TEF-S-RO,8160-230,1,Stäubli Roboterwartung Service | St.130 STÄUBLI ROBOTER TS2 80,unknown,8160_J
6108369,7c6a35090e4d83e8,TEF-S-RO,8160-230,1,Stäubli Roboterwartung Service | St.190 STÄUBLI ROBOTER TS2 80,unknown,8160_J
6108370,e4f72c905ff701d7,TEF-S-RO,8160-230,1,"Stäubli Roboterwartung Service | St.200 Abgleich, STÄUBLI ROBOTER TS2 80",unknown,8160_J
6108371,e4f72c905ff701d7,TEF-S-RO,8160-230,1,"Stäubli Roboterwartung Service | St.200 Abgleich, STÄUBLI ROBOTER TS2 80",unknown,8160_J
6108372,5b61665d0089ea4c,TEF-S-RO,8160-230,1,Stäubli Roboterwartung Service | St.240 STÄUBLI ROBOTER TS2 80 Gehäuse,unknown,8160_J
6108373,2d3c6fa61e4e59f3,TEF-S-RO,8160-230,1,Stäubli Roboterwartung Service | St.240 STÄUBLI ROBOTER TS2 80 Tray,unknown,8160_J
6108374,0b7f315fc29e6ee1,TEF-S-RO,8160-230,1,Stäubli Roboterwartung Service | St.250 STÄUBLI ROBOTER TS2 80,unknown,8160_J
6108375,80fc506675e30b4f,TEF-S-RO,8160-230,1,Stäubli Roboterwartung Service | St.260 STÄUBLI ROBOTER TS2 80 esd,unknown,8160_J
6108376,ef70411513b92db6,TEF-S-RO,8160-230,1,Stäubli Roboterwartung Service | St.270 STÄUBLI ROBOTER TS2 80 esd,unknown,8160_J
6108333,33c0c0a4c2a87bde,TEF-S-RO,8160-230,1,"Stäubli Roboterwartung Service | Roboter Stäubli TS60 (CS8C), He-Dicht. P",unknown,8160_J
6108343,514d505e11b874ef,TEF-S-RO,8160-230,1,Stäubli Roboterwartung Service | MPS1 L3 Beladen TS Stäubli TS80,unknown,8160_J
6108344,ea6116029e366b58,TEF-S-RO,8160-230,1,Stäubli Roboterwartung Service | MPS1 L3 Entladen TS Stäubli TS80,unknown,8160_J
6107293,33c0c0a4c2a87bde,TEF-S-RO,8160-230,1,"Stäubli Roboterwartung Service | Roboter Stäubli TS60 (CS8C), He-Dicht. P",unknown,8160_J
6108132,33c0c0a4c2a87bde,TEF-S-RO,8160-230,1,"Stäubli Roboterwartung Service | Roboter Stäubli TS60 (CS8C), He-Dicht. P",unknown,8160_J
6108387,b465e1e9ad8debc7,TEF-S-RO,8160-230,1,Stäubli Roboterwartung Service | MPS1 L3 St.230 Stäubli TS2 80,unknown,8160_J
6108328,eae9106a1e762679,TEF-S-RO,8160-231,1,"Stäubli Roboterwartung Service | Stäubli Roboter TS40, DMC",unknown,8160_J
6108329,022f0497edb886b9,TEF-S-RO,8160-231,1,"Stäubli Roboterwartung Service | Stäubli Roboter TS60, Heliumtest",unknown,8160_J
6108330,d94d3ac295a21f6e,TEF-S-RO,8160-231,1,"Stäubli Roboterwartung Service | Roboter Stäubli TS60 (CS8C), Beladen",unknown,8160_J
6108331,1fdf6a3ec8db1c1d,TEF-S-RO,8160-231,1,"Stäubli Roboterwartung Service | Roboter Stäubli TS60 (CS8C), Entladen",unknown,8160_J
6108341,edca50502d747586,TEF-S-RO,8160-231,1,Stäubli Roboterwartung Service | DSM L1 STÄUBLI TS80 Beladen,unknown,8160_J
6108342,91ffa7f4c99a7880,TEF-S-RO,8160-231,1,Stäubli Roboterwartung Service | DSM L1 STÄUBLI TS80 Entladen,unknown,8160_J
6108363,0e66b74a846ca900,TEF-S-RO,8160-231,1,Stäubli Roboterwartung Service | DSM L1 STÄUBLI TS80 RT2,unknown,8160_J
6107948,c0b8f18d30fb91f3,TEF-S-RO,8160-330,1,"Stäubli Roboterwartung Service | HFM8, M1 St.1120 AOI, Montage & Verguss",unknown,8160_J
6107949,97ada1cbd5c03730,TEF-S-RO,8160-330,1,"Stäubli Roboterwartung Service | HFM8, M1 St.1145 Kleben, Montage Deckel",unknown,8160_J
6107950,4a4d13c4da7f8b3a,TEF-S-RO,8160-330,1,"Stäubli Roboterwartung Service | HFM8, M1 St.1220 Prüfen/Beschr./Dichtm.",unknown,8160_J
6108351,e0c1409595d96fe2,TEF-S-RO,8160-330,1,"Stäubli Roboterwartung Service | HFM8 M5, St.10, Plasma , Stäubli TS60",unknown,8160_J
6108352,8fc567488724b891,TEF-S-RO,8160-330,1,"Stäubli Roboterwartung Service | HFM8 M5, Stäubli TX40R (CS8C)",unknown,8160_J
6108353,8fc567488724b891,TEF-S-RO,8160-330,1,"Stäubli Roboterwartung Service | HFM8 M5, Stäubli TX40R (CS8C)",unknown,8160_J
6108354,8fc567488724b891,TEF-S-RO,8160-330,1,"Stäubli Roboterwartung Service | HFM8 M5, Stäubli TX40R (CS8C)",unknown,8160_J
6108355,1017d79e1a86dc3d,TEF-S-RO,8160-330,1,"Stäubli Roboterwartung Service | HFM8 M5, ST.1190, Roboter Stäubli TS60",unknown,8160_J
6108356,76dcd412e2241d88,TEF-S-RO,8160-330,1,"Stäubli Roboterwartung Service | HFM8 M5, St.1220, Stäubli Roboter TS40",unknown,8160_J
6108357,504f08a2b9b1dbf3,TEF-S-RO,8160-330,1,"Stäubli Roboterwartung Service | HFM8 M5, St.1220, Stäubli Roboter TS60",unknown,8160_J
6108358,c692ec0dccaf2d20,TEF-S-RO,8160-330,1,Stäubli Roboterwartung Service | HFM8 M5 St.0140 Roboter Stäubli,unknown,8160_J
6108359,c692ec0dccaf2d20,TEF-S-RO,8160-330,1,Stäubli Roboterwartung Service | HFM8 M5 St.0140 Roboter Stäubli,unknown,8160_J
6108324,480b7dd0eb7bccfd,TEF-S-RO,8160-330,1,"Stäubli Roboterwartung Service | HFM8 M4, Stäubli TX40R, Beladen",unknown,8160_J
6108325,2d69f7192dec16f7,TEF-S-RO,8160-330,1,"Stäubli Roboterwartung Service | HFM8 M4, Stäubli TX40R, Entladen",unknown,8160_J
6108326,764f7b3813022a59,TEF-S-RO,8160-330,1,"Stäubli Roboterwartung Service | HFM8 M4, Stäubli TX40R, NTC-setzen",unknown,8160_J
6108334,1301b73d5d2bb98f,TEF-S-RO,8160-330,1,"Stäubli Roboterwartung Service | HFM8 M4, Roboter Stäubli TS60 (CS8C)",unknown,8160_J
6108336,b38b97c94a6c37aa,TEF-S-RO,8160-330,1,Stäubli Roboterwartung Service | HFM8 M4 St.190 Robi TS60,unknown,8160_J
6108337,1301b73d5d2bb98f,TEF-S-RO,8160-330,1,"Stäubli Roboterwartung Service | HFM8 M4, Roboter Stäubli TS60 (CS8C)",unknown,8160_J
6108309,e0c1409595d96fe2,TEF-S-RO,8160-330,1,"Stäubli Roboterwartung Service | HFM8 M5, St.10, Plasma , Stäubli TS60",unknown,8160_J
6108310,b5135a47b8a46f59,TEF-S-RO,8160-330,1,Stäubli Roboterwartung Service | HFM8 M5 St.0140 Roboter Stäubli TX60 ESD,unknown,8160_J
6108311,ac2cbb82386aa568,TEF-S-RO,8160-330,1,Stäubli Roboterwartung Service | HFM8 M5 St.0160 Roboter Stäubli TX60 ESD,unknown,8160_J
6108327,76dcd412e2241d88,TEF-S-RO,8160-330,1,"Stäubli Roboterwartung Service | HFM8 M5, St.1220, Stäubli Roboter TS40",unknown,8160_J
6108335,504f08a2b9b1dbf3,TEF-S-RO,8160-330,1,"Stäubli Roboterwartung Service | HFM8 M5, St.1220, Stäubli Roboter TS60",unknown,8160_J
6108346,1017d79e1a86dc3d,TEF-S-RO,8160-330,1,"Stäubli Roboterwartung Service | HFM8 M5, ST.1190, Roboter Stäubli TS60",unknown,8160_J
6108360,8fc567488724b891,TEF-S-RO,8160-330,1,"Stäubli Roboterwartung Service | HFM8 M5, Stäubli TX40R (CS8C)",unknown,8160_J
6108361,8fc567488724b891,TEF-S-RO,8160-330,1,"Stäubli Roboterwartung Service | HFM8 M5, Stäubli TX40R (CS8C)",unknown,8160_J
6108362,8fc567488724b891,TEF-S-RO,8160-330,1,"Stäubli Roboterwartung Service | HFM8 M5, Stäubli TX40R (CS8C)",unknown,8160_J
6110505,775bc3fb3447c5cb,TEF-S-RO,8160-330,1,Stäubli Roboterwartung Service | HFM7 KLD Stäubli Roboter TX60,unknown,8160_J
6110504,6725bf136d73fe49,TEF-S-RO,8160-330,1,"Stäubli Roboterwartung Service | HFM7, KLF, 120 Roboter SF Montage",unknown,8160_J
6107943,2627ad428b429e0a,TEF-S-RO,8160-340,1,"Stäubli Roboterwartung Service | DSS2, L6, Montage O-Ring Sondertypen",unknown,8160_J
6108258,edbf8087214a65ee,TEF-S-RO,8160-350,1,"Stäubli Roboterwartung Service | DSS3, L2, Beladen B1 Stäubli Scara",unknown,8160_J
6108259,1bd42d9289cf930d,TEF-S-RO,8160-350,1,"Stäubli Roboterwartung Service | DSS3, L2, Entladen B2 Stäubli Scara",unknown,8160_J
6108260,27ee25db69aeb8c4,TEF-S-RO,8160-350,1,"Stäubli Roboterwartung Service | DSS3, L2, Beladen D1 Stäubli Scara",unknown,8160_J
6108281,b8c29afa1206d4c6,TEF-S-RO,8160-350,1,"Stäubli Roboterwartung Service | DSS3, L2, Beladen D2 Stäubli Scara",unknown,8160_J
6108296,2a5148bbc0b09526,TEF-S-RO,8160-350,1,"Stäubli Roboterwartung Service | DS-S3, L2 CV-Stäubli Roboter TX60",unknown,8160_J
6108282,a6e8eb35cbd887c9,TEF-S-RO,8160-350,1,"Stäubli Roboterwartung Service | DSS3, L3, Be/Entladen B1 Stäubli Scara",unknown,8160_J
6108283,2ec230cf1a254d74,TEF-S-RO,8160-350,1,"Stäubli Roboterwartung Service | DSS3, L3, Entladen B2 Stäubli Scara",unknown,8160_J
6108284,daa5eb15ec71c9f1,TEF-S-RO,8160-350,1,"Stäubli Roboterwartung Service | DSS3, L3, Beladen D1 Stäubli Scara",unknown,8160_J
6108285,c746eb1ba581de3c,TEF-S-RO,8160-350,1,"Stäubli Roboterwartung Service | DSS3, L3, Entladen D2 Stäubli Scara",unknown,8160_J
6107944,c93e7922ae7b47c4,TEF-S-RO,8160-350,1,"Stäubli Roboterwartung Service | DSS3, L5, 30, 1410 Stäbli Roboter",unknown,8160_J
6107945,0c1d13d217bfcd28,TEF-S-RO,8160-350,1,"Stäubli Roboterwartung Service | DSS3, L5, 40, 1430 Adept Roboter",unknown,8160_J
6107946,badcb8766a5be328,TEF-S-RO,8160-350,1,"Stäubli Roboterwartung Service | DSS3, L6, 30, 1410 Adept Roboter",unknown,8160_J
6107947,8bd979ec7fe1bc80,TEF-S-RO,8160-350,1,"Stäubli Roboterwartung Service | DSS3, L6, 40, 1430 Adept Roboter",unknown,8160_J
6108300,b27578be2453fc60,TEF-S-RO,8160-351,1,Stäubli Roboterwartung Service | PS4L2 E1 ST.120 STÄUBLI ROBOTER TS60,unknown,8160_J
6107961,1bb3f5bd933d253f,TEF-S-RO,8160-351,1,Stäubli Roboterwartung Service | PS4L2 OFEN 1,unknown,8160_J
6108301,fbe3c5458e2b7c7a,TEF-S-RO,8160-351,1,Stäubli Roboterwartung Service | PS4L2 E2 BELADEN STÄUBLI ROBOTER TS80,unknown,8160_J
6107964,017078a836ccf499,TEF-S-RO,8160-351,1,Stäubli Roboterwartung Service | PS4L2 MONTAGE DECKEL,unknown,8160_J
6108302,c3762e04e1b12822,TEF-S-RO,8160-351,1,Stäubli Roboterwartung Service | PS4L2 E2 ST.260 DECKELSETZEN STÄUBLITS60,unknown,8160_J
6107962,774147ec38591c50,TEF-S-RO,8160-351,1,Stäubli Roboterwartung Service | PS4L2 OFEN 2,unknown,8160_J
6108303,202a6cbbef15ca3d,TEF-S-RO,8160-351,1,Stäubli Roboterwartung Service | PS4L2 E3 ST.300 BELADEN STÄUBLI TS80,unknown,8160_J
6108304,79d0ef42fd8eed90,TEF-S-RO,8160-351,1,Stäubli Roboterwartung Service | PS4L2 E3 ST.300 ENTLADEN STÄUBLI TS80,unknown,8160_J
6107963,7e3aff711ef5b213,TEF-S-RO,8160-351,1,Stäubli Roboterwartung Service | PS4L2 MONTAGE O-RING,unknown,8160_J
6108305,429a21ec0ade08cc,TEF-S-RO,8160-351,1,Stäubli Roboterwartung Service | PS4L2 E3 ST.310 STÄUBLI ROBOTER TS80,unknown,8160_J
6108306,a611723b5a76d2ce,TEF-S-RO,8160-351,1,Stäubli Roboterwartung Service | PS4L2 E3 ST.330 STÄUBLI ROBOTER TS80,unknown,8160_J
6108307,69384f9de28adb92,TEF-S-RO,8160-351,1,Stäubli Roboterwartung Service | PS4L2 E3 ST. 340.1 STÄUBLI TS80,unknown,8160_J
6108308,cbbca4ec94c25dff,TEF-S-RO,8160-351,1,Stäubli Roboterwartung Service | PS4L2 E3 ST. 340.2 STÄUBLI TS80,unknown,8160_J
6108312,d0ee6ee625cb6bc1,TEF-S-RO,8160-351,1,Stäubli Roboterwartung Service | PS4L3 S200 E2 BELADEN STÄUBLI ROBOTER,unknown,8160_J
6108313,cd3c2483505bf9c6,TEF-S-RO,8160-351,1,Stäubli Roboterwartung Service | PS4L3 S200 E2 ENTLADEN STÄUBLI ROBOTER,unknown,8160_J
6107965,11517a2594f87e7c,TEF-S-RO,8160-351,1,Stäubli Roboterwartung Service | PS4L3 S260 MONTAGE DECKEL,unknown,8160_J
6108314,c49b19c7af944044,TEF-S-RO,8160-351,1,Stäubli Roboterwartung Service | PS4L3 S260 E2 DECKELSETZEN STÄUBLI,unknown,8160_J
6108315,42519ccaf965e908,TEF-S-RO,8160-351,1,Stäubli Roboterwartung Service | PS4L3 S300 BELADEN STÄUBLI TS80,unknown,8160_J
6108316,b498816fe34162cf,TEF-S-RO,8160-351,1,Stäubli Roboterwartung Service | PS4L3 S300 ENTLADEN STÄUBLI TS80,unknown,8160_J
6108317,cf740b464f3af9f9,TEF-S-RO,8160-351,1,Stäubli Roboterwartung Service | PS4L3 S330.1 E3 STÄUBLI ROBOTER,unknown,8160_J
6108318,bcaa9c812b538c8a,TEF-S-RO,8160-351,1,Stäubli Roboterwartung Service | PS4L3 S330.2 E3 STÄUBLI ROBOTER,unknown,8160_J
6108319,27c8e8b20391cb76,TEF-S-RO,8160-351,1,Stäubli Roboterwartung Service | PS4L3 S340.1 E3 STÄUBLI ROBOTER ST80,unknown,8160_J
6108320,8e9df3f979161823,TEF-S-RO,8160-351,1,Stäubli Roboterwartung Service | PS4L3 S340.2 E3 STÄUBLI ROBOTER TS80,unknown,8160_J
6108347,56aaa96f6689917b,TEF-S-RO,8160-380,1,Stäubli Roboterwartung Service | PFM: Stäubli TS60 St.120,unknown,8160_J
6108348,4847478e8f1b4862,TEF-S-RO,8160-380,1,Stäubli Roboterwartung Service | PFM: Stäubli TX60 St.140,unknown,8160_J
6108349,624e57e72875a30d,TEF-S-RO,8160-380,1,Stäubli Roboterwartung Service | PFM: Stäubli TS60 St.280,unknown,8160_J
6108350,f721685fb321b0ca,TEF-S-RO,8160-380,1,Stäubli Roboterwartung Service | PFM: Stäubli TS60 St.300,unknown,8160_J
6108297,04937914fc75bd4a,TEF-S-RO,8160-499,1,"Stäubli Roboterwartung Service | 3000_3, 3330 Stäubli Roboter RX160",unknown,8160_J
6096135,c58a53e6fa863727,TEF-S-RO,8160-500,1,Stäubli hängend Mechanik/Elektrik 1/2-1J | 8100.1120 Stäubli TX2_90,year,8160_M
6104025,6288c68a0a90eb81,TEF-S-RO,8160-500,1,halbjährliche Schmierung Roboter 26W | 8100.1120 Stäubli TX2_90,multiple,8160_W
6107153,37fe0e1593f214e7,TEF-S-RO,8160-500,1,Stäubli Roboterwartung Service | 8100.1120 Stäubli TX2_90,unknown,8160_J
6096136,ca091f867476d765,TEF-S-RO,8160-500,1,Stäubli hängend Mechanik/Elektrik 1/2-1J | 8100.1140 Stäubli TS2_60,year,8160_M
6104026,7f932904d96b5917,TEF-S-RO,8160-500,1,halbjährliche Schmierung Roboter 26W | 8100.1140 Stäubli TS2_60,multiple,8160_W
6107154,245c61ac9798a5c8,TEF-S-RO,8160-500,1,Stäubli Roboterwartung Service | 8100.1140 Stäubli TS2_60,unknown,8160_J
6096137,b959788c0cd0612b,TEF-S-RO,8160-500,1,Stäubli hängend Mechanik/Elektrik 1/2-1J | 8100.1140 Stäubli TS2_80,year,8160_M
6104030,a9e82961baa26bf6,TEF-S-RO,8160-500,1,halbjährliche Schmierung Roboter 26W | 8100.1140 Stäubli TS2_80,multiple,8160_W
6107155,2383892660232660,TEF-S-RO,8160-500,1,Stäubli Roboterwartung Service | 8100.1140 Stäubli TS2_80,unknown,8160_J
6107133,aec93458781b9871,TEF-S-RO,8160-500,1,Stäubli Roboterwartung Service | 9201.2160 Stäubli TS2-80,unknown,8160_J
6111066,91e75091437174f7,TEF-S-RO,8160-500,1,Stäubli Roboterwartung Service | 9201.2130 Stäubli Roboter TX2-60,unknown,8160_J
6109253,f2aa1e31900da92a,TEF-S-RO,8160-500,1,Stäubli Roboterwartung Service | 9201.2161 Stäubli TX2-90 ESD,unknown,8160_J
6109254,f2aa1e31900da92a,TEF-S-RO,8160-500,1,Stäubli Roboterwartung Service | 9201.2161 Stäubli TX2-90 ESD,unknown,8160_J
6109255,4aff8160d26d27e9,TEF-S-RO,8160-500,1,Stäubli Roboterwartung Service | 9201.2171 Stäubli TX2-90 ESD,unknown,8160_J
6109256,c9b737185cbeadb2,TEF-S-RO,8160-500,1,Stäubli Roboterwartung Service | 9201.2171 Stäubli TS2-60 ESD,unknown,8160_J
6109257,8c823f49a66c5123,TEF-S-RO,8160-500,1,Stäubli Roboterwartung Service | 9201.2181 Stäubli TX2-90 ESD,unknown,8160_J
6109258,d39df1ea2ae9408e,TEF-S-RO,8160-500,1,Stäubli Roboterwartung Service | 9201.2181 Stäubli TS2-60 ESD,unknown,8160_J
6109259,8a9f942c46d8cbb9,TEF-S-RO,8160-500,1,Stäubli Roboterwartung Service | 9201.2185 Stäubli TS2-60 ESD,unknown,8160_J
6109260,362d3fa31db8754f,TEF-S-RO,8160-500,1,Stäubli Roboterwartung Service | 9201.2185 Stäubli TX2-90 ESD,unknown,8160_J
6096261,71154042837074a1,TEF-S-RO,8160-500,1,Stäubli hängend Mechanik/Elektrik 1/2-1J | 9301.3150 Stäubli TX2_60,year,8160_M
6107145,eeb4176792a6fdd9,TEF-S-RO,8160-500,1,Stäubli Roboterwartung Service | 9301.3150 Stäubli TX2_60,unknown,8160_J
6107134,9fc82af2b659cc03,TEF-S-RO,8160-500,1,Stäubli Roboterwartung Service | 9301.3115 Stäubli TX2_40,unknown,8160_J
6096138,b3593b4da3f06070,TEF-S-RO,8160-500,1,Stäubli hängend Mechanik/Elektrik 1/2-1J | 9301.3115 Stäubli TX2_40,year,8160_M
6104039,b582678cbd4bf2b6,TEF-S-RO,8160-500,1,halbjährliche Schmierung Roboter 26W | 9301.3115 Stäubli TX2_40,multiple,8160_W
6107100,9fc82af2b659cc03,TEF-S-RO,8160-500,1,Stäubli Roboterwartung Service | 9301.3115 Stäubli TX2_40,unknown,8160_J
6096139,b3593b4da3f06070,TEF-S-RO,8160-500,1,Stäubli hängend Mechanik/Elektrik 1/2-1J | 9301.3115 Stäubli TX2_40,year,8160_M
6104045,b582678cbd4bf2b6,TEF-S-RO,8160-500,1,halbjährliche Schmierung Roboter 26W | 9301.3115 Stäubli TX2_40,multiple,8160_W
6107141,9fc82af2b659cc03,TEF-S-RO,8160-500,1,Stäubli Roboterwartung Service | 9301.3115 Stäubli TX2_40,unknown,8160_J
6096140,b3593b4da3f06070,TEF-S-RO,8160-500,1,Stäubli hängend Mechanik/Elektrik 1/2-1J | 9301.3115 Stäubli TX2_40,year,8160_M
6104063,b582678cbd4bf2b6,TEF-S-RO,8160-500,1,halbjährliche Schmierung Roboter 26W | 9301.3115 Stäubli TX2_40,multiple,8160_W
6107142,9fc82af2b659cc03,TEF-S-RO,8160-500,1,Stäubli Roboterwartung Service | 9301.3115 Stäubli TX2_40,unknown,8160_J
6107143,93c296530c1c7f48,TEF-S-RO,8160-500,1,Stäubli Roboterwartung Service | 9301.3115 Stäubli TX2_60L,unknown,8160_J
6107144,93c296530c1c7f48,TEF-S-RO,8160-500,1,Stäubli Roboterwartung Service | 9301.3115 Stäubli TX2_60L,unknown,8160_J
6096264,6325b36c8ddeb5d9,TEF-S-RO,8160-500,1,Stäubli hängend Mechanik/Elektrik 1/2-1J | 9401.4160 Stäubli TX2_60L,year,8160_M
6104080,9f7aa39bb6ccea5d,TEF-S-RO,8160-500,1,halbjährliche Schmierung Roboter 26W | 9401.4160 Stäubli TX2_60L,multiple,8160_W
6107108,fab13464d692428c,TEF-S-RO,8160-500,1,Stäubli Roboterwartung Service | 9401.4160 Stäubli TX2_60L,unknown,8160_J
6107146,be844c1203fcfeaf,TEF-S-RO,8160-500,1,Stäubli Roboterwartung Service | 9401.4120 Stäubli TX2_60L,unknown,8160_J
6096262,1fd470de3f186c63,TEF-S-RO,8160-500,1,Stäubli hängend Mechanik/Elektrik 1/2-1J | 9401.4150 Stäubli TX2_60L,year,8160_M
6104077,76a279ae0ed50b46,TEF-S-RO,8160-500,1,halbjährliche Schmierung Roboter 26W | 9401.4150 Stäubli TX2_60L,multiple,8160_W
6107147,e1abd7496d721171,TEF-S-RO,8160-500,1,Stäubli Roboterwartung Service | 9401.4150 Stäubli TX2_60L,unknown,8160_J
6096263,1fd470de3f186c63,TEF-S-RO,8160-500,1,Stäubli hängend Mechanik/Elektrik 1/2-1J | 9401.4150 Stäubli TX2_60L,year,8160_M
6104079,76a279ae0ed50b46,TEF-S-RO,8160-500,1,halbjährliche Schmierung Roboter 26W | 9401.4150 Stäubli TX2_60L,multiple,8160_W
6107148,e1abd7496d721171,TEF-S-RO,8160-500,1,Stäubli Roboterwartung Service | 9401.4150 Stäubli TX2_60L,unknown,8160_J
6108127,822d7a146a6e7a24,TEF-S-RO,8160-500,1,Stäubli Roboterwartung Service | 9401.4175 Stäubli Roboter TX2-60L,unknown,8160_J
6107149,945fbd4d2d8ff77c,TEF-S-RO,8160-500,1,Stäubli Roboterwartung Service | 9501.5140 Stäubli TX2_90,unknown,8160_J
6097424,ecae268f4520348e,TEF-S-RO,8160-500,1,Stäubli hängend Mechanik/Elektrik 1/2-1J | 9501.5160 Stäubli TX2-60,year,8160_M
6107152,044039170ce971da,TEF-S-RO,8160-500,1,Stäubli Roboterwartung Service | 9501.5160 Stäubli TX2-60,unknown,8160_J
6107967,cc3bcd18defb1676,TEF-S-RO,8160-500,1,halbjährliche Schmierung Roboter 26W | 9501.5160 Stäubli TX2-60,multiple,8160_W
6107150,945fbd4d2d8ff77c,TEF-S-RO,8160-500,1,Stäubli Roboterwartung Service | 9501.5140 Stäubli TX2_90,unknown,8160_J
6107151,945fbd4d2d8ff77c,TEF-S-RO,8160-500,1,Stäubli Roboterwartung Service | 9501.5140 Stäubli TX2_90,unknown,8160_J
6107190,f570076887ffccfb,TEF-S-RO,8160-500,1,Stäubli Roboterwartung Service | 9100.1170 Stäubli TX2-40,unknown,8160_J
6107157,c008f6c339a5dd5e,TEF-S-RO,8160-500,1,Stäubli Roboterwartung Service | 8301.1100 Stäubli TS2_80,unknown,8160_J
6107156,49cf0f84c5194017,TEF-S-RO,8160-500,1,Stäubli Roboterwartung Service | 8301.1100 Stäubli TS2_100,unknown,8160_J
6107160,b711da58c7ca5b28,TEF-S-RO,8160-500,1,Stäubli Roboterwartung Service | 8301.1140 Stäubli TS2_40,unknown,8160_J
6107171,f47f6e0d64333258,TEF-S-RO,8160-500,1,Stäubli Roboterwartung Service | 8301.1150 Stäubli TS2_100,unknown,8160_J
6107158,b1fe1419d4719ec2,TEF-S-RO,8160-500,1,Stäubli Roboterwartung Service | 8301.1120 Stäubli TS2_80,unknown,8160_J
6107159,b1fe1419d4719ec2,TEF-S-RO,8160-500,1,Stäubli Roboterwartung Service | 8301.1120 Stäubli TS2_80,unknown,8160_J
6107183,efb516af8016686f,TEF-S-RO,8160-500,1,Stäubli Roboterwartung Service | 8401.2160 Stäubli TX2-60,unknown,8160_J
6107184,152399d3ddd18ffd,TEF-S-RO,8160-500,1,Stäubli Roboterwartung Service | 8401.2180 Stäubli TS2-60,unknown,8160_J
6107185,7aa292dadbe9caf1,TEF-S-RO,8160-500,1,Stäubli Roboterwartung Service | 8401.2180 Stäubli TX2-60,unknown,8160_J
6107186,bcca956059158017,TEF-S-RO,8160-500,1,Stäubli Roboterwartung Service | 8401.2185 Stäubli TX2-60,unknown,8160_J
6107176,050c6cb663454197,TEF-S-RO,8160-500,1,Stäubli Roboterwartung Service | 8401.1100 Stäubli RX160,unknown,8160_J
6107178,eaab7bf0a386a083,TEF-S-RO,8160-500,1,Stäubli Roboterwartung Service | 8401.1120 Stäubli TS2_80,unknown,8160_J
6107177,2bfc4da1618339ed,TEF-S-RO,8160-500,1,Stäubli Roboterwartung Service | 8401.1120 Stäubli TS2_60,unknown,8160_J
6107179,a4eb066d23860895,TEF-S-RO,8160-500,1,Stäubli Roboterwartung Service | 8401.1120 Stäubli TX2_60,unknown,8160_J
6107181,f8cabdfb7d092398,TEF-S-RO,8160-500,1,Stäubli Roboterwartung Service | 8401.1130 Stäubli TX2_90,unknown,8160_J
6107180,98ed99c02c83a08e,TEF-S-RO,8160-500,1,Stäubli Roboterwartung Service | 8401.1130 Stäubli TS2_60,unknown,8160_J
6107182,4c6d1773aa735cac,TEF-S-RO,8160-500,1,Stäubli Roboterwartung Service | 8401.1140 Stäubli TX2_60,unknown,8160_J
6107172,36f3ea547317dffb,TEF-S-RO,8160-500,1,Stäubli Roboterwartung Service | 8401.1010 Stäubli TS2_60,unknown,8160_J
6107173,36f3ea547317dffb,TEF-S-RO,8160-500,1,Stäubli Roboterwartung Service | 8401.1010 Stäubli TS2_60,unknown,8160_J
6107174,36da14a9af9780b3,TEF-S-RO,8160-500,1,Stäubli Roboterwartung Service | 8401.1020 Stäubli TX2_60,unknown,8160_J
6107175,36da14a9af9780b3,TEF-S-RO,8160-500,1,Stäubli Roboterwartung Service | 8401.1020 Stäubli TX2_60,unknown,8160_J
6107187,af036e228dab462e,TEF-S-RO,8160-500,1,Stäubli Roboterwartung Service | 8401.2190 Stäubli TS80,unknown,8160_J
6107188,af036e228dab462e,TEF-S-RO,8160-500,1,Stäubli Roboterwartung Service | 8401.2190 Stäubli TS80,unknown,8160_J
6107189,d1c804f0c1aa6729,TEF-S-RO,8160-500,1,Stäubli Roboterwartung Service | 8401.2200 Stäubli TX2_90,unknown,8160_J
6111067,8e10bc5ec5602523,TEF-S-RO,8160-500,1,Stäubli Roboterwartung Service | 8101.1110 Stäubli TX2_60L,unknown,8160_J
6111068,20a658315026e58d,TEF-S-RO,8160-500,1,Stäubli Roboterwartung Service | 8101.1120 Stäubli TS2_40,unknown,8160_J
6111069,198c83554c593a5c,TEF-S-RO,8160-500,1,Stäubli Roboterwartung Service | 8101.1130 Stäubli TX2_60L,unknown,8160_J
6111070,adf86c3815985719,TEF-S-RO,8160-500,1,Stäubli Roboterwartung Service | 8101.1130 Stäubli TS2_60,unknown,8160_J
6111311,16fda29b72747e8e,TEF-S-RO,8160-500,1,Stäubli Roboterwartung Service | 8101.1130 Stäubli TS2_40,unknown,8160_J
6109247,ef4ba4d5c329419c,TEF-S-RO,8160-500,1,Stäubli Roboterwartung Service | 8201.1100 Stäubli TX2-60L,unknown,8160_J
6109248,d60e49da378c23c6,TEF-S-RO,8160-500,1,Stäubli Roboterwartung Service | 8201.1110 Stäubli TX2-60L,unknown,8160_J
6109249,d60e49da378c23c6,TEF-S-RO,8160-500,1,Stäubli Roboterwartung Service | 8201.1110 Stäubli TX2-60L,unknown,8160_J
6109250,0785747ec3f78374,TEF-S-RO,8160-500,1,Stäubli Roboterwartung Service | 8201.1120 Stäubli TX2-60L,unknown,8160_J
6109251,0785747ec3f78374,TEF-S-RO,8160-500,1,Stäubli Roboterwartung Service | 8201.1120 Stäubli TX2-60L,unknown,8160_J
6109252,0e6934c0298822b4,TEF-S-RO,8160-500,1,Stäubli Roboterwartung Service | 8201.1140 Stäubli TX2-60L,unknown,8160_J
6107135,f09f2153bbbe19ac,TEF-S-RO,8160-500,1,Stäubli Roboterwartung Service | 8103.1120 Stäubli TS2_60,unknown,8160_J
6107136,f09f2153bbbe19ac,TEF-S-RO,8160-500,1,Stäubli Roboterwartung Service | 8103.1120 Stäubli TS2_60,unknown,8160_J
6107137,b2ad0128a2382fd5,TEF-S-RO,8160-500,1,Stäubli Roboterwartung Service | 8104.1120 Stäubli TS2_60,unknown,8160_J
6107138,b2ad0128a2382fd5,TEF-S-RO,8160-500,1,Stäubli Roboterwartung Service | 8104.1120 Stäubli TS2_60,unknown,8160_J
6107210,fd85f356f00a0127,TEF-S-RO,8160-500,1,Stäubli Roboterwartung Service | 9203.2110 Stäubli TX2_90,unknown,8160_J
6107209,0838c8f7bf762524,TEF-S-RO,8160-500,1,Stäubli Roboterwartung Service | 9203.2110 Stäubli TX2_60,unknown,8160_J
6107211,6c59e1b121fca110,TEF-S-RO,8160-500,1,Stäubli Roboterwartung Service | 9203.2125 Stäubli TX2_60,unknown,8160_J
6107212,383b890f8863919b,TEF-S-RO,8160-500,1,Stäubli Roboterwartung Service | 9203.2185 Stäubli TS2_60,unknown,8160_J
6107213,c5799141ba0ae3c0,TEF-S-RO,8160-500,1,Stäubli Roboterwartung Service | 9203.2185 Stäubli TX2_90,unknown,8160_J
6107215,8e12005f6923929e,TEF-S-RO,8160-500,1,Stäubli Roboterwartung Service | 9203.2190 Stäubli TX2_90,unknown,8160_J
6107214,c3a664ecc2754746,TEF-S-RO,8160-500,1,Stäubli Roboterwartung Service | 9203.2190 Stäubli TS2_80,unknown,8160_J
6107217,7bc140ca4961630d,TEF-S-RO,8160-500,1,Stäubli Roboterwartung Service | 9303.3118 Stäubli TX2_90,unknown,8160_J
6107216,eafa645fe17dc972,TEF-S-RO,8160-500,1,Stäubli Roboterwartung Service | 9303.3118 Stäubli TS2_80,unknown,8160_J
6107221,f0d963c407a3a9f4,TEF-S-RO,8160-500,1,Stäubli Roboterwartung Service | 9403.4150 Stäubli TX2_60L,unknown,8160_J
6107219,99957f99b3470644,TEF-S-RO,8160-500,1,Stäubli Roboterwartung Service | 9403.4130 Stäubli TX2_60L,unknown,8160_J
6107220,99957f99b3470644,TEF-S-RO,8160-500,1,Stäubli Roboterwartung Service | 9403.4130 Stäubli TX2_60L,unknown,8160_J
6107218,3b5e07b33d5a2049,TEF-S-RO,8160-500,1,Stäubli Roboterwartung Service | 9403.4120 Stäubli TX2_60L,unknown,8160_J
6107224,edf7dc5583ec87ff,TEF-S-RO,8160-500,1,Stäubli Roboterwartung Service | 9503.5150.1.1 Stäubli TX2_60,unknown,8160_J
6107223,a7b1f327d32bfcce,TEF-S-RO,8160-500,1,Stäubli Roboterwartung Service | 9503.5140.2.1 Stäubli TX2_90,unknown,8160_J
6107222,a8ba6cf7dfd78d21,TEF-S-RO,8160-500,1,Stäubli Roboterwartung Service | 9503.5140.1.1 Stäubli TX2_90,unknown,8160_J
6107225,f9571673ac83dfe2,TEF-S-RO,8160-500,1,Stäubli Roboterwartung Service | 9503.5160.1.1 Stäubli TX2_90,unknown,8160_J
6107140,c5d7334675fe7f2d,TEF-S-RO,8160-500,1,Stäubli Roboterwartung Service | 8303.1100 Stäubli TS2_80,unknown,8160_J
6107139,1f5b5378df804bc2,TEF-S-RO,8160-500,1,Stäubli Roboterwartung Service | 8303.1100 Stäubli TS2_100,unknown,8160_J
6107191,cf05600d55698563,TEF-S-RO,8160-500,1,Stäubli Roboterwartung Service | 8303.1120 Stäubli TS2_80,unknown,8160_J
6107192,cf05600d55698563,TEF-S-RO,8160-500,1,Stäubli Roboterwartung Service | 8303.1120 Stäubli TS2_80,unknown,8160_J
6107193,d5d9b8597d7256c4,TEF-S-RO,8160-500,1,Stäubli Roboterwartung Service | 8303.1140 Stäubli TS2_40,unknown,8160_J
6107194,a430eee7198a8a35,TEF-S-RO,8160-500,1,Stäubli Roboterwartung Service | 8303.1150 Stäubli TS2_100,unknown,8160_J
6107199,59315547f1aa485b,TEF-S-RO,8160-500,1,Stäubli Roboterwartung Service | 8402.1120 Stäubli TX2_60,unknown,8160_J
6107201,2f76cb8472ace509,TEF-S-RO,8160-500,1,Stäubli Roboterwartung Service | 8402.1130 Stäubli TX2_90,unknown,8160_J
6107200,e87ca2a1305f5035,TEF-S-RO,8160-500,1,Stäubli Roboterwartung Service | 8402.1130 Stäubli TS2_60,unknown,8160_J
6107202,92087e5aa6ecd2e5,TEF-S-RO,8160-500,1,Stäubli Roboterwartung Service | 8402.1140 Stäubli TX2_60,unknown,8160_J
6107203,f9efe97d14246dd9,TEF-S-RO,8160-500,1,Stäubli Roboterwartung Service | 8402.2160 Stäubli TX2_60,unknown,8160_J
6107204,570d2c9546bc4420,TEF-S-RO,8160-500,1,Stäubli Roboterwartung Service | 8402.2180 Stäubli TS2_60,unknown,8160_J
6107205,63032dd837108c74,TEF-S-RO,8160-500,1,Stäubli Roboterwartung Service | 8402.2180 Stäubli TX2_60,unknown,8160_J
6107206,946a9bb02e4c2590,TEF-S-RO,8160-500,1,Stäubli Roboterwartung Service | 8402.2185 Stäubli TX2-60,unknown,8160_J
6107207,f5ae7ba06c01310a,TEF-S-RO,8160-500,1,Stäubli Roboterwartung Service | 8402.2190 Stäubli TS2_80,unknown,8160_J
6107208,f5ae7ba06c01310a,TEF-S-RO,8160-500,1,Stäubli Roboterwartung Service | 8402.2190 Stäubli TS2_80,unknown,8160_J
6107195,aa8a633f6a57d866,TEF-S-RO,8160-500,1,Stäubli Roboterwartung Service | 8402.1010 Stäubli TS2_60,unknown,8160_J
6107196,aa8a633f6a57d866,TEF-S-RO,8160-500,1,Stäubli Roboterwartung Service | 8402.1010 Stäubli TS2_60,unknown,8160_J
6107197,f18adc48f12291cb,TEF-S-RO,8160-500,1,Stäubli Roboterwartung Service | 8402.1020 Stäubli TS2_60,unknown,8160_J
6107198,f18adc48f12291cb,TEF-S-RO,8160-500,1,Stäubli Roboterwartung Service | 8402.1020 Stäubli TS2_60,unknown,8160_J
6058481,12ea5fcb432174ea,TEF1-SI,8160-001,0,Durchführung Selbstaudit Voith 6M,half_year,8160_M
6054107,ae9c17eb099fd169,TEF1-SI,8160-920,1,Terminabstimmung Wartung Röntgenanlage | COS Roentgenanlage VISCOM X 8011-16,unknown,UBK_W1
6092250,8edd7cdaaa5c9219,TEF1-WEL,8160-920,1,Elektrische Überprüfung 3M | TEF1-W 3D-Drucker Stratasys F370CR,quarter,8160_M
6025847,1a6e0fc6e309e82c,TEF1-WME,8160-001,1,Wartungsplan Hoyer - Anlage 13/26W | COS EXTRA RAKELWERK (HOYER-ANLAGE),week,UBK_W1
6082609,92d4c9fb3f583a77,TEF1-WME,8160-920,1,TPM Wartungsplan 3D Drucker 12W | TEF1-W 3D-Drucker Fortus 250 mc,week,8160_W
6095044,770f95552cb21b0c,TEF1-WME,8160-920,1,wöchentliche Reinigung 1W | TEF1-W 3D-Drucker Stratasys F370CR,week,8160_W
6095757,883b051032cc7d2e,TEF1-WME,8160-920,1,Kalibrierung 4W | TEF1-W 3D-Drucker Stratasys F370CR,week,UBK_W1
6097205,edf9dd587c76e6ae,TEF1-WME,8160-920,1,Kontrolle Drahtfluss 1W | TEF1-W 3D-Drucker Stratasys F370CR,week,8160_W
6101727,0499fcf085f923c5,TEF1-WME,8160-920,1,Überprüfung Trocknungsgrad 1W | TEF1-W 3D-Drucker Stratasys F370CR,week,8160_W
6080872,890e863403067162,TEF1-WME,8160-920,1,TPM Wartungsplan ISEL CNC Maschine | TEF1-W Isel-CNC-Maschine ICV 4030,unknown,8160_W
6081669,c43201e3a9aac7fa,TEF1-WME,8160-920,1,TPM Wartungsplan Drehmaschine Wabeco | TEF1-W DREHMASCHINE Wabeco D6000,unknown,8160_W
6107633,8947b85485032b4d,TEF1-WSM,8160-100,1,Wassereingangssieb prüfen/ reinigen 12W | Temp.gerät HB-180Z2 Nr. 2127-002,week,8160_W
6107634,3c71206de5525992,TEF1-WSM,8160-100,1,Wassereingangssieb prüfen/ reinigen 12W | Temp.gerät HB-180Z2 Nr. 2127-003,week,8160_W
6107635,457d0e1f44b2fb0a,TEF1-WSM,8160-100,1,Wassereingangssieb prüfen/ reinigen 12W | Temp.gerät HB-100Z1 Nr. 2127-004,week,8160_W
6107636,614b2f8e987a5725,TEF1-WSM,8160-100,1,Wassereingangssieb prüfen/ reinigen 12W | Temp.gerät HB-180Z2 Nr. 1936-091,week,8160_W
6107637,0e161496838d289c,TEF1-WSM,8160-100,1,Wassereingangssieb prüfen/ reinigen 12W | Temp.gerät HB-180Z2 Nr. 1936-092,week,8160_W
6107638,adedbab9d2025ad5,TEF1-WSM,8160-100,1,Wassereingangssieb prüfen/ reinigen 12W | Temp.gerät HB-100Z1 Nr. 1936-093,week,8160_W
6107639,755b8faebf831efc,TEF1-WSM,8160-100,1,Wassereingangssieb prüfen/ reinigen 12W | Temp.gerät HB-180Z2 Nr. 1936-090,week,8160_W
6107640,88f79a20e0137952,TEF1-WSM,8160-100,1,Wassereingangssieb prüfen/ reinigen 12W | Temp.gerät HB-180Z2 Nr. 1936-089,week,8160_W
6107671,ffafbabfa16af95c,TEF1-WSM,8160-100,1,Wassereingangssieb prüfen/ reinigen 12W | Temp.gerät HB-100Z1 Nr. 1936-094,week,8160_W
6107672,60fc78f52c3d2526,TEF1-WSM,8160-100,1,Wassereingangssieb prüfen/ reinigen 12W | Temp.gerät HB-180Z2 Nr. 2146-201,week,8160_W
6107673,f7b22d17924871ee,TEF1-WSM,8160-100,1,Wassereingangssieb prüfen/ reinigen 12W | Temp.gerät HB-180Z2 Nr. 2146-200,week,8160_W
6107674,6b78dc5bee8d86ed,TEF1-WSM,8160-100,1,Wassereingangssieb prüfen/ reinigen 12W | Temp.gerät HB-100Z1 Nr. 2146-202,week,8160_W
6107675,80b6fd4ea6b576b7,TEF1-WSM,8160-100,1,Wassereingangssieb prüfen/ reinigen 12W | Temp.gerät HB-100Z61 Nr. 2301-046,week,8160_W
6107676,e60db7ee06998b1f,TEF1-WSM,8160-100,1,Wassereingangssieb prüfen/ reinigen 12W | Temp.gerät HB-100Z61 Nr. 2301-047,week,8160_W
6107677,4f9b72866efc200e,TEF1-WSM,8160-100,1,Wassereingangssieb prüfen/ reinigen 12W | Temp.gerät HB-180Z2 Nr. 1936-087,week,8160_W
6107678,82c3d262bdf915ef,TEF1-WSM,8160-100,1,Wassereingangssieb prüfen/ reinigen 12W | Temp.gerät HB-180Z2 Nr. 1936-088,week,8160_W
6107679,091f41ffd7abedab,TEF1-WSM,8160-100,1,Wassereingangssieb prüfen/ reinigen 12W | Temp.gerät HB-180Z1 Nr. 2246-290,week,8160_W
6107680,90ee564c140a8c63,TEF1-WSM,8160-100,1,Wassereingangssieb prüfen/ reinigen 12W | Temp.gerät HB-160Z61 Nr. 2341-104,week,8160_W
6107681,64d454da6731d85a,TEF1-WSM,8160-100,1,Wassereingangssieb prüfen/ reinigen 12W | Temp.gerät HB-160Z61 Nr. 2341-105,week,8160_W
6107682,75c616cfda8bc91a,TEF1-WSM,8160-100,1,Wassereingangssieb prüfen/ reinigen 12W | Temp.gerät HB-100Z61 Nr. 2410-040,week,8160_W
6108011,d3560f4b31a04daf,TEF1-WSM,8160-100,1,Wassereingangssieb prüfen/ reinigen 12W | Temp.gerät HB-180Z2 Nr. 2434-110,week,8160_W
6107129,eb4946c382028de3,TEF1-WSM,8160-110,0,Filterreinigungsarbeiten L1503 2W,week,8160_W
6107127,4fd08e7d5aaafb7d,TEF1-WSM,8160-110,0,Filterreinigungsarbeiten L1214 2W,week,8160_W
6105364,a214639be27dbacc,TEF1-WSM,8160-110,0,Filterreinigungsarbeiten L1217 2W,week,8160_W
6105365,a76a3703104d5564,TEF1-WSM,8160-110,0,Filterreinigungsarbeiten L1401 2W,week,8160_W
6093206,74744258bdf81950,TEF1-WSM,8160-110,1,Unterstützung bei Wartung SGM 143 | 1401 M3.1 SGM 143 e-drive Düse 8mm,unknown,UBK_W1
6093207,45b610b651ec312a,TEF1-WSM,8160-110,1,Unterstützung bei Wartung SGM 145 | 1401 M3.2 SGM 145 e-drive Düse 8mm,unknown,UBK_W1
6105366,2699e343b1fa119d,TEF1-WSM,8160-110,0,Filterreinigungsarbeiten L1411 2W,week,8160_W
6098470,2c9b6633c4b66fa8,TEF1-WSM,8160-110,1,Unterstützung bei Wartung SGM 147 | 1411 M3.3 SGM 147 e-drive Düse 8mm,unknown,UBK_W1
6107128,baa914b18f787aca,TEF1-WSM,8160-111,0,Filterreinigungsarbeiten L1710 2W,week,8160_W
6017620,dc15f98bb78287c8,TEF311AV,8160-001,1,Filterwechsel Kemper Filteranlage | Kemper Mechanisches Filter am US-Bad,unknown,UBK_W1
6033367,5d06769e5e2a9e88,TEF311ME,8160-001,1,Maximator: Wartungsplan 3/52W | COS Prüfstand Abgleichen,week,UBK_W1
6017283,3ba5260fc03ee962,TEF311ME,8160-920,0,Sammelwartungsplan COS,unknown,UBK_W1
6109048,c51c4d275fc112f5,TEF311ME,8160-920,1,Mechanik Vakuum-Pumpe 91T | HTV-T Dispensen Q3,day,8160_W
6109050,8f5af6714fe61b9b,TEF311ME,8160-920,1,Wartungsplan Infotech Vergelen 1M/3M | HTV-T Dispensen Q3,multiple,UBK_W1
6074621,3315d113eebfbe79,TEF311ME,8160-980,1,Wartung Fräsmaschine Emcomat FB-3 L | Fräsmaschine EMCO FB-3 L,unknown,8160_W
6013828,b3899c29f96f175b,TEF311W2,8160-001,1,Wartungsaktivitäten Röders | HSC-FRÄSMASCHINE Röders RFM 600 DSP,unknown,UBK_W1
6013835,b8e1e0ccd71f29f0,TEF311W2,8160-920,1,Wartungsaktivitäten Hermle intern | FRÄSMASCHINE Hermle U 1130,unknown,UBK_W1
6013836,a22e927e1f80f0ea,TEF311W2,8160-920,1,Wartungsaktivitäten Hermle extern | FRÄSMASCHINE Hermle U 1130,unknown,UBK_M1
6067917,e82fe302e4c41f5f,TEF311W2,8160-920,1,Reinigung Fräsmaschine 1W | HSC-FRÄSMASCHINE GF mit Automatisation,week,8160_W
6096721,e82fe302e4c41f5f,TEF311W2,8160-920,1,Reinigung Fräsmaschine 1W | HSC-FRÄSMASCHINE GF mit Automatisation,week,8160_W
6105008,a8ba8870e0386fca,TEF311W2,8160-920,1,Reinigung & Wartung laut Anzeige 1W | FRÄSMASCHINE Hermle U 1130,week,8160_W
6018420,67a9b20536b74a38,TEF311W3,8160-920,1,"Wartungsaktivitäten TUS 80 | TEF2, Tuschierpresse TUS 80-100",unknown,UBK_W1
6013834,9494e4ab900769b5,TEF311W3,8160-920,1,Wartungsaktivitäten Peenmatic | Microstrahlanlage Peenmatic 620 S,unknown,UBK_W1
6054106,9ba5eccf4db104a9,TEF33-AM,8160-100,1,Terminabstimmung mit M. Hossfeld | MST Roentgenanlage VISCOM X 8011-SA,unknown,UBK_W1
6004828,188faaf353177efb,TEF33-AM,8160-420,1,"Laser-Wartung | FPM2.2, Rundteller Kunststoffschweißen",unknown,UBK_W1
6017900,d97b48c9ec6f6969,TEF33-AM,8160-420,1,Ultraschall Schweißen - Service 52W | Montageeinrichtung Sportplatte,week,UBK_W1
6051941,2ee9d83010ab25e4,TEF33-AM,8160-451,1,Jahreswart. Feuerlöscheinricht.Lötanl.1J | *Gefahr!* EMP 7150_2 Löten 1 Lötanlage,year,8160_W
6061814,1cd235d23121820e,TEF33-AM,8160-451,1,Jahreswart. Feuerlöscheinricht.Lötanl.1J | *Gefahr!* EMP 7270_2 Löten 2 Lötanlage,year,8160_W
6111224,4b2e64db9892a7eb,TEF33-JD,8160-500,1,Achse 9301_3180_0001_1_101S2A710_Ch1 | 9301.3180 Prüfen Deckelschweissung,unknown,8160_M
6057634,ce7d3dee86db085a,TEF33-JD,8160-920,1,test | Zahnriemenschweißgerät,unknown,8160_M
6060001,463b6b58082729b5,TEF33-JD,8160-920,0,Wartungsplan Röntgenanlage 12M,month,8160_M
6069195,7f0bcb538d728b82,TEF33-RW,8160-230,1,Wartung Beschriftungslaser 365T | HPS L5 Laser DMC Beschriften,day,8160_W
6019533,6232e39bc2d76784,TGA,8160-004,1,Wartung nach Wartungshandbuch | SENKERODIERANLAGE AGIETRON SPIRIT 2,unknown,UBK_W1
